INSERT INTO provider_query (provider_id, provider_query_id, share_exchange, name) VALUES (4, 8, 0, 'Reuters Closing Dummy');

INSERT INTO provider_query_security_symbol (provider_id, provider_query_id, isin, symbol)
(SELECT provider_id, 8, isin, symbol FROM provider_symbol WHERE provider_id = 4);

INSERT INTO index_masterdata (masterdata_id, name, currency) VALUES (1, 'ROBO Global® Robotics and Automation Price Index', 'USD');

INSERT INTO index_variation (variation_id, masterdata_id, name) VALUES (1, 1, 'Calc from Robo Excels');

INSERT INTO index_variation_provider_security (provider_query_id, variation_id, isin, symbol, valid_from, valid_to)
(SELECT 8, 1, isin, symbol, '1998-01-01', '2039-12-30' FROM provider_query_security_symbol WHERE provider_query_id = 8);

INSERT INTO index_variation_timespan (timespan_id, variation_id, valid_from, valid_to) VALUES (1, 1, '2018-11-30', '2018-12-01');
INSERT INTO index_variation_security (timespan_id, isin, fraction) VALUES (1, 'KR7098460009', 0.188152);
INSERT INTO index_variation_security (timespan_id, isin, fraction) VALUES (1, 'KYG014081064', 1.541009);
INSERT INTO index_variation_security (timespan_id, isin, fraction) VALUES (1, 'TW0002049004', 2.708879);
INSERT INTO index_variation_security (timespan_id, isin, fraction) VALUES (1, 'TW0002308004', 3.324998);
INSERT INTO index_variation_security (timespan_id, isin, fraction) VALUES (1, 'TW0002395001', 1.954450);
INSERT INTO index_variation_security (timespan_id, isin, fraction) VALUES (1, 'TW0003443008', 1.161340);
INSERT INTO index_variation_security (timespan_id, isin, fraction) VALUES (1, 'JP3592600005', 0.381886);
INSERT INTO index_variation_security (timespan_id, isin, fraction) VALUES (1, 'JP3102400003', 0.973944);
INSERT INTO index_variation_security (timespan_id, isin, fraction) VALUES (1, 'JP3809200003', 0.818343);
INSERT INTO index_variation_security (timespan_id, isin, fraction) VALUES (1, 'JP3651210001', 0.926391);
INSERT INTO index_variation_security (timespan_id, isin, fraction) VALUES (1, 'JP3162600005', 0.043527);
INSERT INTO index_variation_security (timespan_id, isin, fraction) VALUES (1, 'JP3765150002', 0.540024);
INSERT INTO index_variation_security (timespan_id, isin, fraction) VALUES (1, 'JP3497400006', 0.486311);
INSERT INTO index_variation_security (timespan_id, isin, fraction) VALUES (1, 'JP3124400007', 0.631810);
INSERT INTO index_variation_security (timespan_id, isin, fraction) VALUES (1, 'JP3813200007', 0.289949);
INSERT INTO index_variation_security (timespan_id, isin, fraction) VALUES (1, 'JP3539250005', 0.537661);
INSERT INTO index_variation_security (timespan_id, isin, fraction) VALUES (1, 'JP3944500002', 0.351416);
INSERT INTO index_variation_security (timespan_id, isin, fraction) VALUES (1, 'JP3902400005', 1.006151);
INSERT INTO index_variation_security (timespan_id, isin, fraction) VALUES (1, 'JP3932000007', 0.780775);
INSERT INTO index_variation_security (timespan_id, isin, fraction) VALUES (1, 'JP3497800007', 0.334019);
INSERT INTO index_variation_security (timespan_id, isin, fraction) VALUES (1, 'JP3197800000', 0.549061);
INSERT INTO index_variation_security (timespan_id, isin, fraction) VALUES (1, 'JP3955000009', 0.658855);
INSERT INTO index_variation_security (timespan_id, isin, fraction) VALUES (1, 'JP3236200006', 0.042946);
INSERT INTO index_variation_security (timespan_id, isin, fraction) VALUES (1, 'JP3197700002', 0.565889);
INSERT INTO index_variation_security (timespan_id, isin, fraction) VALUES (1, 'JP3802400006', 0.123399);
INSERT INTO index_variation_security (timespan_id, isin, fraction) VALUES (1, 'JP3630400004', 0.795407);
INSERT INTO index_variation_security (timespan_id, isin, fraction) VALUES (1, 'CH0012221716', 0.559664);
INSERT INTO index_variation_security (timespan_id, isin, fraction) VALUES (1, 'US0527691069', 0.087287);
INSERT INTO index_variation_security (timespan_id, isin, fraction) VALUES (1, 'DE000A111338', 0.194998);
INSERT INTO index_variation_security (timespan_id, isin, fraction) VALUES (1, 'KYG037AX1015', 0.334977);
INSERT INTO index_variation_security (timespan_id, isin, fraction) VALUES (1, 'JE00B783TY65', 0.154400);
INSERT INTO index_variation_security (timespan_id, isin, fraction) VALUES (1, 'US0043971052', 1.455799);
INSERT INTO index_variation_security (timespan_id, isin, fraction) VALUES (1, 'CA0019401052', 0.773037);
INSERT INTO index_variation_security (timespan_id, isin, fraction) VALUES (1, 'US0080731088', 0.228780);
INSERT INTO index_variation_security (timespan_id, isin, fraction) VALUES (1, 'US1143401024', 0.636288);
INSERT INTO index_variation_security (timespan_id, isin, fraction) VALUES (1, 'US1273871087', 0.280374);
INSERT INTO index_variation_security (timespan_id, isin, fraction) VALUES (1, 'FI0009013429', 0.292877);
INSERT INTO index_variation_security (timespan_id, isin, fraction) VALUES (1, 'US1924221039', 0.433271);
INSERT INTO index_variation_security (timespan_id, isin, fraction) VALUES (1, 'FR0000130650', 0.087510);
INSERT INTO index_variation_security (timespan_id, isin, fraction) VALUES (1, 'US88554D2053', 0.699278);
INSERT INTO index_variation_security (timespan_id, isin, fraction) VALUES (1, 'US2441991054', 0.088197);
INSERT INTO index_variation_security (timespan_id, isin, fraction) VALUES (1, 'DE0005565204', 0.299271);
INSERT INTO index_variation_security (timespan_id, isin, fraction) VALUES (1, 'SE0000163628', 0.979835);
INSERT INTO index_variation_security (timespan_id, isin, fraction) VALUES (1, 'US3116421021', 0.294114);
INSERT INTO index_variation_security (timespan_id, isin, fraction) VALUES (1, 'US3024451011', 0.370109);
INSERT INTO index_variation_security (timespan_id, isin, fraction) VALUES (1, 'DE0006602006', 0.353924);
INSERT INTO index_variation_security (timespan_id, isin, fraction) VALUES (1, 'SE0000103699', 0.223856);
INSERT INTO index_variation_security (timespan_id, isin, fraction) VALUES (1, 'US42330P1075', 1.467933);
INSERT INTO index_variation_security (timespan_id, isin, fraction) VALUES (1, 'VGG456671053', 0.944993);
INSERT INTO index_variation_security (timespan_id, isin, fraction) VALUES (1, 'US4523271090', 0.037736);
INSERT INTO index_variation_security (timespan_id, isin, fraction) VALUES (1, 'US44980X1090', 0.145909);
INSERT INTO index_variation_security (timespan_id, isin, fraction) VALUES (1, 'US4627261005', 0.222230);
INSERT INTO index_variation_security (timespan_id, isin, fraction) VALUES (1, 'DE0005488100', 0.233450);
INSERT INTO index_variation_security (timespan_id, isin, fraction) VALUES (1, 'US46120E6023', 0.042710);
INSERT INTO index_variation_security (timespan_id, isin, fraction) VALUES (1, 'US4778391049', 0.108505);
INSERT INTO index_variation_security (timespan_id, isin, fraction) VALUES (1, 'DE000A2NB601', 0.337556);
INSERT INTO index_variation_security (timespan_id, isin, fraction) VALUES (1, 'CH0100837282', 0.076075);
INSERT INTO index_variation_security (timespan_id, isin, fraction) VALUES (1, 'DE000KGX8881', 0.208082);
INSERT INTO index_variation_security (timespan_id, isin, fraction) VALUES (1, 'DE0006335003', 0.207050);
INSERT INTO index_variation_security (timespan_id, isin, fraction) VALUES (1, 'US5339001068', 0.142379);
INSERT INTO index_variation_security (timespan_id, isin, fraction) VALUES (1, 'US5627501092', 0.224492);
INSERT INTO index_variation_security (timespan_id, isin, fraction) VALUES (1, 'CA57778L1031', 0.392092);
INSERT INTO index_variation_security (timespan_id, isin, fraction) VALUES (1, 'US5950171042', 0.156780);
INSERT INTO index_variation_security (timespan_id, isin, fraction) VALUES (1, 'IL0011068553', 0.772873);
INSERT INTO index_variation_security (timespan_id, isin, fraction) VALUES (1, 'US6365181022', 0.270192);
INSERT INTO index_variation_security (timespan_id, isin, fraction) VALUES (1, 'US6556631025', 0.091475);
INSERT INTO index_variation_security (timespan_id, isin, fraction) VALUES (1, 'CA67000B1040', 0.172116);
INSERT INTO index_variation_security (timespan_id, isin, fraction) VALUES (1, 'US67020Y1001', 0.788647);
INSERT INTO index_variation_security (timespan_id, isin, fraction) VALUES (1, 'US67066G1040', 0.084515);
INSERT INTO index_variation_security (timespan_id, isin, fraction) VALUES (1, 'GB00B3MBS747', 1.028408);
INSERT INTO index_variation_security (timespan_id, isin, fraction) VALUES (1, 'US6752321025', 0.870317);
INSERT INTO index_variation_security (timespan_id, isin, fraction) VALUES (1, 'US69370C1009', 0.131654);
INSERT INTO index_variation_security (timespan_id, isin, fraction) VALUES (1, 'US7475251036', 0.185004);
INSERT INTO index_variation_security (timespan_id, isin, fraction) VALUES (1, 'NL0012169213', 0.341657);
INSERT INTO index_variation_security (timespan_id, isin, fraction) VALUES (1, 'US7542121089', 0.269020);
INSERT INTO index_variation_security (timespan_id, isin, fraction) VALUES (1, 'US7739031091', 0.125212);
INSERT INTO index_variation_security (timespan_id, isin, fraction) VALUES (1, 'GB0007323586', 0.196939);
INSERT INTO index_variation_security (timespan_id, isin, fraction) VALUES (1, 'FR0000121972', 0.174273);
INSERT INTO index_variation_security (timespan_id, isin, fraction) VALUES (1, 'DE0007236101', 0.103887);
INSERT INTO index_variation_security (timespan_id, isin, fraction) VALUES (1, 'IL0011267213', 0.563661);
INSERT INTO index_variation_security (timespan_id, isin, fraction) VALUES (1, 'US8793601050', 0.053864);
INSERT INTO index_variation_security (timespan_id, isin, fraction) VALUES (1, 'CH0012100191', 0.053654);
INSERT INTO index_variation_security (timespan_id, isin, fraction) VALUES (1, 'US8807701029', 0.327974);
INSERT INTO index_variation_security (timespan_id, isin, fraction) VALUES (1, 'US8962391004', 0.306944);
INSERT INTO index_variation_security (timespan_id, isin, fraction) VALUES (1, 'CH0033361673', 0.088844);
INSERT INTO index_variation_security (timespan_id, isin, fraction) VALUES (1, 'US92220P1057', 0.122201);
INSERT INTO index_variation_security (timespan_id, isin, fraction) VALUES (1, 'US9839191015', 0.168660);
INSERT INTO index_variation_security (timespan_id, isin, fraction) VALUES (1, 'US9892071054', 0.136903);

INSERT INTO index_variation_timespan (timespan_id, variation_id, valid_from, valid_to) VALUES (2, 1, '2018-12-03', '2018-12-04');
INSERT INTO index_variation_security (timespan_id, isin, fraction) VALUES (2, 'KR7098460009', 0.188152);
INSERT INTO index_variation_security (timespan_id, isin, fraction) VALUES (2, 'KYG014081064', 1.541009);
INSERT INTO index_variation_security (timespan_id, isin, fraction) VALUES (2, 'TW0002049004', 2.708879);
INSERT INTO index_variation_security (timespan_id, isin, fraction) VALUES (2, 'TW0002308004', 3.324998);
INSERT INTO index_variation_security (timespan_id, isin, fraction) VALUES (2, 'TW0002395001', 1.954450);
INSERT INTO index_variation_security (timespan_id, isin, fraction) VALUES (2, 'TW0003443008', 1.161340);
INSERT INTO index_variation_security (timespan_id, isin, fraction) VALUES (2, 'JP3592600005', 0.381886);
INSERT INTO index_variation_security (timespan_id, isin, fraction) VALUES (2, 'JP3102400003', 0.973944);
INSERT INTO index_variation_security (timespan_id, isin, fraction) VALUES (2, 'JP3809200003', 0.818343);
INSERT INTO index_variation_security (timespan_id, isin, fraction) VALUES (2, 'JP3651210001', 0.926391);
INSERT INTO index_variation_security (timespan_id, isin, fraction) VALUES (2, 'JP3162600005', 0.043527);
INSERT INTO index_variation_security (timespan_id, isin, fraction) VALUES (2, 'JP3765150002', 0.540024);
INSERT INTO index_variation_security (timespan_id, isin, fraction) VALUES (2, 'JP3497400006', 0.486311);
INSERT INTO index_variation_security (timespan_id, isin, fraction) VALUES (2, 'JP3124400007', 0.631810);
INSERT INTO index_variation_security (timespan_id, isin, fraction) VALUES (2, 'JP3813200007', 0.289949);
INSERT INTO index_variation_security (timespan_id, isin, fraction) VALUES (2, 'JP3539250005', 0.537661);
INSERT INTO index_variation_security (timespan_id, isin, fraction) VALUES (2, 'JP3944500002', 0.351416);
INSERT INTO index_variation_security (timespan_id, isin, fraction) VALUES (2, 'JP3902400005', 1.006151);
INSERT INTO index_variation_security (timespan_id, isin, fraction) VALUES (2, 'JP3932000007', 0.780775);
INSERT INTO index_variation_security (timespan_id, isin, fraction) VALUES (2, 'JP3497800007', 0.334019);
INSERT INTO index_variation_security (timespan_id, isin, fraction) VALUES (2, 'JP3197800000', 0.549061);
INSERT INTO index_variation_security (timespan_id, isin, fraction) VALUES (2, 'JP3955000009', 0.658855);
INSERT INTO index_variation_security (timespan_id, isin, fraction) VALUES (2, 'JP3236200006', 0.042946);
INSERT INTO index_variation_security (timespan_id, isin, fraction) VALUES (2, 'JP3197700002', 0.565889);
INSERT INTO index_variation_security (timespan_id, isin, fraction) VALUES (2, 'JP3802400006', 0.123399);
INSERT INTO index_variation_security (timespan_id, isin, fraction) VALUES (2, 'JP3630400004', 0.795407);
INSERT INTO index_variation_security (timespan_id, isin, fraction) VALUES (2, 'CH0012221716', 0.559664);
INSERT INTO index_variation_security (timespan_id, isin, fraction) VALUES (2, 'US0527691069', 0.087287);
INSERT INTO index_variation_security (timespan_id, isin, fraction) VALUES (2, 'DE000A111338', 0.194998);
INSERT INTO index_variation_security (timespan_id, isin, fraction) VALUES (2, 'KYG037AX1015', 0.334977);
INSERT INTO index_variation_security (timespan_id, isin, fraction) VALUES (2, 'JE00B783TY65', 0.154400);
INSERT INTO index_variation_security (timespan_id, isin, fraction) VALUES (2, 'US0043971052', 1.455799);
INSERT INTO index_variation_security (timespan_id, isin, fraction) VALUES (2, 'CA0019401052', 0.773037);
INSERT INTO index_variation_security (timespan_id, isin, fraction) VALUES (2, 'US0080731088', 0.228780);
INSERT INTO index_variation_security (timespan_id, isin, fraction) VALUES (2, 'US1143401024', 0.636288);
INSERT INTO index_variation_security (timespan_id, isin, fraction) VALUES (2, 'US1273871087', 0.280374);
INSERT INTO index_variation_security (timespan_id, isin, fraction) VALUES (2, 'FI0009013429', 0.292877);
INSERT INTO index_variation_security (timespan_id, isin, fraction) VALUES (2, 'US1924221039', 0.433271);
INSERT INTO index_variation_security (timespan_id, isin, fraction) VALUES (2, 'FR0000130650', 0.087510);
INSERT INTO index_variation_security (timespan_id, isin, fraction) VALUES (2, 'US88554D2053', 0.699278);
INSERT INTO index_variation_security (timespan_id, isin, fraction) VALUES (2, 'US2441991054', 0.088197);
INSERT INTO index_variation_security (timespan_id, isin, fraction) VALUES (2, 'DE0005565204', 0.299271);
INSERT INTO index_variation_security (timespan_id, isin, fraction) VALUES (2, 'SE0000163628', 0.979835);
INSERT INTO index_variation_security (timespan_id, isin, fraction) VALUES (2, 'US3116421021', 0.294114);
INSERT INTO index_variation_security (timespan_id, isin, fraction) VALUES (2, 'US3024451011', 0.370109);
INSERT INTO index_variation_security (timespan_id, isin, fraction) VALUES (2, 'DE0006602006', 0.353924);
INSERT INTO index_variation_security (timespan_id, isin, fraction) VALUES (2, 'SE0000103699', 0.223856);
INSERT INTO index_variation_security (timespan_id, isin, fraction) VALUES (2, 'US42330P1075', 1.467933);
INSERT INTO index_variation_security (timespan_id, isin, fraction) VALUES (2, 'VGG456671053', 0.944993);
INSERT INTO index_variation_security (timespan_id, isin, fraction) VALUES (2, 'US4523271090', 0.037736);
INSERT INTO index_variation_security (timespan_id, isin, fraction) VALUES (2, 'US44980X1090', 0.145909);
INSERT INTO index_variation_security (timespan_id, isin, fraction) VALUES (2, 'US4627261005', 0.222230);
INSERT INTO index_variation_security (timespan_id, isin, fraction) VALUES (2, 'DE0005488100', 0.233450);
INSERT INTO index_variation_security (timespan_id, isin, fraction) VALUES (2, 'US46120E6023', 0.042710);
INSERT INTO index_variation_security (timespan_id, isin, fraction) VALUES (2, 'US4778391049', 0.108505);
INSERT INTO index_variation_security (timespan_id, isin, fraction) VALUES (2, 'DE000A2NB601', 0.337556);
INSERT INTO index_variation_security (timespan_id, isin, fraction) VALUES (2, 'CH0100837282', 0.076075);
INSERT INTO index_variation_security (timespan_id, isin, fraction) VALUES (2, 'DE000KGX8881', 0.208082);
INSERT INTO index_variation_security (timespan_id, isin, fraction) VALUES (2, 'DE0006335003', 0.207050);
INSERT INTO index_variation_security (timespan_id, isin, fraction) VALUES (2, 'US5339001068', 0.142379);
INSERT INTO index_variation_security (timespan_id, isin, fraction) VALUES (2, 'US5627501092', 0.224492);
INSERT INTO index_variation_security (timespan_id, isin, fraction) VALUES (2, 'CA57778L1031', 0.392092);
INSERT INTO index_variation_security (timespan_id, isin, fraction) VALUES (2, 'US5950171042', 0.156780);
INSERT INTO index_variation_security (timespan_id, isin, fraction) VALUES (2, 'IL0011068553', 0.772873);
INSERT INTO index_variation_security (timespan_id, isin, fraction) VALUES (2, 'US6365181022', 0.270192);
INSERT INTO index_variation_security (timespan_id, isin, fraction) VALUES (2, 'US6556631025', 0.091475);
INSERT INTO index_variation_security (timespan_id, isin, fraction) VALUES (2, 'CA67000B1040', 0.172116);
INSERT INTO index_variation_security (timespan_id, isin, fraction) VALUES (2, 'US67020Y1001', 0.788647);
INSERT INTO index_variation_security (timespan_id, isin, fraction) VALUES (2, 'US67066G1040', 0.084515);
INSERT INTO index_variation_security (timespan_id, isin, fraction) VALUES (2, 'GB00B3MBS747', 1.028408);
INSERT INTO index_variation_security (timespan_id, isin, fraction) VALUES (2, 'US6752321025', 0.870317);
INSERT INTO index_variation_security (timespan_id, isin, fraction) VALUES (2, 'US69370C1009', 0.131654);
INSERT INTO index_variation_security (timespan_id, isin, fraction) VALUES (2, 'US7475251036', 0.185004);
INSERT INTO index_variation_security (timespan_id, isin, fraction) VALUES (2, 'NL0012169213', 0.341657);
INSERT INTO index_variation_security (timespan_id, isin, fraction) VALUES (2, 'US7542121089', 0.269020);
INSERT INTO index_variation_security (timespan_id, isin, fraction) VALUES (2, 'US7739031091', 0.125212);
INSERT INTO index_variation_security (timespan_id, isin, fraction) VALUES (2, 'GB0007323586', 0.196939);
INSERT INTO index_variation_security (timespan_id, isin, fraction) VALUES (2, 'FR0000121972', 0.174273);
INSERT INTO index_variation_security (timespan_id, isin, fraction) VALUES (2, 'DE0007236101', 0.103887);
INSERT INTO index_variation_security (timespan_id, isin, fraction) VALUES (2, 'IL0011267213', 0.563661);
INSERT INTO index_variation_security (timespan_id, isin, fraction) VALUES (2, 'US8793601050', 0.053864);
INSERT INTO index_variation_security (timespan_id, isin, fraction) VALUES (2, 'CH0012100191', 0.053654);
INSERT INTO index_variation_security (timespan_id, isin, fraction) VALUES (2, 'US8807701029', 0.327974);
INSERT INTO index_variation_security (timespan_id, isin, fraction) VALUES (2, 'US8962391004', 0.306944);
INSERT INTO index_variation_security (timespan_id, isin, fraction) VALUES (2, 'CH0033361673', 0.088844);
INSERT INTO index_variation_security (timespan_id, isin, fraction) VALUES (2, 'US92220P1057', 0.122201);
INSERT INTO index_variation_security (timespan_id, isin, fraction) VALUES (2, 'US9839191015', 0.168660);
INSERT INTO index_variation_security (timespan_id, isin, fraction) VALUES (2, 'US9892071054', 0.136903);

INSERT INTO index_variation_timespan (timespan_id, variation_id, valid_from, valid_to) VALUES (3, 1, '2018-12-04', '2018-12-05');
INSERT INTO index_variation_security (timespan_id, isin, fraction) VALUES (3, 'KR7098460009', 0.188152);
INSERT INTO index_variation_security (timespan_id, isin, fraction) VALUES (3, 'KYG014081064', 1.541009);
INSERT INTO index_variation_security (timespan_id, isin, fraction) VALUES (3, 'TW0002049004', 2.708879);
INSERT INTO index_variation_security (timespan_id, isin, fraction) VALUES (3, 'TW0002308004', 3.324998);
INSERT INTO index_variation_security (timespan_id, isin, fraction) VALUES (3, 'TW0002395001', 1.954450);
INSERT INTO index_variation_security (timespan_id, isin, fraction) VALUES (3, 'TW0003443008', 1.161340);
INSERT INTO index_variation_security (timespan_id, isin, fraction) VALUES (3, 'JP3592600005', 0.381886);
INSERT INTO index_variation_security (timespan_id, isin, fraction) VALUES (3, 'JP3102400003', 0.973944);
INSERT INTO index_variation_security (timespan_id, isin, fraction) VALUES (3, 'JP3809200003', 0.818343);
INSERT INTO index_variation_security (timespan_id, isin, fraction) VALUES (3, 'JP3651210001', 0.926391);
INSERT INTO index_variation_security (timespan_id, isin, fraction) VALUES (3, 'JP3162600005', 0.043527);
INSERT INTO index_variation_security (timespan_id, isin, fraction) VALUES (3, 'JP3765150002', 0.540024);
INSERT INTO index_variation_security (timespan_id, isin, fraction) VALUES (3, 'JP3497400006', 0.486311);
INSERT INTO index_variation_security (timespan_id, isin, fraction) VALUES (3, 'JP3124400007', 0.631810);
INSERT INTO index_variation_security (timespan_id, isin, fraction) VALUES (3, 'JP3813200007', 0.289949);
INSERT INTO index_variation_security (timespan_id, isin, fraction) VALUES (3, 'JP3539250005', 0.537661);
INSERT INTO index_variation_security (timespan_id, isin, fraction) VALUES (3, 'JP3944500002', 0.351416);
INSERT INTO index_variation_security (timespan_id, isin, fraction) VALUES (3, 'JP3902400005', 1.006151);
INSERT INTO index_variation_security (timespan_id, isin, fraction) VALUES (3, 'JP3932000007', 0.780775);
INSERT INTO index_variation_security (timespan_id, isin, fraction) VALUES (3, 'JP3497800007', 0.334019);
INSERT INTO index_variation_security (timespan_id, isin, fraction) VALUES (3, 'JP3197800000', 0.549061);
INSERT INTO index_variation_security (timespan_id, isin, fraction) VALUES (3, 'JP3955000009', 0.658855);
INSERT INTO index_variation_security (timespan_id, isin, fraction) VALUES (3, 'JP3236200006', 0.042946);
INSERT INTO index_variation_security (timespan_id, isin, fraction) VALUES (3, 'JP3197700002', 0.565889);
INSERT INTO index_variation_security (timespan_id, isin, fraction) VALUES (3, 'JP3802400006', 0.123399);
INSERT INTO index_variation_security (timespan_id, isin, fraction) VALUES (3, 'JP3630400004', 0.795407);
INSERT INTO index_variation_security (timespan_id, isin, fraction) VALUES (3, 'CH0012221716', 0.559664);
INSERT INTO index_variation_security (timespan_id, isin, fraction) VALUES (3, 'US0527691069', 0.087287);
INSERT INTO index_variation_security (timespan_id, isin, fraction) VALUES (3, 'DE000A111338', 0.194998);
INSERT INTO index_variation_security (timespan_id, isin, fraction) VALUES (3, 'KYG037AX1015', 0.334977);
INSERT INTO index_variation_security (timespan_id, isin, fraction) VALUES (3, 'JE00B783TY65', 0.154400);
INSERT INTO index_variation_security (timespan_id, isin, fraction) VALUES (3, 'US0043971052', 1.455799);
INSERT INTO index_variation_security (timespan_id, isin, fraction) VALUES (3, 'CA0019401052', 0.773037);
INSERT INTO index_variation_security (timespan_id, isin, fraction) VALUES (3, 'US0080731088', 0.228780);
INSERT INTO index_variation_security (timespan_id, isin, fraction) VALUES (3, 'US1143401024', 0.636288);
INSERT INTO index_variation_security (timespan_id, isin, fraction) VALUES (3, 'US1273871087', 0.280374);
INSERT INTO index_variation_security (timespan_id, isin, fraction) VALUES (3, 'FI0009013429', 0.292877);
INSERT INTO index_variation_security (timespan_id, isin, fraction) VALUES (3, 'US1924221039', 0.433271);
INSERT INTO index_variation_security (timespan_id, isin, fraction) VALUES (3, 'FR0000130650', 0.087510);
INSERT INTO index_variation_security (timespan_id, isin, fraction) VALUES (3, 'US88554D2053', 0.699278);
INSERT INTO index_variation_security (timespan_id, isin, fraction) VALUES (3, 'US2441991054', 0.088197);
INSERT INTO index_variation_security (timespan_id, isin, fraction) VALUES (3, 'DE0005565204', 0.299271);
INSERT INTO index_variation_security (timespan_id, isin, fraction) VALUES (3, 'SE0000163628', 0.979835);
INSERT INTO index_variation_security (timespan_id, isin, fraction) VALUES (3, 'US3116421021', 0.294114);
INSERT INTO index_variation_security (timespan_id, isin, fraction) VALUES (3, 'US3024451011', 0.370109);
INSERT INTO index_variation_security (timespan_id, isin, fraction) VALUES (3, 'DE0006602006', 0.353924);
INSERT INTO index_variation_security (timespan_id, isin, fraction) VALUES (3, 'SE0000103699', 0.223856);
INSERT INTO index_variation_security (timespan_id, isin, fraction) VALUES (3, 'US42330P1075', 1.467933);
INSERT INTO index_variation_security (timespan_id, isin, fraction) VALUES (3, 'VGG456671053', 0.944993);
INSERT INTO index_variation_security (timespan_id, isin, fraction) VALUES (3, 'US4523271090', 0.037736);
INSERT INTO index_variation_security (timespan_id, isin, fraction) VALUES (3, 'US44980X1090', 0.145909);
INSERT INTO index_variation_security (timespan_id, isin, fraction) VALUES (3, 'US4627261005', 0.222230);
INSERT INTO index_variation_security (timespan_id, isin, fraction) VALUES (3, 'DE0005488100', 0.233450);
INSERT INTO index_variation_security (timespan_id, isin, fraction) VALUES (3, 'US46120E6023', 0.042710);
INSERT INTO index_variation_security (timespan_id, isin, fraction) VALUES (3, 'US4778391049', 0.108505);
INSERT INTO index_variation_security (timespan_id, isin, fraction) VALUES (3, 'DE000A2NB601', 0.337556);
INSERT INTO index_variation_security (timespan_id, isin, fraction) VALUES (3, 'CH0100837282', 0.076075);
INSERT INTO index_variation_security (timespan_id, isin, fraction) VALUES (3, 'DE000KGX8881', 0.208082);
INSERT INTO index_variation_security (timespan_id, isin, fraction) VALUES (3, 'DE0006335003', 0.207050);
INSERT INTO index_variation_security (timespan_id, isin, fraction) VALUES (3, 'US5339001068', 0.142379);
INSERT INTO index_variation_security (timespan_id, isin, fraction) VALUES (3, 'US5627501092', 0.224492);
INSERT INTO index_variation_security (timespan_id, isin, fraction) VALUES (3, 'CA57778L1031', 0.392092);
INSERT INTO index_variation_security (timespan_id, isin, fraction) VALUES (3, 'US5950171042', 0.156780);
INSERT INTO index_variation_security (timespan_id, isin, fraction) VALUES (3, 'IL0011068553', 0.772873);
INSERT INTO index_variation_security (timespan_id, isin, fraction) VALUES (3, 'US6365181022', 0.270192);
INSERT INTO index_variation_security (timespan_id, isin, fraction) VALUES (3, 'US6556631025', 0.091475);
INSERT INTO index_variation_security (timespan_id, isin, fraction) VALUES (3, 'CA67000B1040', 0.172116);
INSERT INTO index_variation_security (timespan_id, isin, fraction) VALUES (3, 'US67020Y1001', 0.788647);
INSERT INTO index_variation_security (timespan_id, isin, fraction) VALUES (3, 'US67066G1040', 0.084515);
INSERT INTO index_variation_security (timespan_id, isin, fraction) VALUES (3, 'GB00B3MBS747', 1.028408);
INSERT INTO index_variation_security (timespan_id, isin, fraction) VALUES (3, 'US6752321025', 0.870317);
INSERT INTO index_variation_security (timespan_id, isin, fraction) VALUES (3, 'US69370C1009', 0.131654);
INSERT INTO index_variation_security (timespan_id, isin, fraction) VALUES (3, 'US7475251036', 0.185004);
INSERT INTO index_variation_security (timespan_id, isin, fraction) VALUES (3, 'NL0012169213', 0.341657);
INSERT INTO index_variation_security (timespan_id, isin, fraction) VALUES (3, 'US7542121089', 0.269020);
INSERT INTO index_variation_security (timespan_id, isin, fraction) VALUES (3, 'US7739031091', 0.125212);
INSERT INTO index_variation_security (timespan_id, isin, fraction) VALUES (3, 'GB0007323586', 0.196939);
INSERT INTO index_variation_security (timespan_id, isin, fraction) VALUES (3, 'FR0000121972', 0.174273);
INSERT INTO index_variation_security (timespan_id, isin, fraction) VALUES (3, 'DE0007236101', 0.103887);
INSERT INTO index_variation_security (timespan_id, isin, fraction) VALUES (3, 'IL0011267213', 0.563661);
INSERT INTO index_variation_security (timespan_id, isin, fraction) VALUES (3, 'US8793601050', 0.053864);
INSERT INTO index_variation_security (timespan_id, isin, fraction) VALUES (3, 'CH0012100191', 0.053654);
INSERT INTO index_variation_security (timespan_id, isin, fraction) VALUES (3, 'US8807701029', 0.327974);
INSERT INTO index_variation_security (timespan_id, isin, fraction) VALUES (3, 'US8962391004', 0.306944);
INSERT INTO index_variation_security (timespan_id, isin, fraction) VALUES (3, 'CH0033361673', 0.088844);
INSERT INTO index_variation_security (timespan_id, isin, fraction) VALUES (3, 'US92220P1057', 0.122201);
INSERT INTO index_variation_security (timespan_id, isin, fraction) VALUES (3, 'US9839191015', 0.168660);
INSERT INTO index_variation_security (timespan_id, isin, fraction) VALUES (3, 'US9892071054', 0.136903);

INSERT INTO index_variation_timespan (timespan_id, variation_id, valid_from, valid_to) VALUES (4, 1, '2018-12-05', '2018-12-06');
INSERT INTO index_variation_security (timespan_id, isin, fraction) VALUES (4, 'KR7098460009', 0.188152);
INSERT INTO index_variation_security (timespan_id, isin, fraction) VALUES (4, 'KYG014081064', 1.541009);
INSERT INTO index_variation_security (timespan_id, isin, fraction) VALUES (4, 'TW0002049004', 2.708879);
INSERT INTO index_variation_security (timespan_id, isin, fraction) VALUES (4, 'TW0002308004', 3.324998);
INSERT INTO index_variation_security (timespan_id, isin, fraction) VALUES (4, 'TW0002395001', 1.954450);
INSERT INTO index_variation_security (timespan_id, isin, fraction) VALUES (4, 'TW0003443008', 1.161340);
INSERT INTO index_variation_security (timespan_id, isin, fraction) VALUES (4, 'JP3592600005', 0.381886);
INSERT INTO index_variation_security (timespan_id, isin, fraction) VALUES (4, 'JP3102400003', 0.973944);
INSERT INTO index_variation_security (timespan_id, isin, fraction) VALUES (4, 'JP3809200003', 0.818343);
INSERT INTO index_variation_security (timespan_id, isin, fraction) VALUES (4, 'JP3651210001', 0.926391);
INSERT INTO index_variation_security (timespan_id, isin, fraction) VALUES (4, 'JP3162600005', 0.043527);
INSERT INTO index_variation_security (timespan_id, isin, fraction) VALUES (4, 'JP3765150002', 0.540024);
INSERT INTO index_variation_security (timespan_id, isin, fraction) VALUES (4, 'JP3497400006', 0.486311);
INSERT INTO index_variation_security (timespan_id, isin, fraction) VALUES (4, 'JP3124400007', 0.631810);
INSERT INTO index_variation_security (timespan_id, isin, fraction) VALUES (4, 'JP3813200007', 0.289949);
INSERT INTO index_variation_security (timespan_id, isin, fraction) VALUES (4, 'JP3539250005', 0.537661);
INSERT INTO index_variation_security (timespan_id, isin, fraction) VALUES (4, 'JP3944500002', 0.351416);
INSERT INTO index_variation_security (timespan_id, isin, fraction) VALUES (4, 'JP3902400005', 1.006151);
INSERT INTO index_variation_security (timespan_id, isin, fraction) VALUES (4, 'JP3932000007', 0.780775);
INSERT INTO index_variation_security (timespan_id, isin, fraction) VALUES (4, 'JP3497800007', 0.334019);
INSERT INTO index_variation_security (timespan_id, isin, fraction) VALUES (4, 'JP3197800000', 0.549061);
INSERT INTO index_variation_security (timespan_id, isin, fraction) VALUES (4, 'JP3955000009', 0.658855);
INSERT INTO index_variation_security (timespan_id, isin, fraction) VALUES (4, 'JP3236200006', 0.042946);
INSERT INTO index_variation_security (timespan_id, isin, fraction) VALUES (4, 'JP3197700002', 0.565889);
INSERT INTO index_variation_security (timespan_id, isin, fraction) VALUES (4, 'JP3802400006', 0.123399);
INSERT INTO index_variation_security (timespan_id, isin, fraction) VALUES (4, 'JP3630400004', 0.795407);
INSERT INTO index_variation_security (timespan_id, isin, fraction) VALUES (4, 'CH0012221716', 0.559664);
INSERT INTO index_variation_security (timespan_id, isin, fraction) VALUES (4, 'US0527691069', 0.087287);
INSERT INTO index_variation_security (timespan_id, isin, fraction) VALUES (4, 'DE000A111338', 0.194998);
INSERT INTO index_variation_security (timespan_id, isin, fraction) VALUES (4, 'KYG037AX1015', 0.334977);
INSERT INTO index_variation_security (timespan_id, isin, fraction) VALUES (4, 'JE00B783TY65', 0.154400);
INSERT INTO index_variation_security (timespan_id, isin, fraction) VALUES (4, 'US0043971052', 1.455799);
INSERT INTO index_variation_security (timespan_id, isin, fraction) VALUES (4, 'CA0019401052', 0.773037);
INSERT INTO index_variation_security (timespan_id, isin, fraction) VALUES (4, 'US0080731088', 0.228780);
INSERT INTO index_variation_security (timespan_id, isin, fraction) VALUES (4, 'US1143401024', 0.636288);
INSERT INTO index_variation_security (timespan_id, isin, fraction) VALUES (4, 'US1273871087', 0.280374);
INSERT INTO index_variation_security (timespan_id, isin, fraction) VALUES (4, 'FI0009013429', 0.292877);
INSERT INTO index_variation_security (timespan_id, isin, fraction) VALUES (4, 'US1924221039', 0.433271);
INSERT INTO index_variation_security (timespan_id, isin, fraction) VALUES (4, 'FR0000130650', 0.087510);
INSERT INTO index_variation_security (timespan_id, isin, fraction) VALUES (4, 'US88554D2053', 0.699278);
INSERT INTO index_variation_security (timespan_id, isin, fraction) VALUES (4, 'US2441991054', 0.088197);
INSERT INTO index_variation_security (timespan_id, isin, fraction) VALUES (4, 'DE0005565204', 0.299271);
INSERT INTO index_variation_security (timespan_id, isin, fraction) VALUES (4, 'SE0000163628', 0.979835);
INSERT INTO index_variation_security (timespan_id, isin, fraction) VALUES (4, 'US3116421021', 0.294114);
INSERT INTO index_variation_security (timespan_id, isin, fraction) VALUES (4, 'US3024451011', 0.370109);
INSERT INTO index_variation_security (timespan_id, isin, fraction) VALUES (4, 'DE0006602006', 0.353924);
INSERT INTO index_variation_security (timespan_id, isin, fraction) VALUES (4, 'SE0000103699', 0.223856);
INSERT INTO index_variation_security (timespan_id, isin, fraction) VALUES (4, 'US42330P1075', 1.467933);
INSERT INTO index_variation_security (timespan_id, isin, fraction) VALUES (4, 'VGG456671053', 0.944993);
INSERT INTO index_variation_security (timespan_id, isin, fraction) VALUES (4, 'US4523271090', 0.037736);
INSERT INTO index_variation_security (timespan_id, isin, fraction) VALUES (4, 'US44980X1090', 0.145909);
INSERT INTO index_variation_security (timespan_id, isin, fraction) VALUES (4, 'US4627261005', 0.222230);
INSERT INTO index_variation_security (timespan_id, isin, fraction) VALUES (4, 'DE0005488100', 0.233450);
INSERT INTO index_variation_security (timespan_id, isin, fraction) VALUES (4, 'US46120E6023', 0.042710);
INSERT INTO index_variation_security (timespan_id, isin, fraction) VALUES (4, 'US4778391049', 0.108505);
INSERT INTO index_variation_security (timespan_id, isin, fraction) VALUES (4, 'DE000A2NB601', 0.337556);
INSERT INTO index_variation_security (timespan_id, isin, fraction) VALUES (4, 'CH0100837282', 0.076075);
INSERT INTO index_variation_security (timespan_id, isin, fraction) VALUES (4, 'DE000KGX8881', 0.208082);
INSERT INTO index_variation_security (timespan_id, isin, fraction) VALUES (4, 'DE0006335003', 0.207050);
INSERT INTO index_variation_security (timespan_id, isin, fraction) VALUES (4, 'US5339001068', 0.142379);
INSERT INTO index_variation_security (timespan_id, isin, fraction) VALUES (4, 'US5627501092', 0.224492);
INSERT INTO index_variation_security (timespan_id, isin, fraction) VALUES (4, 'CA57778L1031', 0.392092);
INSERT INTO index_variation_security (timespan_id, isin, fraction) VALUES (4, 'US5950171042', 0.156780);
INSERT INTO index_variation_security (timespan_id, isin, fraction) VALUES (4, 'IL0011068553', 0.772873);
INSERT INTO index_variation_security (timespan_id, isin, fraction) VALUES (4, 'US6365181022', 0.270192);
INSERT INTO index_variation_security (timespan_id, isin, fraction) VALUES (4, 'US6556631025', 0.091475);
INSERT INTO index_variation_security (timespan_id, isin, fraction) VALUES (4, 'CA67000B1040', 0.172116);
INSERT INTO index_variation_security (timespan_id, isin, fraction) VALUES (4, 'US67020Y1001', 0.788647);
INSERT INTO index_variation_security (timespan_id, isin, fraction) VALUES (4, 'US67066G1040', 0.084515);
INSERT INTO index_variation_security (timespan_id, isin, fraction) VALUES (4, 'GB00B3MBS747', 1.028408);
INSERT INTO index_variation_security (timespan_id, isin, fraction) VALUES (4, 'US6752321025', 0.870317);
INSERT INTO index_variation_security (timespan_id, isin, fraction) VALUES (4, 'US69370C1009', 0.131654);
INSERT INTO index_variation_security (timespan_id, isin, fraction) VALUES (4, 'US7475251036', 0.185004);
INSERT INTO index_variation_security (timespan_id, isin, fraction) VALUES (4, 'NL0012169213', 0.341657);
INSERT INTO index_variation_security (timespan_id, isin, fraction) VALUES (4, 'US7542121089', 0.269020);
INSERT INTO index_variation_security (timespan_id, isin, fraction) VALUES (4, 'US7739031091', 0.125212);
INSERT INTO index_variation_security (timespan_id, isin, fraction) VALUES (4, 'GB0007323586', 0.196939);
INSERT INTO index_variation_security (timespan_id, isin, fraction) VALUES (4, 'FR0000121972', 0.174273);
INSERT INTO index_variation_security (timespan_id, isin, fraction) VALUES (4, 'DE0007236101', 0.103887);
INSERT INTO index_variation_security (timespan_id, isin, fraction) VALUES (4, 'IL0011267213', 0.563661);
INSERT INTO index_variation_security (timespan_id, isin, fraction) VALUES (4, 'US8793601050', 0.053864);
INSERT INTO index_variation_security (timespan_id, isin, fraction) VALUES (4, 'CH0012100191', 0.053654);
INSERT INTO index_variation_security (timespan_id, isin, fraction) VALUES (4, 'US8807701029', 0.327974);
INSERT INTO index_variation_security (timespan_id, isin, fraction) VALUES (4, 'US8962391004', 0.306944);
INSERT INTO index_variation_security (timespan_id, isin, fraction) VALUES (4, 'CH0033361673', 0.088844);
INSERT INTO index_variation_security (timespan_id, isin, fraction) VALUES (4, 'US92220P1057', 0.122201);
INSERT INTO index_variation_security (timespan_id, isin, fraction) VALUES (4, 'US9839191015', 0.168660);
INSERT INTO index_variation_security (timespan_id, isin, fraction) VALUES (4, 'US9892071054', 0.136903);

INSERT INTO index_variation_timespan (timespan_id, variation_id, valid_from, valid_to) VALUES (5, 1, '2018-12-06', '2018-12-07');
INSERT INTO index_variation_security (timespan_id, isin, fraction) VALUES (5, 'KR7098460009', 0.188152);
INSERT INTO index_variation_security (timespan_id, isin, fraction) VALUES (5, 'KYG014081064', 1.541009);
INSERT INTO index_variation_security (timespan_id, isin, fraction) VALUES (5, 'TW0002049004', 2.708879);
INSERT INTO index_variation_security (timespan_id, isin, fraction) VALUES (5, 'TW0002308004', 3.324998);
INSERT INTO index_variation_security (timespan_id, isin, fraction) VALUES (5, 'TW0002395001', 1.954450);
INSERT INTO index_variation_security (timespan_id, isin, fraction) VALUES (5, 'TW0003443008', 1.161340);
INSERT INTO index_variation_security (timespan_id, isin, fraction) VALUES (5, 'JP3592600005', 0.381886);
INSERT INTO index_variation_security (timespan_id, isin, fraction) VALUES (5, 'JP3102400003', 0.973944);
INSERT INTO index_variation_security (timespan_id, isin, fraction) VALUES (5, 'JP3809200003', 0.818343);
INSERT INTO index_variation_security (timespan_id, isin, fraction) VALUES (5, 'JP3651210001', 0.926391);
INSERT INTO index_variation_security (timespan_id, isin, fraction) VALUES (5, 'JP3162600005', 0.043527);
INSERT INTO index_variation_security (timespan_id, isin, fraction) VALUES (5, 'JP3765150002', 0.540024);
INSERT INTO index_variation_security (timespan_id, isin, fraction) VALUES (5, 'JP3497400006', 0.486311);
INSERT INTO index_variation_security (timespan_id, isin, fraction) VALUES (5, 'JP3124400007', 0.631810);
INSERT INTO index_variation_security (timespan_id, isin, fraction) VALUES (5, 'JP3813200007', 0.289949);
INSERT INTO index_variation_security (timespan_id, isin, fraction) VALUES (5, 'JP3539250005', 0.537661);
INSERT INTO index_variation_security (timespan_id, isin, fraction) VALUES (5, 'JP3944500002', 0.351416);
INSERT INTO index_variation_security (timespan_id, isin, fraction) VALUES (5, 'JP3902400005', 1.006151);
INSERT INTO index_variation_security (timespan_id, isin, fraction) VALUES (5, 'JP3932000007', 0.780775);
INSERT INTO index_variation_security (timespan_id, isin, fraction) VALUES (5, 'JP3497800007', 0.334019);
INSERT INTO index_variation_security (timespan_id, isin, fraction) VALUES (5, 'JP3197800000', 0.549061);
INSERT INTO index_variation_security (timespan_id, isin, fraction) VALUES (5, 'JP3955000009', 0.658855);
INSERT INTO index_variation_security (timespan_id, isin, fraction) VALUES (5, 'JP3236200006', 0.042946);
INSERT INTO index_variation_security (timespan_id, isin, fraction) VALUES (5, 'JP3197700002', 0.565889);
INSERT INTO index_variation_security (timespan_id, isin, fraction) VALUES (5, 'JP3802400006', 0.123399);
INSERT INTO index_variation_security (timespan_id, isin, fraction) VALUES (5, 'JP3630400004', 0.795407);
INSERT INTO index_variation_security (timespan_id, isin, fraction) VALUES (5, 'CH0012221716', 0.559664);
INSERT INTO index_variation_security (timespan_id, isin, fraction) VALUES (5, 'US0527691069', 0.087287);
INSERT INTO index_variation_security (timespan_id, isin, fraction) VALUES (5, 'DE000A111338', 0.194998);
INSERT INTO index_variation_security (timespan_id, isin, fraction) VALUES (5, 'KYG037AX1015', 0.334977);
INSERT INTO index_variation_security (timespan_id, isin, fraction) VALUES (5, 'JE00B783TY65', 0.154400);
INSERT INTO index_variation_security (timespan_id, isin, fraction) VALUES (5, 'US0043971052', 1.455799);
INSERT INTO index_variation_security (timespan_id, isin, fraction) VALUES (5, 'CA0019401052', 0.773037);
INSERT INTO index_variation_security (timespan_id, isin, fraction) VALUES (5, 'US0080731088', 0.228780);
INSERT INTO index_variation_security (timespan_id, isin, fraction) VALUES (5, 'US1143401024', 0.636288);
INSERT INTO index_variation_security (timespan_id, isin, fraction) VALUES (5, 'US1273871087', 0.280374);
INSERT INTO index_variation_security (timespan_id, isin, fraction) VALUES (5, 'FI0009013429', 0.292877);
INSERT INTO index_variation_security (timespan_id, isin, fraction) VALUES (5, 'US1924221039', 0.433271);
INSERT INTO index_variation_security (timespan_id, isin, fraction) VALUES (5, 'FR0000130650', 0.087510);
INSERT INTO index_variation_security (timespan_id, isin, fraction) VALUES (5, 'US88554D2053', 0.699278);
INSERT INTO index_variation_security (timespan_id, isin, fraction) VALUES (5, 'US2441991054', 0.088197);
INSERT INTO index_variation_security (timespan_id, isin, fraction) VALUES (5, 'DE0005565204', 0.299271);
INSERT INTO index_variation_security (timespan_id, isin, fraction) VALUES (5, 'SE0000163628', 0.979835);
INSERT INTO index_variation_security (timespan_id, isin, fraction) VALUES (5, 'US3116421021', 0.294114);
INSERT INTO index_variation_security (timespan_id, isin, fraction) VALUES (5, 'US3024451011', 0.370109);
INSERT INTO index_variation_security (timespan_id, isin, fraction) VALUES (5, 'DE0006602006', 0.353924);
INSERT INTO index_variation_security (timespan_id, isin, fraction) VALUES (5, 'SE0000103699', 0.223856);
INSERT INTO index_variation_security (timespan_id, isin, fraction) VALUES (5, 'US42330P1075', 1.467933);
INSERT INTO index_variation_security (timespan_id, isin, fraction) VALUES (5, 'VGG456671053', 0.944993);
INSERT INTO index_variation_security (timespan_id, isin, fraction) VALUES (5, 'US4523271090', 0.037736);
INSERT INTO index_variation_security (timespan_id, isin, fraction) VALUES (5, 'US44980X1090', 0.145909);
INSERT INTO index_variation_security (timespan_id, isin, fraction) VALUES (5, 'US4627261005', 0.222230);
INSERT INTO index_variation_security (timespan_id, isin, fraction) VALUES (5, 'DE0005488100', 0.233450);
INSERT INTO index_variation_security (timespan_id, isin, fraction) VALUES (5, 'US46120E6023', 0.042710);
INSERT INTO index_variation_security (timespan_id, isin, fraction) VALUES (5, 'US4778391049', 0.108505);
INSERT INTO index_variation_security (timespan_id, isin, fraction) VALUES (5, 'DE000A2NB601', 0.337556);
INSERT INTO index_variation_security (timespan_id, isin, fraction) VALUES (5, 'CH0100837282', 0.076075);
INSERT INTO index_variation_security (timespan_id, isin, fraction) VALUES (5, 'DE000KGX8881', 0.208082);
INSERT INTO index_variation_security (timespan_id, isin, fraction) VALUES (5, 'DE0006335003', 0.207050);
INSERT INTO index_variation_security (timespan_id, isin, fraction) VALUES (5, 'US5339001068', 0.142379);
INSERT INTO index_variation_security (timespan_id, isin, fraction) VALUES (5, 'US5627501092', 0.224492);
INSERT INTO index_variation_security (timespan_id, isin, fraction) VALUES (5, 'CA57778L1031', 0.392092);
INSERT INTO index_variation_security (timespan_id, isin, fraction) VALUES (5, 'US5950171042', 0.156780);
INSERT INTO index_variation_security (timespan_id, isin, fraction) VALUES (5, 'IL0011068553', 0.772873);
INSERT INTO index_variation_security (timespan_id, isin, fraction) VALUES (5, 'US6365181022', 0.270192);
INSERT INTO index_variation_security (timespan_id, isin, fraction) VALUES (5, 'US6556631025', 0.091475);
INSERT INTO index_variation_security (timespan_id, isin, fraction) VALUES (5, 'CA67000B1040', 0.172116);
INSERT INTO index_variation_security (timespan_id, isin, fraction) VALUES (5, 'US67020Y1001', 0.788647);
INSERT INTO index_variation_security (timespan_id, isin, fraction) VALUES (5, 'US67066G1040', 0.084515);
INSERT INTO index_variation_security (timespan_id, isin, fraction) VALUES (5, 'GB00B3MBS747', 1.028408);
INSERT INTO index_variation_security (timespan_id, isin, fraction) VALUES (5, 'US6752321025', 0.870317);
INSERT INTO index_variation_security (timespan_id, isin, fraction) VALUES (5, 'US69370C1009', 0.131654);
INSERT INTO index_variation_security (timespan_id, isin, fraction) VALUES (5, 'US7475251036', 0.185004);
INSERT INTO index_variation_security (timespan_id, isin, fraction) VALUES (5, 'NL0012169213', 0.341657);
INSERT INTO index_variation_security (timespan_id, isin, fraction) VALUES (5, 'US7542121089', 0.269020);
INSERT INTO index_variation_security (timespan_id, isin, fraction) VALUES (5, 'US7739031091', 0.125212);
INSERT INTO index_variation_security (timespan_id, isin, fraction) VALUES (5, 'GB0007323586', 0.196939);
INSERT INTO index_variation_security (timespan_id, isin, fraction) VALUES (5, 'FR0000121972', 0.174273);
INSERT INTO index_variation_security (timespan_id, isin, fraction) VALUES (5, 'DE0007236101', 0.103887);
INSERT INTO index_variation_security (timespan_id, isin, fraction) VALUES (5, 'IL0011267213', 0.563661);
INSERT INTO index_variation_security (timespan_id, isin, fraction) VALUES (5, 'US8793601050', 0.053864);
INSERT INTO index_variation_security (timespan_id, isin, fraction) VALUES (5, 'CH0012100191', 0.053654);
INSERT INTO index_variation_security (timespan_id, isin, fraction) VALUES (5, 'US8807701029', 0.327974);
INSERT INTO index_variation_security (timespan_id, isin, fraction) VALUES (5, 'US8962391004', 0.306944);
INSERT INTO index_variation_security (timespan_id, isin, fraction) VALUES (5, 'CH0033361673', 0.088844);
INSERT INTO index_variation_security (timespan_id, isin, fraction) VALUES (5, 'US92220P1057', 0.122201);
INSERT INTO index_variation_security (timespan_id, isin, fraction) VALUES (5, 'US9839191015', 0.168660);
INSERT INTO index_variation_security (timespan_id, isin, fraction) VALUES (5, 'US9892071054', 0.136903);

INSERT INTO index_variation_timespan (timespan_id, variation_id, valid_from, valid_to) VALUES (6, 1, '2018-12-07', '2018-12-08');
INSERT INTO index_variation_security (timespan_id, isin, fraction) VALUES (6, 'KR7098460009', 0.188152);
INSERT INTO index_variation_security (timespan_id, isin, fraction) VALUES (6, 'KYG014081064', 1.541009);
INSERT INTO index_variation_security (timespan_id, isin, fraction) VALUES (6, 'TW0002049004', 2.708879);
INSERT INTO index_variation_security (timespan_id, isin, fraction) VALUES (6, 'TW0002308004', 3.324998);
INSERT INTO index_variation_security (timespan_id, isin, fraction) VALUES (6, 'TW0002395001', 1.954450);
INSERT INTO index_variation_security (timespan_id, isin, fraction) VALUES (6, 'TW0003443008', 1.161340);
INSERT INTO index_variation_security (timespan_id, isin, fraction) VALUES (6, 'JP3592600005', 0.381886);
INSERT INTO index_variation_security (timespan_id, isin, fraction) VALUES (6, 'JP3102400003', 0.973944);
INSERT INTO index_variation_security (timespan_id, isin, fraction) VALUES (6, 'JP3809200003', 0.818343);
INSERT INTO index_variation_security (timespan_id, isin, fraction) VALUES (6, 'JP3651210001', 0.926391);
INSERT INTO index_variation_security (timespan_id, isin, fraction) VALUES (6, 'JP3162600005', 0.043527);
INSERT INTO index_variation_security (timespan_id, isin, fraction) VALUES (6, 'JP3765150002', 0.540024);
INSERT INTO index_variation_security (timespan_id, isin, fraction) VALUES (6, 'JP3497400006', 0.486311);
INSERT INTO index_variation_security (timespan_id, isin, fraction) VALUES (6, 'JP3124400007', 0.631810);
INSERT INTO index_variation_security (timespan_id, isin, fraction) VALUES (6, 'JP3813200007', 0.289949);
INSERT INTO index_variation_security (timespan_id, isin, fraction) VALUES (6, 'JP3539250005', 0.537661);
INSERT INTO index_variation_security (timespan_id, isin, fraction) VALUES (6, 'JP3944500002', 0.351416);
INSERT INTO index_variation_security (timespan_id, isin, fraction) VALUES (6, 'JP3902400005', 1.006151);
INSERT INTO index_variation_security (timespan_id, isin, fraction) VALUES (6, 'JP3932000007', 0.780775);
INSERT INTO index_variation_security (timespan_id, isin, fraction) VALUES (6, 'JP3497800007', 0.334019);
INSERT INTO index_variation_security (timespan_id, isin, fraction) VALUES (6, 'JP3197800000', 0.549061);
INSERT INTO index_variation_security (timespan_id, isin, fraction) VALUES (6, 'JP3955000009', 0.658855);
INSERT INTO index_variation_security (timespan_id, isin, fraction) VALUES (6, 'JP3236200006', 0.042946);
INSERT INTO index_variation_security (timespan_id, isin, fraction) VALUES (6, 'JP3197700002', 0.565889);
INSERT INTO index_variation_security (timespan_id, isin, fraction) VALUES (6, 'JP3802400006', 0.123399);
INSERT INTO index_variation_security (timespan_id, isin, fraction) VALUES (6, 'JP3630400004', 0.795407);
INSERT INTO index_variation_security (timespan_id, isin, fraction) VALUES (6, 'CH0012221716', 0.559664);
INSERT INTO index_variation_security (timespan_id, isin, fraction) VALUES (6, 'US0527691069', 0.087287);
INSERT INTO index_variation_security (timespan_id, isin, fraction) VALUES (6, 'DE000A111338', 0.194998);
INSERT INTO index_variation_security (timespan_id, isin, fraction) VALUES (6, 'KYG037AX1015', 0.334977);
INSERT INTO index_variation_security (timespan_id, isin, fraction) VALUES (6, 'JE00B783TY65', 0.154400);
INSERT INTO index_variation_security (timespan_id, isin, fraction) VALUES (6, 'US0043971052', 1.455799);
INSERT INTO index_variation_security (timespan_id, isin, fraction) VALUES (6, 'CA0019401052', 0.773037);
INSERT INTO index_variation_security (timespan_id, isin, fraction) VALUES (6, 'US0080731088', 0.228780);
INSERT INTO index_variation_security (timespan_id, isin, fraction) VALUES (6, 'US1143401024', 0.636288);
INSERT INTO index_variation_security (timespan_id, isin, fraction) VALUES (6, 'US1273871087', 0.280374);
INSERT INTO index_variation_security (timespan_id, isin, fraction) VALUES (6, 'FI0009013429', 0.292877);
INSERT INTO index_variation_security (timespan_id, isin, fraction) VALUES (6, 'US1924221039', 0.433271);
INSERT INTO index_variation_security (timespan_id, isin, fraction) VALUES (6, 'FR0000130650', 0.087510);
INSERT INTO index_variation_security (timespan_id, isin, fraction) VALUES (6, 'US88554D2053', 0.699278);
INSERT INTO index_variation_security (timespan_id, isin, fraction) VALUES (6, 'US2441991054', 0.088197);
INSERT INTO index_variation_security (timespan_id, isin, fraction) VALUES (6, 'DE0005565204', 0.299271);
INSERT INTO index_variation_security (timespan_id, isin, fraction) VALUES (6, 'SE0000163628', 0.979835);
INSERT INTO index_variation_security (timespan_id, isin, fraction) VALUES (6, 'US3116421021', 0.294114);
INSERT INTO index_variation_security (timespan_id, isin, fraction) VALUES (6, 'US3024451011', 0.370109);
INSERT INTO index_variation_security (timespan_id, isin, fraction) VALUES (6, 'DE0006602006', 0.353924);
INSERT INTO index_variation_security (timespan_id, isin, fraction) VALUES (6, 'SE0000103699', 0.223856);
INSERT INTO index_variation_security (timespan_id, isin, fraction) VALUES (6, 'US42330P1075', 1.467933);
INSERT INTO index_variation_security (timespan_id, isin, fraction) VALUES (6, 'VGG456671053', 0.944993);
INSERT INTO index_variation_security (timespan_id, isin, fraction) VALUES (6, 'US4523271090', 0.037736);
INSERT INTO index_variation_security (timespan_id, isin, fraction) VALUES (6, 'US44980X1090', 0.145909);
INSERT INTO index_variation_security (timespan_id, isin, fraction) VALUES (6, 'US4627261005', 0.222230);
INSERT INTO index_variation_security (timespan_id, isin, fraction) VALUES (6, 'DE0005488100', 0.233450);
INSERT INTO index_variation_security (timespan_id, isin, fraction) VALUES (6, 'US46120E6023', 0.042710);
INSERT INTO index_variation_security (timespan_id, isin, fraction) VALUES (6, 'US4778391049', 0.108505);
INSERT INTO index_variation_security (timespan_id, isin, fraction) VALUES (6, 'DE000A2NB601', 0.337556);
INSERT INTO index_variation_security (timespan_id, isin, fraction) VALUES (6, 'CH0100837282', 0.076075);
INSERT INTO index_variation_security (timespan_id, isin, fraction) VALUES (6, 'DE000KGX8881', 0.208082);
INSERT INTO index_variation_security (timespan_id, isin, fraction) VALUES (6, 'DE0006335003', 0.207050);
INSERT INTO index_variation_security (timespan_id, isin, fraction) VALUES (6, 'US5339001068', 0.142379);
INSERT INTO index_variation_security (timespan_id, isin, fraction) VALUES (6, 'US5627501092', 0.224492);
INSERT INTO index_variation_security (timespan_id, isin, fraction) VALUES (6, 'CA57778L1031', 0.392092);
INSERT INTO index_variation_security (timespan_id, isin, fraction) VALUES (6, 'US5950171042', 0.156780);
INSERT INTO index_variation_security (timespan_id, isin, fraction) VALUES (6, 'IL0011068553', 0.772873);
INSERT INTO index_variation_security (timespan_id, isin, fraction) VALUES (6, 'US6365181022', 0.270192);
INSERT INTO index_variation_security (timespan_id, isin, fraction) VALUES (6, 'US6556631025', 0.091475);
INSERT INTO index_variation_security (timespan_id, isin, fraction) VALUES (6, 'CA67000B1040', 0.172116);
INSERT INTO index_variation_security (timespan_id, isin, fraction) VALUES (6, 'US67020Y1001', 0.788647);
INSERT INTO index_variation_security (timespan_id, isin, fraction) VALUES (6, 'US67066G1040', 0.084515);
INSERT INTO index_variation_security (timespan_id, isin, fraction) VALUES (6, 'GB00B3MBS747', 1.028408);
INSERT INTO index_variation_security (timespan_id, isin, fraction) VALUES (6, 'US6752321025', 0.870317);
INSERT INTO index_variation_security (timespan_id, isin, fraction) VALUES (6, 'US69370C1009', 0.131654);
INSERT INTO index_variation_security (timespan_id, isin, fraction) VALUES (6, 'US7475251036', 0.185004);
INSERT INTO index_variation_security (timespan_id, isin, fraction) VALUES (6, 'NL0012169213', 0.341657);
INSERT INTO index_variation_security (timespan_id, isin, fraction) VALUES (6, 'US7542121089', 0.269020);
INSERT INTO index_variation_security (timespan_id, isin, fraction) VALUES (6, 'US7739031091', 0.125212);
INSERT INTO index_variation_security (timespan_id, isin, fraction) VALUES (6, 'GB0007323586', 0.196939);
INSERT INTO index_variation_security (timespan_id, isin, fraction) VALUES (6, 'FR0000121972', 0.174273);
INSERT INTO index_variation_security (timespan_id, isin, fraction) VALUES (6, 'DE0007236101', 0.103887);
INSERT INTO index_variation_security (timespan_id, isin, fraction) VALUES (6, 'IL0011267213', 0.563661);
INSERT INTO index_variation_security (timespan_id, isin, fraction) VALUES (6, 'US8793601050', 0.053864);
INSERT INTO index_variation_security (timespan_id, isin, fraction) VALUES (6, 'CH0012100191', 0.053654);
INSERT INTO index_variation_security (timespan_id, isin, fraction) VALUES (6, 'US8807701029', 0.327974);
INSERT INTO index_variation_security (timespan_id, isin, fraction) VALUES (6, 'US8962391004', 0.306944);
INSERT INTO index_variation_security (timespan_id, isin, fraction) VALUES (6, 'CH0033361673', 0.088844);
INSERT INTO index_variation_security (timespan_id, isin, fraction) VALUES (6, 'US92220P1057', 0.122201);
INSERT INTO index_variation_security (timespan_id, isin, fraction) VALUES (6, 'US9839191015', 0.168660);
INSERT INTO index_variation_security (timespan_id, isin, fraction) VALUES (6, 'US9892071054', 0.136903);

INSERT INTO index_variation_timespan (timespan_id, variation_id, valid_from, valid_to) VALUES (7, 1, '2018-12-10', '2018-12-11');
INSERT INTO index_variation_security (timespan_id, isin, fraction) VALUES (7, 'KR7098460009', 0.188152);
INSERT INTO index_variation_security (timespan_id, isin, fraction) VALUES (7, 'KYG014081064', 1.541009);
INSERT INTO index_variation_security (timespan_id, isin, fraction) VALUES (7, 'TW0002049004', 2.708879);
INSERT INTO index_variation_security (timespan_id, isin, fraction) VALUES (7, 'TW0002308004', 3.324998);
INSERT INTO index_variation_security (timespan_id, isin, fraction) VALUES (7, 'TW0002395001', 1.954450);
INSERT INTO index_variation_security (timespan_id, isin, fraction) VALUES (7, 'TW0003443008', 1.161340);
INSERT INTO index_variation_security (timespan_id, isin, fraction) VALUES (7, 'JP3592600005', 0.381886);
INSERT INTO index_variation_security (timespan_id, isin, fraction) VALUES (7, 'JP3102400003', 0.973944);
INSERT INTO index_variation_security (timespan_id, isin, fraction) VALUES (7, 'JP3809200003', 0.818343);
INSERT INTO index_variation_security (timespan_id, isin, fraction) VALUES (7, 'JP3651210001', 0.926391);
INSERT INTO index_variation_security (timespan_id, isin, fraction) VALUES (7, 'JP3162600005', 0.043527);
INSERT INTO index_variation_security (timespan_id, isin, fraction) VALUES (7, 'JP3765150002', 0.540024);
INSERT INTO index_variation_security (timespan_id, isin, fraction) VALUES (7, 'JP3497400006', 0.486311);
INSERT INTO index_variation_security (timespan_id, isin, fraction) VALUES (7, 'JP3124400007', 0.631810);
INSERT INTO index_variation_security (timespan_id, isin, fraction) VALUES (7, 'JP3813200007', 0.289949);
INSERT INTO index_variation_security (timespan_id, isin, fraction) VALUES (7, 'JP3539250005', 0.537661);
INSERT INTO index_variation_security (timespan_id, isin, fraction) VALUES (7, 'JP3944500002', 0.351416);
INSERT INTO index_variation_security (timespan_id, isin, fraction) VALUES (7, 'JP3902400005', 1.006151);
INSERT INTO index_variation_security (timespan_id, isin, fraction) VALUES (7, 'JP3932000007', 0.780775);
INSERT INTO index_variation_security (timespan_id, isin, fraction) VALUES (7, 'JP3497800007', 0.334019);
INSERT INTO index_variation_security (timespan_id, isin, fraction) VALUES (7, 'JP3197800000', 0.549061);
INSERT INTO index_variation_security (timespan_id, isin, fraction) VALUES (7, 'JP3955000009', 0.658855);
INSERT INTO index_variation_security (timespan_id, isin, fraction) VALUES (7, 'JP3236200006', 0.042946);
INSERT INTO index_variation_security (timespan_id, isin, fraction) VALUES (7, 'JP3197700002', 0.565889);
INSERT INTO index_variation_security (timespan_id, isin, fraction) VALUES (7, 'JP3802400006', 0.123399);
INSERT INTO index_variation_security (timespan_id, isin, fraction) VALUES (7, 'JP3630400004', 0.795407);
INSERT INTO index_variation_security (timespan_id, isin, fraction) VALUES (7, 'CH0012221716', 0.559664);
INSERT INTO index_variation_security (timespan_id, isin, fraction) VALUES (7, 'US0527691069', 0.087287);
INSERT INTO index_variation_security (timespan_id, isin, fraction) VALUES (7, 'DE000A111338', 0.194998);
INSERT INTO index_variation_security (timespan_id, isin, fraction) VALUES (7, 'KYG037AX1015', 0.334977);
INSERT INTO index_variation_security (timespan_id, isin, fraction) VALUES (7, 'JE00B783TY65', 0.154400);
INSERT INTO index_variation_security (timespan_id, isin, fraction) VALUES (7, 'US0043971052', 1.455799);
INSERT INTO index_variation_security (timespan_id, isin, fraction) VALUES (7, 'CA0019401052', 0.773037);
INSERT INTO index_variation_security (timespan_id, isin, fraction) VALUES (7, 'US0080731088', 0.228780);
INSERT INTO index_variation_security (timespan_id, isin, fraction) VALUES (7, 'US1143401024', 0.636288);
INSERT INTO index_variation_security (timespan_id, isin, fraction) VALUES (7, 'US1273871087', 0.280374);
INSERT INTO index_variation_security (timespan_id, isin, fraction) VALUES (7, 'FI0009013429', 0.292877);
INSERT INTO index_variation_security (timespan_id, isin, fraction) VALUES (7, 'US1924221039', 0.433271);
INSERT INTO index_variation_security (timespan_id, isin, fraction) VALUES (7, 'FR0000130650', 0.087510);
INSERT INTO index_variation_security (timespan_id, isin, fraction) VALUES (7, 'US88554D2053', 0.699278);
INSERT INTO index_variation_security (timespan_id, isin, fraction) VALUES (7, 'US2441991054', 0.088197);
INSERT INTO index_variation_security (timespan_id, isin, fraction) VALUES (7, 'DE0005565204', 0.299271);
INSERT INTO index_variation_security (timespan_id, isin, fraction) VALUES (7, 'SE0000163628', 0.979835);
INSERT INTO index_variation_security (timespan_id, isin, fraction) VALUES (7, 'US3116421021', 0.294114);
INSERT INTO index_variation_security (timespan_id, isin, fraction) VALUES (7, 'US3024451011', 0.370109);
INSERT INTO index_variation_security (timespan_id, isin, fraction) VALUES (7, 'DE0006602006', 0.353924);
INSERT INTO index_variation_security (timespan_id, isin, fraction) VALUES (7, 'SE0000103699', 0.223856);
INSERT INTO index_variation_security (timespan_id, isin, fraction) VALUES (7, 'US42330P1075', 1.467933);
INSERT INTO index_variation_security (timespan_id, isin, fraction) VALUES (7, 'VGG456671053', 0.944993);
INSERT INTO index_variation_security (timespan_id, isin, fraction) VALUES (7, 'US4523271090', 0.037736);
INSERT INTO index_variation_security (timespan_id, isin, fraction) VALUES (7, 'US44980X1090', 0.145909);
INSERT INTO index_variation_security (timespan_id, isin, fraction) VALUES (7, 'US4627261005', 0.222230);
INSERT INTO index_variation_security (timespan_id, isin, fraction) VALUES (7, 'DE0005488100', 0.233450);
INSERT INTO index_variation_security (timespan_id, isin, fraction) VALUES (7, 'US46120E6023', 0.042710);
INSERT INTO index_variation_security (timespan_id, isin, fraction) VALUES (7, 'US4778391049', 0.108505);
INSERT INTO index_variation_security (timespan_id, isin, fraction) VALUES (7, 'DE000A2NB601', 0.337556);
INSERT INTO index_variation_security (timespan_id, isin, fraction) VALUES (7, 'CH0100837282', 0.076075);
INSERT INTO index_variation_security (timespan_id, isin, fraction) VALUES (7, 'DE000KGX8881', 0.208082);
INSERT INTO index_variation_security (timespan_id, isin, fraction) VALUES (7, 'DE0006335003', 0.207050);
INSERT INTO index_variation_security (timespan_id, isin, fraction) VALUES (7, 'US5339001068', 0.142379);
INSERT INTO index_variation_security (timespan_id, isin, fraction) VALUES (7, 'US5627501092', 0.224492);
INSERT INTO index_variation_security (timespan_id, isin, fraction) VALUES (7, 'CA57778L1031', 0.392092);
INSERT INTO index_variation_security (timespan_id, isin, fraction) VALUES (7, 'US5950171042', 0.156780);
INSERT INTO index_variation_security (timespan_id, isin, fraction) VALUES (7, 'IL0011068553', 0.772873);
INSERT INTO index_variation_security (timespan_id, isin, fraction) VALUES (7, 'US6365181022', 0.270192);
INSERT INTO index_variation_security (timespan_id, isin, fraction) VALUES (7, 'US6556631025', 0.091475);
INSERT INTO index_variation_security (timespan_id, isin, fraction) VALUES (7, 'CA67000B1040', 0.172116);
INSERT INTO index_variation_security (timespan_id, isin, fraction) VALUES (7, 'US67020Y1001', 0.788647);
INSERT INTO index_variation_security (timespan_id, isin, fraction) VALUES (7, 'US67066G1040', 0.084515);
INSERT INTO index_variation_security (timespan_id, isin, fraction) VALUES (7, 'GB00B3MBS747', 1.028408);
INSERT INTO index_variation_security (timespan_id, isin, fraction) VALUES (7, 'US6752321025', 0.870317);
INSERT INTO index_variation_security (timespan_id, isin, fraction) VALUES (7, 'US69370C1009', 0.131654);
INSERT INTO index_variation_security (timespan_id, isin, fraction) VALUES (7, 'US7475251036', 0.185004);
INSERT INTO index_variation_security (timespan_id, isin, fraction) VALUES (7, 'NL0012169213', 0.341657);
INSERT INTO index_variation_security (timespan_id, isin, fraction) VALUES (7, 'US7542121089', 0.269020);
INSERT INTO index_variation_security (timespan_id, isin, fraction) VALUES (7, 'US7739031091', 0.125212);
INSERT INTO index_variation_security (timespan_id, isin, fraction) VALUES (7, 'GB0007323586', 0.196939);
INSERT INTO index_variation_security (timespan_id, isin, fraction) VALUES (7, 'FR0000121972', 0.174273);
INSERT INTO index_variation_security (timespan_id, isin, fraction) VALUES (7, 'DE0007236101', 0.103887);
INSERT INTO index_variation_security (timespan_id, isin, fraction) VALUES (7, 'IL0011267213', 0.563661);
INSERT INTO index_variation_security (timespan_id, isin, fraction) VALUES (7, 'US8793601050', 0.053864);
INSERT INTO index_variation_security (timespan_id, isin, fraction) VALUES (7, 'CH0012100191', 0.053654);
INSERT INTO index_variation_security (timespan_id, isin, fraction) VALUES (7, 'US8807701029', 0.327974);
INSERT INTO index_variation_security (timespan_id, isin, fraction) VALUES (7, 'US8962391004', 0.306944);
INSERT INTO index_variation_security (timespan_id, isin, fraction) VALUES (7, 'CH0033361673', 0.088844);
INSERT INTO index_variation_security (timespan_id, isin, fraction) VALUES (7, 'US92220P1057', 0.122201);
INSERT INTO index_variation_security (timespan_id, isin, fraction) VALUES (7, 'US9839191015', 0.168660);
INSERT INTO index_variation_security (timespan_id, isin, fraction) VALUES (7, 'US9892071054', 0.136903);

INSERT INTO index_variation_timespan (timespan_id, variation_id, valid_from, valid_to) VALUES (8, 1, '2018-12-11', '2018-12-12');
INSERT INTO index_variation_security (timespan_id, isin, fraction) VALUES (8, 'KR7098460009', 0.188152);
INSERT INTO index_variation_security (timespan_id, isin, fraction) VALUES (8, 'KYG014081064', 1.541009);
INSERT INTO index_variation_security (timespan_id, isin, fraction) VALUES (8, 'TW0002049004', 2.708879);
INSERT INTO index_variation_security (timespan_id, isin, fraction) VALUES (8, 'TW0002308004', 3.324998);
INSERT INTO index_variation_security (timespan_id, isin, fraction) VALUES (8, 'TW0002395001', 1.954450);
INSERT INTO index_variation_security (timespan_id, isin, fraction) VALUES (8, 'TW0003443008', 1.161340);
INSERT INTO index_variation_security (timespan_id, isin, fraction) VALUES (8, 'JP3592600005', 0.381886);
INSERT INTO index_variation_security (timespan_id, isin, fraction) VALUES (8, 'JP3102400003', 0.973944);
INSERT INTO index_variation_security (timespan_id, isin, fraction) VALUES (8, 'JP3809200003', 0.818343);
INSERT INTO index_variation_security (timespan_id, isin, fraction) VALUES (8, 'JP3651210001', 0.926391);
INSERT INTO index_variation_security (timespan_id, isin, fraction) VALUES (8, 'JP3162600005', 0.043527);
INSERT INTO index_variation_security (timespan_id, isin, fraction) VALUES (8, 'JP3765150002', 0.540024);
INSERT INTO index_variation_security (timespan_id, isin, fraction) VALUES (8, 'JP3497400006', 0.486311);
INSERT INTO index_variation_security (timespan_id, isin, fraction) VALUES (8, 'JP3124400007', 0.631810);
INSERT INTO index_variation_security (timespan_id, isin, fraction) VALUES (8, 'JP3813200007', 0.289949);
INSERT INTO index_variation_security (timespan_id, isin, fraction) VALUES (8, 'JP3539250005', 0.537661);
INSERT INTO index_variation_security (timespan_id, isin, fraction) VALUES (8, 'JP3944500002', 0.351416);
INSERT INTO index_variation_security (timespan_id, isin, fraction) VALUES (8, 'JP3902400005', 1.006151);
INSERT INTO index_variation_security (timespan_id, isin, fraction) VALUES (8, 'JP3932000007', 0.780775);
INSERT INTO index_variation_security (timespan_id, isin, fraction) VALUES (8, 'JP3497800007', 0.334019);
INSERT INTO index_variation_security (timespan_id, isin, fraction) VALUES (8, 'JP3197800000', 0.549061);
INSERT INTO index_variation_security (timespan_id, isin, fraction) VALUES (8, 'JP3955000009', 0.658855);
INSERT INTO index_variation_security (timespan_id, isin, fraction) VALUES (8, 'JP3236200006', 0.042946);
INSERT INTO index_variation_security (timespan_id, isin, fraction) VALUES (8, 'JP3197700002', 0.565889);
INSERT INTO index_variation_security (timespan_id, isin, fraction) VALUES (8, 'JP3802400006', 0.123399);
INSERT INTO index_variation_security (timespan_id, isin, fraction) VALUES (8, 'JP3630400004', 0.795407);
INSERT INTO index_variation_security (timespan_id, isin, fraction) VALUES (8, 'CH0012221716', 0.559664);
INSERT INTO index_variation_security (timespan_id, isin, fraction) VALUES (8, 'US0527691069', 0.087287);
INSERT INTO index_variation_security (timespan_id, isin, fraction) VALUES (8, 'DE000A111338', 0.194998);
INSERT INTO index_variation_security (timespan_id, isin, fraction) VALUES (8, 'KYG037AX1015', 0.334977);
INSERT INTO index_variation_security (timespan_id, isin, fraction) VALUES (8, 'JE00B783TY65', 0.154400);
INSERT INTO index_variation_security (timespan_id, isin, fraction) VALUES (8, 'US0043971052', 1.455799);
INSERT INTO index_variation_security (timespan_id, isin, fraction) VALUES (8, 'CA0019401052', 0.773037);
INSERT INTO index_variation_security (timespan_id, isin, fraction) VALUES (8, 'US0080731088', 0.228780);
INSERT INTO index_variation_security (timespan_id, isin, fraction) VALUES (8, 'US1143401024', 0.636288);
INSERT INTO index_variation_security (timespan_id, isin, fraction) VALUES (8, 'US1273871087', 0.280374);
INSERT INTO index_variation_security (timespan_id, isin, fraction) VALUES (8, 'FI0009013429', 0.292877);
INSERT INTO index_variation_security (timespan_id, isin, fraction) VALUES (8, 'US1924221039', 0.433271);
INSERT INTO index_variation_security (timespan_id, isin, fraction) VALUES (8, 'FR0000130650', 0.087510);
INSERT INTO index_variation_security (timespan_id, isin, fraction) VALUES (8, 'US88554D2053', 0.699278);
INSERT INTO index_variation_security (timespan_id, isin, fraction) VALUES (8, 'US2441991054', 0.088197);
INSERT INTO index_variation_security (timespan_id, isin, fraction) VALUES (8, 'DE0005565204', 0.299271);
INSERT INTO index_variation_security (timespan_id, isin, fraction) VALUES (8, 'SE0000163628', 0.979835);
INSERT INTO index_variation_security (timespan_id, isin, fraction) VALUES (8, 'US3116421021', 0.294114);
INSERT INTO index_variation_security (timespan_id, isin, fraction) VALUES (8, 'US3024451011', 0.370109);
INSERT INTO index_variation_security (timespan_id, isin, fraction) VALUES (8, 'DE0006602006', 0.353924);
INSERT INTO index_variation_security (timespan_id, isin, fraction) VALUES (8, 'SE0000103699', 0.223856);
INSERT INTO index_variation_security (timespan_id, isin, fraction) VALUES (8, 'US42330P1075', 1.467933);
INSERT INTO index_variation_security (timespan_id, isin, fraction) VALUES (8, 'VGG456671053', 0.944993);
INSERT INTO index_variation_security (timespan_id, isin, fraction) VALUES (8, 'US4523271090', 0.037736);
INSERT INTO index_variation_security (timespan_id, isin, fraction) VALUES (8, 'US44980X1090', 0.145909);
INSERT INTO index_variation_security (timespan_id, isin, fraction) VALUES (8, 'US4627261005', 0.222230);
INSERT INTO index_variation_security (timespan_id, isin, fraction) VALUES (8, 'DE0005488100', 0.233450);
INSERT INTO index_variation_security (timespan_id, isin, fraction) VALUES (8, 'US46120E6023', 0.042710);
INSERT INTO index_variation_security (timespan_id, isin, fraction) VALUES (8, 'US4778391049', 0.108505);
INSERT INTO index_variation_security (timespan_id, isin, fraction) VALUES (8, 'DE000A2NB601', 0.337556);
INSERT INTO index_variation_security (timespan_id, isin, fraction) VALUES (8, 'CH0100837282', 0.076075);
INSERT INTO index_variation_security (timespan_id, isin, fraction) VALUES (8, 'DE000KGX8881', 0.208082);
INSERT INTO index_variation_security (timespan_id, isin, fraction) VALUES (8, 'DE0006335003', 0.207050);
INSERT INTO index_variation_security (timespan_id, isin, fraction) VALUES (8, 'US5339001068', 0.142379);
INSERT INTO index_variation_security (timespan_id, isin, fraction) VALUES (8, 'US5627501092', 0.224492);
INSERT INTO index_variation_security (timespan_id, isin, fraction) VALUES (8, 'CA57778L1031', 0.392092);
INSERT INTO index_variation_security (timespan_id, isin, fraction) VALUES (8, 'US5950171042', 0.156780);
INSERT INTO index_variation_security (timespan_id, isin, fraction) VALUES (8, 'IL0011068553', 0.772873);
INSERT INTO index_variation_security (timespan_id, isin, fraction) VALUES (8, 'US6365181022', 0.270192);
INSERT INTO index_variation_security (timespan_id, isin, fraction) VALUES (8, 'US6556631025', 0.091475);
INSERT INTO index_variation_security (timespan_id, isin, fraction) VALUES (8, 'CA67000B1040', 0.172116);
INSERT INTO index_variation_security (timespan_id, isin, fraction) VALUES (8, 'US67020Y1001', 0.788647);
INSERT INTO index_variation_security (timespan_id, isin, fraction) VALUES (8, 'US67066G1040', 0.084515);
INSERT INTO index_variation_security (timespan_id, isin, fraction) VALUES (8, 'GB00B3MBS747', 1.028408);
INSERT INTO index_variation_security (timespan_id, isin, fraction) VALUES (8, 'US6752321025', 0.870317);
INSERT INTO index_variation_security (timespan_id, isin, fraction) VALUES (8, 'US69370C1009', 0.131654);
INSERT INTO index_variation_security (timespan_id, isin, fraction) VALUES (8, 'US7475251036', 0.185004);
INSERT INTO index_variation_security (timespan_id, isin, fraction) VALUES (8, 'NL0012169213', 0.341657);
INSERT INTO index_variation_security (timespan_id, isin, fraction) VALUES (8, 'US7542121089', 0.269020);
INSERT INTO index_variation_security (timespan_id, isin, fraction) VALUES (8, 'US7739031091', 0.125212);
INSERT INTO index_variation_security (timespan_id, isin, fraction) VALUES (8, 'GB0007323586', 0.196939);
INSERT INTO index_variation_security (timespan_id, isin, fraction) VALUES (8, 'FR0000121972', 0.174273);
INSERT INTO index_variation_security (timespan_id, isin, fraction) VALUES (8, 'DE0007236101', 0.103887);
INSERT INTO index_variation_security (timespan_id, isin, fraction) VALUES (8, 'IL0011267213', 0.563661);
INSERT INTO index_variation_security (timespan_id, isin, fraction) VALUES (8, 'US8793601050', 0.053864);
INSERT INTO index_variation_security (timespan_id, isin, fraction) VALUES (8, 'CH0012100191', 0.053654);
INSERT INTO index_variation_security (timespan_id, isin, fraction) VALUES (8, 'US8807701029', 0.327974);
INSERT INTO index_variation_security (timespan_id, isin, fraction) VALUES (8, 'US8962391004', 0.306944);
INSERT INTO index_variation_security (timespan_id, isin, fraction) VALUES (8, 'CH0033361673', 0.088844);
INSERT INTO index_variation_security (timespan_id, isin, fraction) VALUES (8, 'US92220P1057', 0.122201);
INSERT INTO index_variation_security (timespan_id, isin, fraction) VALUES (8, 'US9839191015', 0.168660);
INSERT INTO index_variation_security (timespan_id, isin, fraction) VALUES (8, 'US9892071054', 0.136903);

INSERT INTO index_variation_timespan (timespan_id, variation_id, valid_from, valid_to) VALUES (9, 1, '2018-12-12', '2018-12-13');
INSERT INTO index_variation_security (timespan_id, isin, fraction) VALUES (9, 'KR7098460009', 0.188152);
INSERT INTO index_variation_security (timespan_id, isin, fraction) VALUES (9, 'KYG014081064', 1.541009);
INSERT INTO index_variation_security (timespan_id, isin, fraction) VALUES (9, 'TW0002049004', 2.708879);
INSERT INTO index_variation_security (timespan_id, isin, fraction) VALUES (9, 'TW0002308004', 3.324998);
INSERT INTO index_variation_security (timespan_id, isin, fraction) VALUES (9, 'TW0002395001', 1.954450);
INSERT INTO index_variation_security (timespan_id, isin, fraction) VALUES (9, 'TW0003443008', 1.161340);
INSERT INTO index_variation_security (timespan_id, isin, fraction) VALUES (9, 'JP3592600005', 0.381886);
INSERT INTO index_variation_security (timespan_id, isin, fraction) VALUES (9, 'JP3102400003', 0.973944);
INSERT INTO index_variation_security (timespan_id, isin, fraction) VALUES (9, 'JP3809200003', 0.818343);
INSERT INTO index_variation_security (timespan_id, isin, fraction) VALUES (9, 'JP3651210001', 0.926391);
INSERT INTO index_variation_security (timespan_id, isin, fraction) VALUES (9, 'JP3162600005', 0.043527);
INSERT INTO index_variation_security (timespan_id, isin, fraction) VALUES (9, 'JP3765150002', 0.540024);
INSERT INTO index_variation_security (timespan_id, isin, fraction) VALUES (9, 'JP3497400006', 0.486311);
INSERT INTO index_variation_security (timespan_id, isin, fraction) VALUES (9, 'JP3124400007', 0.631810);
INSERT INTO index_variation_security (timespan_id, isin, fraction) VALUES (9, 'JP3813200007', 0.289949);
INSERT INTO index_variation_security (timespan_id, isin, fraction) VALUES (9, 'JP3539250005', 0.537661);
INSERT INTO index_variation_security (timespan_id, isin, fraction) VALUES (9, 'JP3944500002', 0.351416);
INSERT INTO index_variation_security (timespan_id, isin, fraction) VALUES (9, 'JP3902400005', 1.006151);
INSERT INTO index_variation_security (timespan_id, isin, fraction) VALUES (9, 'JP3932000007', 0.780775);
INSERT INTO index_variation_security (timespan_id, isin, fraction) VALUES (9, 'JP3497800007', 0.334019);
INSERT INTO index_variation_security (timespan_id, isin, fraction) VALUES (9, 'JP3197800000', 0.549061);
INSERT INTO index_variation_security (timespan_id, isin, fraction) VALUES (9, 'JP3955000009', 0.658855);
INSERT INTO index_variation_security (timespan_id, isin, fraction) VALUES (9, 'JP3236200006', 0.042946);
INSERT INTO index_variation_security (timespan_id, isin, fraction) VALUES (9, 'JP3197700002', 0.565889);
INSERT INTO index_variation_security (timespan_id, isin, fraction) VALUES (9, 'JP3802400006', 0.123399);
INSERT INTO index_variation_security (timespan_id, isin, fraction) VALUES (9, 'JP3630400004', 0.795407);
INSERT INTO index_variation_security (timespan_id, isin, fraction) VALUES (9, 'CH0012221716', 0.559664);
INSERT INTO index_variation_security (timespan_id, isin, fraction) VALUES (9, 'US0527691069', 0.087287);
INSERT INTO index_variation_security (timespan_id, isin, fraction) VALUES (9, 'DE000A111338', 0.194998);
INSERT INTO index_variation_security (timespan_id, isin, fraction) VALUES (9, 'KYG037AX1015', 0.334977);
INSERT INTO index_variation_security (timespan_id, isin, fraction) VALUES (9, 'JE00B783TY65', 0.154400);
INSERT INTO index_variation_security (timespan_id, isin, fraction) VALUES (9, 'US0043971052', 1.455799);
INSERT INTO index_variation_security (timespan_id, isin, fraction) VALUES (9, 'CA0019401052', 0.773037);
INSERT INTO index_variation_security (timespan_id, isin, fraction) VALUES (9, 'US0080731088', 0.228780);
INSERT INTO index_variation_security (timespan_id, isin, fraction) VALUES (9, 'US1143401024', 0.636288);
INSERT INTO index_variation_security (timespan_id, isin, fraction) VALUES (9, 'US1273871087', 0.280374);
INSERT INTO index_variation_security (timespan_id, isin, fraction) VALUES (9, 'FI0009013429', 0.292877);
INSERT INTO index_variation_security (timespan_id, isin, fraction) VALUES (9, 'US1924221039', 0.433271);
INSERT INTO index_variation_security (timespan_id, isin, fraction) VALUES (9, 'FR0000130650', 0.087510);
INSERT INTO index_variation_security (timespan_id, isin, fraction) VALUES (9, 'US88554D2053', 0.699278);
INSERT INTO index_variation_security (timespan_id, isin, fraction) VALUES (9, 'US2441991054', 0.088197);
INSERT INTO index_variation_security (timespan_id, isin, fraction) VALUES (9, 'DE0005565204', 0.299271);
INSERT INTO index_variation_security (timespan_id, isin, fraction) VALUES (9, 'SE0000163628', 0.979835);
INSERT INTO index_variation_security (timespan_id, isin, fraction) VALUES (9, 'US3116421021', 0.294114);
INSERT INTO index_variation_security (timespan_id, isin, fraction) VALUES (9, 'US3024451011', 0.370109);
INSERT INTO index_variation_security (timespan_id, isin, fraction) VALUES (9, 'DE0006602006', 0.353924);
INSERT INTO index_variation_security (timespan_id, isin, fraction) VALUES (9, 'SE0000103699', 0.223856);
INSERT INTO index_variation_security (timespan_id, isin, fraction) VALUES (9, 'US42330P1075', 1.467933);
INSERT INTO index_variation_security (timespan_id, isin, fraction) VALUES (9, 'VGG456671053', 0.944993);
INSERT INTO index_variation_security (timespan_id, isin, fraction) VALUES (9, 'US4523271090', 0.037736);
INSERT INTO index_variation_security (timespan_id, isin, fraction) VALUES (9, 'US44980X1090', 0.145909);
INSERT INTO index_variation_security (timespan_id, isin, fraction) VALUES (9, 'US4627261005', 0.222230);
INSERT INTO index_variation_security (timespan_id, isin, fraction) VALUES (9, 'DE0005488100', 0.233450);
INSERT INTO index_variation_security (timespan_id, isin, fraction) VALUES (9, 'US46120E6023', 0.042710);
INSERT INTO index_variation_security (timespan_id, isin, fraction) VALUES (9, 'US4778391049', 0.108505);
INSERT INTO index_variation_security (timespan_id, isin, fraction) VALUES (9, 'DE000A2NB601', 0.337556);
INSERT INTO index_variation_security (timespan_id, isin, fraction) VALUES (9, 'CH0100837282', 0.076075);
INSERT INTO index_variation_security (timespan_id, isin, fraction) VALUES (9, 'DE000KGX8881', 0.208082);
INSERT INTO index_variation_security (timespan_id, isin, fraction) VALUES (9, 'DE0006335003', 0.207050);
INSERT INTO index_variation_security (timespan_id, isin, fraction) VALUES (9, 'US5339001068', 0.142379);
INSERT INTO index_variation_security (timespan_id, isin, fraction) VALUES (9, 'US5627501092', 0.224492);
INSERT INTO index_variation_security (timespan_id, isin, fraction) VALUES (9, 'CA57778L1031', 0.392092);
INSERT INTO index_variation_security (timespan_id, isin, fraction) VALUES (9, 'US5950171042', 0.156780);
INSERT INTO index_variation_security (timespan_id, isin, fraction) VALUES (9, 'IL0011068553', 0.772873);
INSERT INTO index_variation_security (timespan_id, isin, fraction) VALUES (9, 'US6365181022', 0.270192);
INSERT INTO index_variation_security (timespan_id, isin, fraction) VALUES (9, 'US6556631025', 0.091475);
INSERT INTO index_variation_security (timespan_id, isin, fraction) VALUES (9, 'CA67000B1040', 0.172116);
INSERT INTO index_variation_security (timespan_id, isin, fraction) VALUES (9, 'US67020Y1001', 0.788647);
INSERT INTO index_variation_security (timespan_id, isin, fraction) VALUES (9, 'US67066G1040', 0.084515);
INSERT INTO index_variation_security (timespan_id, isin, fraction) VALUES (9, 'GB00B3MBS747', 1.028408);
INSERT INTO index_variation_security (timespan_id, isin, fraction) VALUES (9, 'US6752321025', 0.870317);
INSERT INTO index_variation_security (timespan_id, isin, fraction) VALUES (9, 'US69370C1009', 0.131654);
INSERT INTO index_variation_security (timespan_id, isin, fraction) VALUES (9, 'US7475251036', 0.185004);
INSERT INTO index_variation_security (timespan_id, isin, fraction) VALUES (9, 'NL0012169213', 0.341657);
INSERT INTO index_variation_security (timespan_id, isin, fraction) VALUES (9, 'US7542121089', 0.269020);
INSERT INTO index_variation_security (timespan_id, isin, fraction) VALUES (9, 'US7739031091', 0.125212);
INSERT INTO index_variation_security (timespan_id, isin, fraction) VALUES (9, 'GB0007323586', 0.196939);
INSERT INTO index_variation_security (timespan_id, isin, fraction) VALUES (9, 'FR0000121972', 0.174273);
INSERT INTO index_variation_security (timespan_id, isin, fraction) VALUES (9, 'DE0007236101', 0.103887);
INSERT INTO index_variation_security (timespan_id, isin, fraction) VALUES (9, 'IL0011267213', 0.563661);
INSERT INTO index_variation_security (timespan_id, isin, fraction) VALUES (9, 'US8793601050', 0.053864);
INSERT INTO index_variation_security (timespan_id, isin, fraction) VALUES (9, 'CH0012100191', 0.053654);
INSERT INTO index_variation_security (timespan_id, isin, fraction) VALUES (9, 'US8807701029', 0.327974);
INSERT INTO index_variation_security (timespan_id, isin, fraction) VALUES (9, 'US8962391004', 0.306944);
INSERT INTO index_variation_security (timespan_id, isin, fraction) VALUES (9, 'CH0033361673', 0.088844);
INSERT INTO index_variation_security (timespan_id, isin, fraction) VALUES (9, 'US92220P1057', 0.122201);
INSERT INTO index_variation_security (timespan_id, isin, fraction) VALUES (9, 'US9839191015', 0.168660);
INSERT INTO index_variation_security (timespan_id, isin, fraction) VALUES (9, 'US9892071054', 0.136903);

INSERT INTO index_variation_timespan (timespan_id, variation_id, valid_from, valid_to) VALUES (10, 1, '2018-12-13', '2018-12-14');
INSERT INTO index_variation_security (timespan_id, isin, fraction) VALUES (10, 'KR7098460009', 0.188152);
INSERT INTO index_variation_security (timespan_id, isin, fraction) VALUES (10, 'KYG014081064', 1.541009);
INSERT INTO index_variation_security (timespan_id, isin, fraction) VALUES (10, 'TW0002049004', 2.708879);
INSERT INTO index_variation_security (timespan_id, isin, fraction) VALUES (10, 'TW0002308004', 3.324998);
INSERT INTO index_variation_security (timespan_id, isin, fraction) VALUES (10, 'TW0002395001', 1.954450);
INSERT INTO index_variation_security (timespan_id, isin, fraction) VALUES (10, 'TW0003443008', 1.161340);
INSERT INTO index_variation_security (timespan_id, isin, fraction) VALUES (10, 'JP3592600005', 0.381886);
INSERT INTO index_variation_security (timespan_id, isin, fraction) VALUES (10, 'JP3102400003', 0.973944);
INSERT INTO index_variation_security (timespan_id, isin, fraction) VALUES (10, 'JP3809200003', 0.818343);
INSERT INTO index_variation_security (timespan_id, isin, fraction) VALUES (10, 'JP3651210001', 0.926391);
INSERT INTO index_variation_security (timespan_id, isin, fraction) VALUES (10, 'JP3162600005', 0.043527);
INSERT INTO index_variation_security (timespan_id, isin, fraction) VALUES (10, 'JP3765150002', 0.540024);
INSERT INTO index_variation_security (timespan_id, isin, fraction) VALUES (10, 'JP3497400006', 0.486311);
INSERT INTO index_variation_security (timespan_id, isin, fraction) VALUES (10, 'JP3124400007', 0.631810);
INSERT INTO index_variation_security (timespan_id, isin, fraction) VALUES (10, 'JP3813200007', 0.289949);
INSERT INTO index_variation_security (timespan_id, isin, fraction) VALUES (10, 'JP3539250005', 0.537661);
INSERT INTO index_variation_security (timespan_id, isin, fraction) VALUES (10, 'JP3944500002', 0.351416);
INSERT INTO index_variation_security (timespan_id, isin, fraction) VALUES (10, 'JP3902400005', 1.006151);
INSERT INTO index_variation_security (timespan_id, isin, fraction) VALUES (10, 'JP3932000007', 0.780775);
INSERT INTO index_variation_security (timespan_id, isin, fraction) VALUES (10, 'JP3497800007', 0.334019);
INSERT INTO index_variation_security (timespan_id, isin, fraction) VALUES (10, 'JP3197800000', 0.549061);
INSERT INTO index_variation_security (timespan_id, isin, fraction) VALUES (10, 'JP3955000009', 0.658855);
INSERT INTO index_variation_security (timespan_id, isin, fraction) VALUES (10, 'JP3236200006', 0.042946);
INSERT INTO index_variation_security (timespan_id, isin, fraction) VALUES (10, 'JP3197700002', 0.565889);
INSERT INTO index_variation_security (timespan_id, isin, fraction) VALUES (10, 'JP3802400006', 0.123399);
INSERT INTO index_variation_security (timespan_id, isin, fraction) VALUES (10, 'JP3630400004', 0.795407);
INSERT INTO index_variation_security (timespan_id, isin, fraction) VALUES (10, 'CH0012221716', 0.559664);
INSERT INTO index_variation_security (timespan_id, isin, fraction) VALUES (10, 'US0527691069', 0.087287);
INSERT INTO index_variation_security (timespan_id, isin, fraction) VALUES (10, 'DE000A111338', 0.194998);
INSERT INTO index_variation_security (timespan_id, isin, fraction) VALUES (10, 'KYG037AX1015', 0.334977);
INSERT INTO index_variation_security (timespan_id, isin, fraction) VALUES (10, 'JE00B783TY65', 0.154400);
INSERT INTO index_variation_security (timespan_id, isin, fraction) VALUES (10, 'US0043971052', 1.455799);
INSERT INTO index_variation_security (timespan_id, isin, fraction) VALUES (10, 'CA0019401052', 0.773037);
INSERT INTO index_variation_security (timespan_id, isin, fraction) VALUES (10, 'US0080731088', 0.228780);
INSERT INTO index_variation_security (timespan_id, isin, fraction) VALUES (10, 'US1143401024', 0.636288);
INSERT INTO index_variation_security (timespan_id, isin, fraction) VALUES (10, 'US1273871087', 0.280374);
INSERT INTO index_variation_security (timespan_id, isin, fraction) VALUES (10, 'FI0009013429', 0.292877);
INSERT INTO index_variation_security (timespan_id, isin, fraction) VALUES (10, 'US1924221039', 0.433271);
INSERT INTO index_variation_security (timespan_id, isin, fraction) VALUES (10, 'FR0000130650', 0.087510);
INSERT INTO index_variation_security (timespan_id, isin, fraction) VALUES (10, 'US88554D2053', 0.699278);
INSERT INTO index_variation_security (timespan_id, isin, fraction) VALUES (10, 'US2441991054', 0.088197);
INSERT INTO index_variation_security (timespan_id, isin, fraction) VALUES (10, 'DE0005565204', 0.299271);
INSERT INTO index_variation_security (timespan_id, isin, fraction) VALUES (10, 'SE0000163628', 0.979835);
INSERT INTO index_variation_security (timespan_id, isin, fraction) VALUES (10, 'US3116421021', 0.294114);
INSERT INTO index_variation_security (timespan_id, isin, fraction) VALUES (10, 'US3024451011', 0.370109);
INSERT INTO index_variation_security (timespan_id, isin, fraction) VALUES (10, 'DE0006602006', 0.353924);
INSERT INTO index_variation_security (timespan_id, isin, fraction) VALUES (10, 'SE0000103699', 0.223856);
INSERT INTO index_variation_security (timespan_id, isin, fraction) VALUES (10, 'US42330P1075', 1.467933);
INSERT INTO index_variation_security (timespan_id, isin, fraction) VALUES (10, 'VGG456671053', 0.944993);
INSERT INTO index_variation_security (timespan_id, isin, fraction) VALUES (10, 'US4523271090', 0.037736);
INSERT INTO index_variation_security (timespan_id, isin, fraction) VALUES (10, 'US44980X1090', 0.145909);
INSERT INTO index_variation_security (timespan_id, isin, fraction) VALUES (10, 'US4627261005', 0.222230);
INSERT INTO index_variation_security (timespan_id, isin, fraction) VALUES (10, 'DE0005488100', 0.233450);
INSERT INTO index_variation_security (timespan_id, isin, fraction) VALUES (10, 'US46120E6023', 0.042710);
INSERT INTO index_variation_security (timespan_id, isin, fraction) VALUES (10, 'US4778391049', 0.108505);
INSERT INTO index_variation_security (timespan_id, isin, fraction) VALUES (10, 'DE000A2NB601', 0.337556);
INSERT INTO index_variation_security (timespan_id, isin, fraction) VALUES (10, 'CH0100837282', 0.076075);
INSERT INTO index_variation_security (timespan_id, isin, fraction) VALUES (10, 'DE000KGX8881', 0.208082);
INSERT INTO index_variation_security (timespan_id, isin, fraction) VALUES (10, 'DE0006335003', 0.207050);
INSERT INTO index_variation_security (timespan_id, isin, fraction) VALUES (10, 'US5339001068', 0.142379);
INSERT INTO index_variation_security (timespan_id, isin, fraction) VALUES (10, 'US5627501092', 0.224492);
INSERT INTO index_variation_security (timespan_id, isin, fraction) VALUES (10, 'CA57778L1031', 0.392092);
INSERT INTO index_variation_security (timespan_id, isin, fraction) VALUES (10, 'US5950171042', 0.156780);
INSERT INTO index_variation_security (timespan_id, isin, fraction) VALUES (10, 'IL0011068553', 0.772873);
INSERT INTO index_variation_security (timespan_id, isin, fraction) VALUES (10, 'US6365181022', 0.270192);
INSERT INTO index_variation_security (timespan_id, isin, fraction) VALUES (10, 'US6556631025', 0.091475);
INSERT INTO index_variation_security (timespan_id, isin, fraction) VALUES (10, 'CA67000B1040', 0.172116);
INSERT INTO index_variation_security (timespan_id, isin, fraction) VALUES (10, 'US67020Y1001', 0.788647);
INSERT INTO index_variation_security (timespan_id, isin, fraction) VALUES (10, 'US67066G1040', 0.084515);
INSERT INTO index_variation_security (timespan_id, isin, fraction) VALUES (10, 'GB00B3MBS747', 1.028408);
INSERT INTO index_variation_security (timespan_id, isin, fraction) VALUES (10, 'US6752321025', 0.870317);
INSERT INTO index_variation_security (timespan_id, isin, fraction) VALUES (10, 'US69370C1009', 0.131654);
INSERT INTO index_variation_security (timespan_id, isin, fraction) VALUES (10, 'US7475251036', 0.185004);
INSERT INTO index_variation_security (timespan_id, isin, fraction) VALUES (10, 'NL0012169213', 0.341657);
INSERT INTO index_variation_security (timespan_id, isin, fraction) VALUES (10, 'US7542121089', 0.269020);
INSERT INTO index_variation_security (timespan_id, isin, fraction) VALUES (10, 'US7739031091', 0.125212);
INSERT INTO index_variation_security (timespan_id, isin, fraction) VALUES (10, 'GB0007323586', 0.196939);
INSERT INTO index_variation_security (timespan_id, isin, fraction) VALUES (10, 'FR0000121972', 0.174273);
INSERT INTO index_variation_security (timespan_id, isin, fraction) VALUES (10, 'DE0007236101', 0.103887);
INSERT INTO index_variation_security (timespan_id, isin, fraction) VALUES (10, 'IL0011267213', 0.563661);
INSERT INTO index_variation_security (timespan_id, isin, fraction) VALUES (10, 'US8793601050', 0.053864);
INSERT INTO index_variation_security (timespan_id, isin, fraction) VALUES (10, 'CH0012100191', 0.053654);
INSERT INTO index_variation_security (timespan_id, isin, fraction) VALUES (10, 'US8807701029', 0.327974);
INSERT INTO index_variation_security (timespan_id, isin, fraction) VALUES (10, 'US8962391004', 0.306944);
INSERT INTO index_variation_security (timespan_id, isin, fraction) VALUES (10, 'CH0033361673', 0.088844);
INSERT INTO index_variation_security (timespan_id, isin, fraction) VALUES (10, 'US92220P1057', 0.122201);
INSERT INTO index_variation_security (timespan_id, isin, fraction) VALUES (10, 'US9839191015', 0.168660);
INSERT INTO index_variation_security (timespan_id, isin, fraction) VALUES (10, 'US9892071054', 0.136903);

INSERT INTO index_variation_timespan (timespan_id, variation_id, valid_from, valid_to) VALUES (11, 1, '2018-12-14', '2018-12-15');
INSERT INTO index_variation_security (timespan_id, isin, fraction) VALUES (11, 'KR7098460009', 0.188152);
INSERT INTO index_variation_security (timespan_id, isin, fraction) VALUES (11, 'KYG014081064', 1.541009);
INSERT INTO index_variation_security (timespan_id, isin, fraction) VALUES (11, 'TW0002049004', 2.708879);
INSERT INTO index_variation_security (timespan_id, isin, fraction) VALUES (11, 'TW0002308004', 3.324998);
INSERT INTO index_variation_security (timespan_id, isin, fraction) VALUES (11, 'TW0002395001', 1.954450);
INSERT INTO index_variation_security (timespan_id, isin, fraction) VALUES (11, 'TW0003443008', 1.161340);
INSERT INTO index_variation_security (timespan_id, isin, fraction) VALUES (11, 'JP3592600005', 0.381886);
INSERT INTO index_variation_security (timespan_id, isin, fraction) VALUES (11, 'JP3102400003', 0.973944);
INSERT INTO index_variation_security (timespan_id, isin, fraction) VALUES (11, 'JP3809200003', 0.818343);
INSERT INTO index_variation_security (timespan_id, isin, fraction) VALUES (11, 'JP3651210001', 0.926391);
INSERT INTO index_variation_security (timespan_id, isin, fraction) VALUES (11, 'JP3162600005', 0.043527);
INSERT INTO index_variation_security (timespan_id, isin, fraction) VALUES (11, 'JP3765150002', 0.540024);
INSERT INTO index_variation_security (timespan_id, isin, fraction) VALUES (11, 'JP3497400006', 0.486311);
INSERT INTO index_variation_security (timespan_id, isin, fraction) VALUES (11, 'JP3124400007', 0.631810);
INSERT INTO index_variation_security (timespan_id, isin, fraction) VALUES (11, 'JP3813200007', 0.289949);
INSERT INTO index_variation_security (timespan_id, isin, fraction) VALUES (11, 'JP3539250005', 0.537661);
INSERT INTO index_variation_security (timespan_id, isin, fraction) VALUES (11, 'JP3944500002', 0.351416);
INSERT INTO index_variation_security (timespan_id, isin, fraction) VALUES (11, 'JP3902400005', 1.006151);
INSERT INTO index_variation_security (timespan_id, isin, fraction) VALUES (11, 'JP3932000007', 0.780775);
INSERT INTO index_variation_security (timespan_id, isin, fraction) VALUES (11, 'JP3497800007', 0.334019);
INSERT INTO index_variation_security (timespan_id, isin, fraction) VALUES (11, 'JP3197800000', 0.549061);
INSERT INTO index_variation_security (timespan_id, isin, fraction) VALUES (11, 'JP3955000009', 0.658855);
INSERT INTO index_variation_security (timespan_id, isin, fraction) VALUES (11, 'JP3236200006', 0.042946);
INSERT INTO index_variation_security (timespan_id, isin, fraction) VALUES (11, 'JP3197700002', 0.565889);
INSERT INTO index_variation_security (timespan_id, isin, fraction) VALUES (11, 'JP3802400006', 0.123399);
INSERT INTO index_variation_security (timespan_id, isin, fraction) VALUES (11, 'JP3630400004', 0.795407);
INSERT INTO index_variation_security (timespan_id, isin, fraction) VALUES (11, 'CH0012221716', 0.559664);
INSERT INTO index_variation_security (timespan_id, isin, fraction) VALUES (11, 'US0527691069', 0.087287);
INSERT INTO index_variation_security (timespan_id, isin, fraction) VALUES (11, 'DE000A111338', 0.194998);
INSERT INTO index_variation_security (timespan_id, isin, fraction) VALUES (11, 'KYG037AX1015', 0.334977);
INSERT INTO index_variation_security (timespan_id, isin, fraction) VALUES (11, 'JE00B783TY65', 0.154400);
INSERT INTO index_variation_security (timespan_id, isin, fraction) VALUES (11, 'US0043971052', 1.455799);
INSERT INTO index_variation_security (timespan_id, isin, fraction) VALUES (11, 'CA0019401052', 0.773037);
INSERT INTO index_variation_security (timespan_id, isin, fraction) VALUES (11, 'US0080731088', 0.228780);
INSERT INTO index_variation_security (timespan_id, isin, fraction) VALUES (11, 'US1143401024', 0.636288);
INSERT INTO index_variation_security (timespan_id, isin, fraction) VALUES (11, 'US1273871087', 0.280374);
INSERT INTO index_variation_security (timespan_id, isin, fraction) VALUES (11, 'FI0009013429', 0.292877);
INSERT INTO index_variation_security (timespan_id, isin, fraction) VALUES (11, 'US1924221039', 0.433271);
INSERT INTO index_variation_security (timespan_id, isin, fraction) VALUES (11, 'FR0000130650', 0.087510);
INSERT INTO index_variation_security (timespan_id, isin, fraction) VALUES (11, 'US88554D2053', 0.699278);
INSERT INTO index_variation_security (timespan_id, isin, fraction) VALUES (11, 'US2441991054', 0.088197);
INSERT INTO index_variation_security (timespan_id, isin, fraction) VALUES (11, 'DE0005565204', 0.299271);
INSERT INTO index_variation_security (timespan_id, isin, fraction) VALUES (11, 'SE0000163628', 0.979835);
INSERT INTO index_variation_security (timespan_id, isin, fraction) VALUES (11, 'US3116421021', 0.294114);
INSERT INTO index_variation_security (timespan_id, isin, fraction) VALUES (11, 'US3024451011', 0.370109);
INSERT INTO index_variation_security (timespan_id, isin, fraction) VALUES (11, 'DE0006602006', 0.353924);
INSERT INTO index_variation_security (timespan_id, isin, fraction) VALUES (11, 'SE0000103699', 0.223856);
INSERT INTO index_variation_security (timespan_id, isin, fraction) VALUES (11, 'US42330P1075', 1.467933);
INSERT INTO index_variation_security (timespan_id, isin, fraction) VALUES (11, 'VGG456671053', 0.944993);
INSERT INTO index_variation_security (timespan_id, isin, fraction) VALUES (11, 'US4523271090', 0.037736);
INSERT INTO index_variation_security (timespan_id, isin, fraction) VALUES (11, 'US44980X1090', 0.145909);
INSERT INTO index_variation_security (timespan_id, isin, fraction) VALUES (11, 'US4627261005', 0.222230);
INSERT INTO index_variation_security (timespan_id, isin, fraction) VALUES (11, 'DE0005488100', 0.233450);
INSERT INTO index_variation_security (timespan_id, isin, fraction) VALUES (11, 'US46120E6023', 0.042710);
INSERT INTO index_variation_security (timespan_id, isin, fraction) VALUES (11, 'US4778391049', 0.108505);
INSERT INTO index_variation_security (timespan_id, isin, fraction) VALUES (11, 'DE000A2NB601', 0.337556);
INSERT INTO index_variation_security (timespan_id, isin, fraction) VALUES (11, 'CH0100837282', 0.076075);
INSERT INTO index_variation_security (timespan_id, isin, fraction) VALUES (11, 'DE000KGX8881', 0.208082);
INSERT INTO index_variation_security (timespan_id, isin, fraction) VALUES (11, 'DE0006335003', 0.207050);
INSERT INTO index_variation_security (timespan_id, isin, fraction) VALUES (11, 'US5339001068', 0.142379);
INSERT INTO index_variation_security (timespan_id, isin, fraction) VALUES (11, 'US5627501092', 0.224492);
INSERT INTO index_variation_security (timespan_id, isin, fraction) VALUES (11, 'CA57778L1031', 0.392092);
INSERT INTO index_variation_security (timespan_id, isin, fraction) VALUES (11, 'US5950171042', 0.156780);
INSERT INTO index_variation_security (timespan_id, isin, fraction) VALUES (11, 'IL0011068553', 0.772873);
INSERT INTO index_variation_security (timespan_id, isin, fraction) VALUES (11, 'US6365181022', 0.270192);
INSERT INTO index_variation_security (timespan_id, isin, fraction) VALUES (11, 'US6556631025', 0.091475);
INSERT INTO index_variation_security (timespan_id, isin, fraction) VALUES (11, 'CA67000B1040', 0.172116);
INSERT INTO index_variation_security (timespan_id, isin, fraction) VALUES (11, 'US67020Y1001', 0.788647);
INSERT INTO index_variation_security (timespan_id, isin, fraction) VALUES (11, 'US67066G1040', 0.084515);
INSERT INTO index_variation_security (timespan_id, isin, fraction) VALUES (11, 'GB00B3MBS747', 1.028408);
INSERT INTO index_variation_security (timespan_id, isin, fraction) VALUES (11, 'US6752321025', 0.870317);
INSERT INTO index_variation_security (timespan_id, isin, fraction) VALUES (11, 'US69370C1009', 0.131654);
INSERT INTO index_variation_security (timespan_id, isin, fraction) VALUES (11, 'US7475251036', 0.185004);
INSERT INTO index_variation_security (timespan_id, isin, fraction) VALUES (11, 'NL0012169213', 0.341657);
INSERT INTO index_variation_security (timespan_id, isin, fraction) VALUES (11, 'US7542121089', 0.269020);
INSERT INTO index_variation_security (timespan_id, isin, fraction) VALUES (11, 'US7739031091', 0.125212);
INSERT INTO index_variation_security (timespan_id, isin, fraction) VALUES (11, 'GB0007323586', 0.196939);
INSERT INTO index_variation_security (timespan_id, isin, fraction) VALUES (11, 'FR0000121972', 0.174273);
INSERT INTO index_variation_security (timespan_id, isin, fraction) VALUES (11, 'DE0007236101', 0.103887);
INSERT INTO index_variation_security (timespan_id, isin, fraction) VALUES (11, 'IL0011267213', 0.563661);
INSERT INTO index_variation_security (timespan_id, isin, fraction) VALUES (11, 'US8793601050', 0.053864);
INSERT INTO index_variation_security (timespan_id, isin, fraction) VALUES (11, 'CH0012100191', 0.053654);
INSERT INTO index_variation_security (timespan_id, isin, fraction) VALUES (11, 'US8807701029', 0.327974);
INSERT INTO index_variation_security (timespan_id, isin, fraction) VALUES (11, 'US8962391004', 0.306944);
INSERT INTO index_variation_security (timespan_id, isin, fraction) VALUES (11, 'CH0033361673', 0.088844);
INSERT INTO index_variation_security (timespan_id, isin, fraction) VALUES (11, 'US92220P1057', 0.122201);
INSERT INTO index_variation_security (timespan_id, isin, fraction) VALUES (11, 'US9839191015', 0.168660);
INSERT INTO index_variation_security (timespan_id, isin, fraction) VALUES (11, 'US9892071054', 0.136903);

INSERT INTO index_variation_timespan (timespan_id, variation_id, valid_from, valid_to) VALUES (12, 1, '2018-12-17', '2018-12-18');
INSERT INTO index_variation_security (timespan_id, isin, fraction) VALUES (12, 'KR7098460009', 0.188152);
INSERT INTO index_variation_security (timespan_id, isin, fraction) VALUES (12, 'KYG014081064', 1.541009);
INSERT INTO index_variation_security (timespan_id, isin, fraction) VALUES (12, 'TW0002049004', 2.708879);
INSERT INTO index_variation_security (timespan_id, isin, fraction) VALUES (12, 'TW0002308004', 3.324998);
INSERT INTO index_variation_security (timespan_id, isin, fraction) VALUES (12, 'TW0002395001', 1.954450);
INSERT INTO index_variation_security (timespan_id, isin, fraction) VALUES (12, 'TW0003443008', 1.161340);
INSERT INTO index_variation_security (timespan_id, isin, fraction) VALUES (12, 'JP3592600005', 0.381886);
INSERT INTO index_variation_security (timespan_id, isin, fraction) VALUES (12, 'JP3102400003', 0.973944);
INSERT INTO index_variation_security (timespan_id, isin, fraction) VALUES (12, 'JP3809200003', 0.818343);
INSERT INTO index_variation_security (timespan_id, isin, fraction) VALUES (12, 'JP3651210001', 0.926391);
INSERT INTO index_variation_security (timespan_id, isin, fraction) VALUES (12, 'JP3162600005', 0.043527);
INSERT INTO index_variation_security (timespan_id, isin, fraction) VALUES (12, 'JP3765150002', 0.540024);
INSERT INTO index_variation_security (timespan_id, isin, fraction) VALUES (12, 'JP3497400006', 0.486311);
INSERT INTO index_variation_security (timespan_id, isin, fraction) VALUES (12, 'JP3124400007', 0.631810);
INSERT INTO index_variation_security (timespan_id, isin, fraction) VALUES (12, 'JP3813200007', 0.289949);
INSERT INTO index_variation_security (timespan_id, isin, fraction) VALUES (12, 'JP3539250005', 0.537661);
INSERT INTO index_variation_security (timespan_id, isin, fraction) VALUES (12, 'JP3944500002', 0.351416);
INSERT INTO index_variation_security (timespan_id, isin, fraction) VALUES (12, 'JP3902400005', 1.006151);
INSERT INTO index_variation_security (timespan_id, isin, fraction) VALUES (12, 'JP3932000007', 0.780775);
INSERT INTO index_variation_security (timespan_id, isin, fraction) VALUES (12, 'JP3497800007', 0.334019);
INSERT INTO index_variation_security (timespan_id, isin, fraction) VALUES (12, 'JP3197800000', 0.549061);
INSERT INTO index_variation_security (timespan_id, isin, fraction) VALUES (12, 'JP3955000009', 0.658855);
INSERT INTO index_variation_security (timespan_id, isin, fraction) VALUES (12, 'JP3236200006', 0.042946);
INSERT INTO index_variation_security (timespan_id, isin, fraction) VALUES (12, 'JP3197700002', 0.565889);
INSERT INTO index_variation_security (timespan_id, isin, fraction) VALUES (12, 'JP3802400006', 0.123399);
INSERT INTO index_variation_security (timespan_id, isin, fraction) VALUES (12, 'JP3630400004', 0.795407);
INSERT INTO index_variation_security (timespan_id, isin, fraction) VALUES (12, 'CH0012221716', 0.559664);
INSERT INTO index_variation_security (timespan_id, isin, fraction) VALUES (12, 'US0527691069', 0.087287);
INSERT INTO index_variation_security (timespan_id, isin, fraction) VALUES (12, 'DE000A111338', 0.194998);
INSERT INTO index_variation_security (timespan_id, isin, fraction) VALUES (12, 'KYG037AX1015', 0.334977);
INSERT INTO index_variation_security (timespan_id, isin, fraction) VALUES (12, 'JE00B783TY65', 0.154400);
INSERT INTO index_variation_security (timespan_id, isin, fraction) VALUES (12, 'US0043971052', 1.455799);
INSERT INTO index_variation_security (timespan_id, isin, fraction) VALUES (12, 'CA0019401052', 0.773037);
INSERT INTO index_variation_security (timespan_id, isin, fraction) VALUES (12, 'US0080731088', 0.228780);
INSERT INTO index_variation_security (timespan_id, isin, fraction) VALUES (12, 'US1143401024', 0.636288);
INSERT INTO index_variation_security (timespan_id, isin, fraction) VALUES (12, 'US1273871087', 0.280374);
INSERT INTO index_variation_security (timespan_id, isin, fraction) VALUES (12, 'FI0009013429', 0.292877);
INSERT INTO index_variation_security (timespan_id, isin, fraction) VALUES (12, 'US1924221039', 0.433271);
INSERT INTO index_variation_security (timespan_id, isin, fraction) VALUES (12, 'FR0000130650', 0.087510);
INSERT INTO index_variation_security (timespan_id, isin, fraction) VALUES (12, 'US88554D2053', 0.699278);
INSERT INTO index_variation_security (timespan_id, isin, fraction) VALUES (12, 'US2441991054', 0.088197);
INSERT INTO index_variation_security (timespan_id, isin, fraction) VALUES (12, 'DE0005565204', 0.299271);
INSERT INTO index_variation_security (timespan_id, isin, fraction) VALUES (12, 'SE0000163628', 0.979835);
INSERT INTO index_variation_security (timespan_id, isin, fraction) VALUES (12, 'US3116421021', 0.294114);
INSERT INTO index_variation_security (timespan_id, isin, fraction) VALUES (12, 'US3024451011', 0.370109);
INSERT INTO index_variation_security (timespan_id, isin, fraction) VALUES (12, 'DE0006602006', 0.353924);
INSERT INTO index_variation_security (timespan_id, isin, fraction) VALUES (12, 'SE0000103699', 0.223856);
INSERT INTO index_variation_security (timespan_id, isin, fraction) VALUES (12, 'US42330P1075', 1.467933);
INSERT INTO index_variation_security (timespan_id, isin, fraction) VALUES (12, 'VGG456671053', 0.944993);
INSERT INTO index_variation_security (timespan_id, isin, fraction) VALUES (12, 'US4523271090', 0.037736);
INSERT INTO index_variation_security (timespan_id, isin, fraction) VALUES (12, 'US44980X1090', 0.145909);
INSERT INTO index_variation_security (timespan_id, isin, fraction) VALUES (12, 'US4627261005', 0.222230);
INSERT INTO index_variation_security (timespan_id, isin, fraction) VALUES (12, 'DE0005488100', 0.233450);
INSERT INTO index_variation_security (timespan_id, isin, fraction) VALUES (12, 'US46120E6023', 0.042710);
INSERT INTO index_variation_security (timespan_id, isin, fraction) VALUES (12, 'US4778391049', 0.108505);
INSERT INTO index_variation_security (timespan_id, isin, fraction) VALUES (12, 'DE000A2NB601', 0.337556);
INSERT INTO index_variation_security (timespan_id, isin, fraction) VALUES (12, 'CH0100837282', 0.076075);
INSERT INTO index_variation_security (timespan_id, isin, fraction) VALUES (12, 'DE000KGX8881', 0.208082);
INSERT INTO index_variation_security (timespan_id, isin, fraction) VALUES (12, 'DE0006335003', 0.207050);
INSERT INTO index_variation_security (timespan_id, isin, fraction) VALUES (12, 'US5339001068', 0.142379);
INSERT INTO index_variation_security (timespan_id, isin, fraction) VALUES (12, 'US5627501092', 0.224492);
INSERT INTO index_variation_security (timespan_id, isin, fraction) VALUES (12, 'CA57778L1031', 0.392092);
INSERT INTO index_variation_security (timespan_id, isin, fraction) VALUES (12, 'US5950171042', 0.156780);
INSERT INTO index_variation_security (timespan_id, isin, fraction) VALUES (12, 'IL0011068553', 0.772873);
INSERT INTO index_variation_security (timespan_id, isin, fraction) VALUES (12, 'US6365181022', 0.270192);
INSERT INTO index_variation_security (timespan_id, isin, fraction) VALUES (12, 'US6556631025', 0.091475);
INSERT INTO index_variation_security (timespan_id, isin, fraction) VALUES (12, 'CA67000B1040', 0.172116);
INSERT INTO index_variation_security (timespan_id, isin, fraction) VALUES (12, 'US67020Y1001', 0.788647);
INSERT INTO index_variation_security (timespan_id, isin, fraction) VALUES (12, 'US67066G1040', 0.084515);
INSERT INTO index_variation_security (timespan_id, isin, fraction) VALUES (12, 'GB00B3MBS747', 1.028408);
INSERT INTO index_variation_security (timespan_id, isin, fraction) VALUES (12, 'US6752321025', 0.870317);
INSERT INTO index_variation_security (timespan_id, isin, fraction) VALUES (12, 'US69370C1009', 0.131654);
INSERT INTO index_variation_security (timespan_id, isin, fraction) VALUES (12, 'US7475251036', 0.185004);
INSERT INTO index_variation_security (timespan_id, isin, fraction) VALUES (12, 'NL0012169213', 0.341657);
INSERT INTO index_variation_security (timespan_id, isin, fraction) VALUES (12, 'US7542121089', 0.269020);
INSERT INTO index_variation_security (timespan_id, isin, fraction) VALUES (12, 'US7739031091', 0.125212);
INSERT INTO index_variation_security (timespan_id, isin, fraction) VALUES (12, 'GB0007323586', 0.196939);
INSERT INTO index_variation_security (timespan_id, isin, fraction) VALUES (12, 'FR0000121972', 0.174273);
INSERT INTO index_variation_security (timespan_id, isin, fraction) VALUES (12, 'DE0007236101', 0.103887);
INSERT INTO index_variation_security (timespan_id, isin, fraction) VALUES (12, 'IL0011267213', 0.563661);
INSERT INTO index_variation_security (timespan_id, isin, fraction) VALUES (12, 'US8793601050', 0.053864);
INSERT INTO index_variation_security (timespan_id, isin, fraction) VALUES (12, 'CH0012100191', 0.053654);
INSERT INTO index_variation_security (timespan_id, isin, fraction) VALUES (12, 'US8807701029', 0.327974);
INSERT INTO index_variation_security (timespan_id, isin, fraction) VALUES (12, 'US8962391004', 0.306944);
INSERT INTO index_variation_security (timespan_id, isin, fraction) VALUES (12, 'CH0033361673', 0.088844);
INSERT INTO index_variation_security (timespan_id, isin, fraction) VALUES (12, 'US92220P1057', 0.122201);
INSERT INTO index_variation_security (timespan_id, isin, fraction) VALUES (12, 'US9839191015', 0.168660);
INSERT INTO index_variation_security (timespan_id, isin, fraction) VALUES (12, 'US9892071054', 0.136903);

INSERT INTO index_variation_timespan (timespan_id, variation_id, valid_from, valid_to) VALUES (13, 1, '2018-12-18', '2018-12-19');
INSERT INTO index_variation_security (timespan_id, isin, fraction) VALUES (13, 'KR7098460009', 0.188152);
INSERT INTO index_variation_security (timespan_id, isin, fraction) VALUES (13, 'KYG014081064', 1.541009);
INSERT INTO index_variation_security (timespan_id, isin, fraction) VALUES (13, 'TW0002049004', 2.708879);
INSERT INTO index_variation_security (timespan_id, isin, fraction) VALUES (13, 'TW0002308004', 3.324998);
INSERT INTO index_variation_security (timespan_id, isin, fraction) VALUES (13, 'TW0002395001', 1.954450);
INSERT INTO index_variation_security (timespan_id, isin, fraction) VALUES (13, 'TW0003443008', 1.161340);
INSERT INTO index_variation_security (timespan_id, isin, fraction) VALUES (13, 'JP3592600005', 0.381886);
INSERT INTO index_variation_security (timespan_id, isin, fraction) VALUES (13, 'JP3102400003', 0.973944);
INSERT INTO index_variation_security (timespan_id, isin, fraction) VALUES (13, 'JP3809200003', 0.818343);
INSERT INTO index_variation_security (timespan_id, isin, fraction) VALUES (13, 'JP3651210001', 0.926391);
INSERT INTO index_variation_security (timespan_id, isin, fraction) VALUES (13, 'JP3162600005', 0.043527);
INSERT INTO index_variation_security (timespan_id, isin, fraction) VALUES (13, 'JP3765150002', 0.540024);
INSERT INTO index_variation_security (timespan_id, isin, fraction) VALUES (13, 'JP3497400006', 0.486311);
INSERT INTO index_variation_security (timespan_id, isin, fraction) VALUES (13, 'JP3124400007', 0.631810);
INSERT INTO index_variation_security (timespan_id, isin, fraction) VALUES (13, 'JP3813200007', 0.289949);
INSERT INTO index_variation_security (timespan_id, isin, fraction) VALUES (13, 'JP3539250005', 0.537661);
INSERT INTO index_variation_security (timespan_id, isin, fraction) VALUES (13, 'JP3944500002', 0.351416);
INSERT INTO index_variation_security (timespan_id, isin, fraction) VALUES (13, 'JP3902400005', 1.006151);
INSERT INTO index_variation_security (timespan_id, isin, fraction) VALUES (13, 'JP3932000007', 0.780775);
INSERT INTO index_variation_security (timespan_id, isin, fraction) VALUES (13, 'JP3497800007', 0.334019);
INSERT INTO index_variation_security (timespan_id, isin, fraction) VALUES (13, 'JP3197800000', 0.549061);
INSERT INTO index_variation_security (timespan_id, isin, fraction) VALUES (13, 'JP3955000009', 0.658855);
INSERT INTO index_variation_security (timespan_id, isin, fraction) VALUES (13, 'JP3236200006', 0.042946);
INSERT INTO index_variation_security (timespan_id, isin, fraction) VALUES (13, 'JP3197700002', 0.565889);
INSERT INTO index_variation_security (timespan_id, isin, fraction) VALUES (13, 'JP3802400006', 0.123399);
INSERT INTO index_variation_security (timespan_id, isin, fraction) VALUES (13, 'JP3630400004', 0.795407);
INSERT INTO index_variation_security (timespan_id, isin, fraction) VALUES (13, 'CH0012221716', 0.559664);
INSERT INTO index_variation_security (timespan_id, isin, fraction) VALUES (13, 'US0527691069', 0.087287);
INSERT INTO index_variation_security (timespan_id, isin, fraction) VALUES (13, 'DE000A111338', 0.194998);
INSERT INTO index_variation_security (timespan_id, isin, fraction) VALUES (13, 'KYG037AX1015', 0.334977);
INSERT INTO index_variation_security (timespan_id, isin, fraction) VALUES (13, 'JE00B783TY65', 0.154400);
INSERT INTO index_variation_security (timespan_id, isin, fraction) VALUES (13, 'US0043971052', 1.455799);
INSERT INTO index_variation_security (timespan_id, isin, fraction) VALUES (13, 'CA0019401052', 0.773037);
INSERT INTO index_variation_security (timespan_id, isin, fraction) VALUES (13, 'US0080731088', 0.228780);
INSERT INTO index_variation_security (timespan_id, isin, fraction) VALUES (13, 'US1143401024', 0.636288);
INSERT INTO index_variation_security (timespan_id, isin, fraction) VALUES (13, 'US1273871087', 0.280374);
INSERT INTO index_variation_security (timespan_id, isin, fraction) VALUES (13, 'FI0009013429', 0.292877);
INSERT INTO index_variation_security (timespan_id, isin, fraction) VALUES (13, 'US1924221039', 0.433271);
INSERT INTO index_variation_security (timespan_id, isin, fraction) VALUES (13, 'FR0000130650', 0.087510);
INSERT INTO index_variation_security (timespan_id, isin, fraction) VALUES (13, 'US88554D2053', 0.699278);
INSERT INTO index_variation_security (timespan_id, isin, fraction) VALUES (13, 'US2441991054', 0.088197);
INSERT INTO index_variation_security (timespan_id, isin, fraction) VALUES (13, 'DE0005565204', 0.299271);
INSERT INTO index_variation_security (timespan_id, isin, fraction) VALUES (13, 'SE0000163628', 0.979835);
INSERT INTO index_variation_security (timespan_id, isin, fraction) VALUES (13, 'US3116421021', 0.294114);
INSERT INTO index_variation_security (timespan_id, isin, fraction) VALUES (13, 'US3024451011', 0.370109);
INSERT INTO index_variation_security (timespan_id, isin, fraction) VALUES (13, 'DE0006602006', 0.353924);
INSERT INTO index_variation_security (timespan_id, isin, fraction) VALUES (13, 'SE0000103699', 0.223856);
INSERT INTO index_variation_security (timespan_id, isin, fraction) VALUES (13, 'US42330P1075', 1.467933);
INSERT INTO index_variation_security (timespan_id, isin, fraction) VALUES (13, 'VGG456671053', 0.944993);
INSERT INTO index_variation_security (timespan_id, isin, fraction) VALUES (13, 'US4523271090', 0.037736);
INSERT INTO index_variation_security (timespan_id, isin, fraction) VALUES (13, 'US44980X1090', 0.145909);
INSERT INTO index_variation_security (timespan_id, isin, fraction) VALUES (13, 'US4627261005', 0.222230);
INSERT INTO index_variation_security (timespan_id, isin, fraction) VALUES (13, 'DE0005488100', 0.233450);
INSERT INTO index_variation_security (timespan_id, isin, fraction) VALUES (13, 'US46120E6023', 0.042710);
INSERT INTO index_variation_security (timespan_id, isin, fraction) VALUES (13, 'US4778391049', 0.108505);
INSERT INTO index_variation_security (timespan_id, isin, fraction) VALUES (13, 'DE000A2NB601', 0.337556);
INSERT INTO index_variation_security (timespan_id, isin, fraction) VALUES (13, 'CH0100837282', 0.076075);
INSERT INTO index_variation_security (timespan_id, isin, fraction) VALUES (13, 'DE000KGX8881', 0.208082);
INSERT INTO index_variation_security (timespan_id, isin, fraction) VALUES (13, 'DE0006335003', 0.207050);
INSERT INTO index_variation_security (timespan_id, isin, fraction) VALUES (13, 'US5339001068', 0.142379);
INSERT INTO index_variation_security (timespan_id, isin, fraction) VALUES (13, 'US5627501092', 0.224492);
INSERT INTO index_variation_security (timespan_id, isin, fraction) VALUES (13, 'CA57778L1031', 0.392092);
INSERT INTO index_variation_security (timespan_id, isin, fraction) VALUES (13, 'US5950171042', 0.156780);
INSERT INTO index_variation_security (timespan_id, isin, fraction) VALUES (13, 'IL0011068553', 0.772873);
INSERT INTO index_variation_security (timespan_id, isin, fraction) VALUES (13, 'US6365181022', 0.270192);
INSERT INTO index_variation_security (timespan_id, isin, fraction) VALUES (13, 'US6556631025', 0.091475);
INSERT INTO index_variation_security (timespan_id, isin, fraction) VALUES (13, 'CA67000B1040', 0.172116);
INSERT INTO index_variation_security (timespan_id, isin, fraction) VALUES (13, 'US67020Y1001', 0.788647);
INSERT INTO index_variation_security (timespan_id, isin, fraction) VALUES (13, 'US67066G1040', 0.084515);
INSERT INTO index_variation_security (timespan_id, isin, fraction) VALUES (13, 'GB00B3MBS747', 1.028408);
INSERT INTO index_variation_security (timespan_id, isin, fraction) VALUES (13, 'US6752321025', 0.870317);
INSERT INTO index_variation_security (timespan_id, isin, fraction) VALUES (13, 'US69370C1009', 0.131654);
INSERT INTO index_variation_security (timespan_id, isin, fraction) VALUES (13, 'US7475251036', 0.185004);
INSERT INTO index_variation_security (timespan_id, isin, fraction) VALUES (13, 'NL0012169213', 0.341657);
INSERT INTO index_variation_security (timespan_id, isin, fraction) VALUES (13, 'US7542121089', 0.269020);
INSERT INTO index_variation_security (timespan_id, isin, fraction) VALUES (13, 'US7739031091', 0.125212);
INSERT INTO index_variation_security (timespan_id, isin, fraction) VALUES (13, 'GB0007323586', 0.196939);
INSERT INTO index_variation_security (timespan_id, isin, fraction) VALUES (13, 'FR0000121972', 0.174273);
INSERT INTO index_variation_security (timespan_id, isin, fraction) VALUES (13, 'DE0007236101', 0.103887);
INSERT INTO index_variation_security (timespan_id, isin, fraction) VALUES (13, 'IL0011267213', 0.563661);
INSERT INTO index_variation_security (timespan_id, isin, fraction) VALUES (13, 'US8793601050', 0.053864);
INSERT INTO index_variation_security (timespan_id, isin, fraction) VALUES (13, 'CH0012100191', 0.053654);
INSERT INTO index_variation_security (timespan_id, isin, fraction) VALUES (13, 'US8807701029', 0.327974);
INSERT INTO index_variation_security (timespan_id, isin, fraction) VALUES (13, 'US8962391004', 0.306944);
INSERT INTO index_variation_security (timespan_id, isin, fraction) VALUES (13, 'CH0033361673', 0.088844);
INSERT INTO index_variation_security (timespan_id, isin, fraction) VALUES (13, 'US92220P1057', 0.122201);
INSERT INTO index_variation_security (timespan_id, isin, fraction) VALUES (13, 'US9839191015', 0.168660);
INSERT INTO index_variation_security (timespan_id, isin, fraction) VALUES (13, 'US9892071054', 0.136903);

INSERT INTO index_variation_timespan (timespan_id, variation_id, valid_from, valid_to) VALUES (14, 1, '2018-12-19', '2018-12-20');
INSERT INTO index_variation_security (timespan_id, isin, fraction) VALUES (14, 'KR7098460009', 0.188152);
INSERT INTO index_variation_security (timespan_id, isin, fraction) VALUES (14, 'KYG014081064', 1.541009);
INSERT INTO index_variation_security (timespan_id, isin, fraction) VALUES (14, 'TW0002049004', 2.708879);
INSERT INTO index_variation_security (timespan_id, isin, fraction) VALUES (14, 'TW0002308004', 3.324998);
INSERT INTO index_variation_security (timespan_id, isin, fraction) VALUES (14, 'TW0002395001', 1.954450);
INSERT INTO index_variation_security (timespan_id, isin, fraction) VALUES (14, 'TW0003443008', 1.161340);
INSERT INTO index_variation_security (timespan_id, isin, fraction) VALUES (14, 'JP3592600005', 0.381886);
INSERT INTO index_variation_security (timespan_id, isin, fraction) VALUES (14, 'JP3102400003', 0.973944);
INSERT INTO index_variation_security (timespan_id, isin, fraction) VALUES (14, 'JP3809200003', 0.818343);
INSERT INTO index_variation_security (timespan_id, isin, fraction) VALUES (14, 'JP3651210001', 0.926391);
INSERT INTO index_variation_security (timespan_id, isin, fraction) VALUES (14, 'JP3162600005', 0.043527);
INSERT INTO index_variation_security (timespan_id, isin, fraction) VALUES (14, 'JP3765150002', 0.540024);
INSERT INTO index_variation_security (timespan_id, isin, fraction) VALUES (14, 'JP3497400006', 0.486311);
INSERT INTO index_variation_security (timespan_id, isin, fraction) VALUES (14, 'JP3124400007', 0.631810);
INSERT INTO index_variation_security (timespan_id, isin, fraction) VALUES (14, 'JP3813200007', 0.289949);
INSERT INTO index_variation_security (timespan_id, isin, fraction) VALUES (14, 'JP3539250005', 0.537661);
INSERT INTO index_variation_security (timespan_id, isin, fraction) VALUES (14, 'JP3944500002', 0.351416);
INSERT INTO index_variation_security (timespan_id, isin, fraction) VALUES (14, 'JP3902400005', 1.006151);
INSERT INTO index_variation_security (timespan_id, isin, fraction) VALUES (14, 'JP3932000007', 0.780775);
INSERT INTO index_variation_security (timespan_id, isin, fraction) VALUES (14, 'JP3497800007', 0.334019);
INSERT INTO index_variation_security (timespan_id, isin, fraction) VALUES (14, 'JP3197800000', 0.549061);
INSERT INTO index_variation_security (timespan_id, isin, fraction) VALUES (14, 'JP3955000009', 0.658855);
INSERT INTO index_variation_security (timespan_id, isin, fraction) VALUES (14, 'JP3236200006', 0.042946);
INSERT INTO index_variation_security (timespan_id, isin, fraction) VALUES (14, 'JP3197700002', 0.565889);
INSERT INTO index_variation_security (timespan_id, isin, fraction) VALUES (14, 'JP3802400006', 0.123399);
INSERT INTO index_variation_security (timespan_id, isin, fraction) VALUES (14, 'JP3630400004', 0.795407);
INSERT INTO index_variation_security (timespan_id, isin, fraction) VALUES (14, 'CH0012221716', 0.559664);
INSERT INTO index_variation_security (timespan_id, isin, fraction) VALUES (14, 'US0527691069', 0.087287);
INSERT INTO index_variation_security (timespan_id, isin, fraction) VALUES (14, 'DE000A111338', 0.194998);
INSERT INTO index_variation_security (timespan_id, isin, fraction) VALUES (14, 'KYG037AX1015', 0.334977);
INSERT INTO index_variation_security (timespan_id, isin, fraction) VALUES (14, 'JE00B783TY65', 0.154400);
INSERT INTO index_variation_security (timespan_id, isin, fraction) VALUES (14, 'US0043971052', 1.455799);
INSERT INTO index_variation_security (timespan_id, isin, fraction) VALUES (14, 'CA0019401052', 0.773037);
INSERT INTO index_variation_security (timespan_id, isin, fraction) VALUES (14, 'US0080731088', 0.228780);
INSERT INTO index_variation_security (timespan_id, isin, fraction) VALUES (14, 'US1143401024', 0.636288);
INSERT INTO index_variation_security (timespan_id, isin, fraction) VALUES (14, 'US1273871087', 0.280374);
INSERT INTO index_variation_security (timespan_id, isin, fraction) VALUES (14, 'FI0009013429', 0.292877);
INSERT INTO index_variation_security (timespan_id, isin, fraction) VALUES (14, 'US1924221039', 0.433271);
INSERT INTO index_variation_security (timespan_id, isin, fraction) VALUES (14, 'FR0000130650', 0.087510);
INSERT INTO index_variation_security (timespan_id, isin, fraction) VALUES (14, 'US88554D2053', 0.699278);
INSERT INTO index_variation_security (timespan_id, isin, fraction) VALUES (14, 'US2441991054', 0.088197);
INSERT INTO index_variation_security (timespan_id, isin, fraction) VALUES (14, 'DE0005565204', 0.299271);
INSERT INTO index_variation_security (timespan_id, isin, fraction) VALUES (14, 'SE0000163628', 0.979835);
INSERT INTO index_variation_security (timespan_id, isin, fraction) VALUES (14, 'US3116421021', 0.294114);
INSERT INTO index_variation_security (timespan_id, isin, fraction) VALUES (14, 'US3024451011', 0.370109);
INSERT INTO index_variation_security (timespan_id, isin, fraction) VALUES (14, 'DE0006602006', 0.353924);
INSERT INTO index_variation_security (timespan_id, isin, fraction) VALUES (14, 'SE0000103699', 0.223856);
INSERT INTO index_variation_security (timespan_id, isin, fraction) VALUES (14, 'US42330P1075', 1.467933);
INSERT INTO index_variation_security (timespan_id, isin, fraction) VALUES (14, 'VGG456671053', 0.944993);
INSERT INTO index_variation_security (timespan_id, isin, fraction) VALUES (14, 'US4523271090', 0.037736);
INSERT INTO index_variation_security (timespan_id, isin, fraction) VALUES (14, 'US44980X1090', 0.145909);
INSERT INTO index_variation_security (timespan_id, isin, fraction) VALUES (14, 'US4627261005', 0.222230);
INSERT INTO index_variation_security (timespan_id, isin, fraction) VALUES (14, 'DE0005488100', 0.233450);
INSERT INTO index_variation_security (timespan_id, isin, fraction) VALUES (14, 'US46120E6023', 0.042710);
INSERT INTO index_variation_security (timespan_id, isin, fraction) VALUES (14, 'US4778391049', 0.108505);
INSERT INTO index_variation_security (timespan_id, isin, fraction) VALUES (14, 'DE000A2NB601', 0.337556);
INSERT INTO index_variation_security (timespan_id, isin, fraction) VALUES (14, 'CH0100837282', 0.076075);
INSERT INTO index_variation_security (timespan_id, isin, fraction) VALUES (14, 'DE000KGX8881', 0.208082);
INSERT INTO index_variation_security (timespan_id, isin, fraction) VALUES (14, 'DE0006335003', 0.207050);
INSERT INTO index_variation_security (timespan_id, isin, fraction) VALUES (14, 'US5339001068', 0.142379);
INSERT INTO index_variation_security (timespan_id, isin, fraction) VALUES (14, 'US5627501092', 0.224492);
INSERT INTO index_variation_security (timespan_id, isin, fraction) VALUES (14, 'CA57778L1031', 0.392092);
INSERT INTO index_variation_security (timespan_id, isin, fraction) VALUES (14, 'US5950171042', 0.156780);
INSERT INTO index_variation_security (timespan_id, isin, fraction) VALUES (14, 'IL0011068553', 0.772873);
INSERT INTO index_variation_security (timespan_id, isin, fraction) VALUES (14, 'US6365181022', 0.270192);
INSERT INTO index_variation_security (timespan_id, isin, fraction) VALUES (14, 'US6556631025', 0.091475);
INSERT INTO index_variation_security (timespan_id, isin, fraction) VALUES (14, 'CA67000B1040', 0.172116);
INSERT INTO index_variation_security (timespan_id, isin, fraction) VALUES (14, 'US67020Y1001', 0.788647);
INSERT INTO index_variation_security (timespan_id, isin, fraction) VALUES (14, 'US67066G1040', 0.084515);
INSERT INTO index_variation_security (timespan_id, isin, fraction) VALUES (14, 'GB00B3MBS747', 1.028408);
INSERT INTO index_variation_security (timespan_id, isin, fraction) VALUES (14, 'US6752321025', 0.870317);
INSERT INTO index_variation_security (timespan_id, isin, fraction) VALUES (14, 'US69370C1009', 0.131654);
INSERT INTO index_variation_security (timespan_id, isin, fraction) VALUES (14, 'US7475251036', 0.185004);
INSERT INTO index_variation_security (timespan_id, isin, fraction) VALUES (14, 'NL0012169213', 0.341657);
INSERT INTO index_variation_security (timespan_id, isin, fraction) VALUES (14, 'US7542121089', 0.269020);
INSERT INTO index_variation_security (timespan_id, isin, fraction) VALUES (14, 'US7739031091', 0.125212);
INSERT INTO index_variation_security (timespan_id, isin, fraction) VALUES (14, 'GB0007323586', 0.196939);
INSERT INTO index_variation_security (timespan_id, isin, fraction) VALUES (14, 'FR0000121972', 0.174273);
INSERT INTO index_variation_security (timespan_id, isin, fraction) VALUES (14, 'DE0007236101', 0.103887);
INSERT INTO index_variation_security (timespan_id, isin, fraction) VALUES (14, 'IL0011267213', 0.563661);
INSERT INTO index_variation_security (timespan_id, isin, fraction) VALUES (14, 'US8793601050', 0.053864);
INSERT INTO index_variation_security (timespan_id, isin, fraction) VALUES (14, 'CH0012100191', 0.053654);
INSERT INTO index_variation_security (timespan_id, isin, fraction) VALUES (14, 'US8807701029', 0.327974);
INSERT INTO index_variation_security (timespan_id, isin, fraction) VALUES (14, 'US8962391004', 0.306944);
INSERT INTO index_variation_security (timespan_id, isin, fraction) VALUES (14, 'CH0033361673', 0.088844);
INSERT INTO index_variation_security (timespan_id, isin, fraction) VALUES (14, 'US92220P1057', 0.122201);
INSERT INTO index_variation_security (timespan_id, isin, fraction) VALUES (14, 'US9839191015', 0.168660);
INSERT INTO index_variation_security (timespan_id, isin, fraction) VALUES (14, 'US9892071054', 0.136903);

INSERT INTO index_variation_timespan (timespan_id, variation_id, valid_from, valid_to) VALUES (15, 1, '2018-12-20', '2018-12-21');
INSERT INTO index_variation_security (timespan_id, isin, fraction) VALUES (15, 'KR7098460009', 0.192174);
INSERT INTO index_variation_security (timespan_id, isin, fraction) VALUES (15, 'KYG014081064', 1.573951);
INSERT INTO index_variation_security (timespan_id, isin, fraction) VALUES (15, 'TW0002049004', 2.766786);
INSERT INTO index_variation_security (timespan_id, isin, fraction) VALUES (15, 'TW0002308004', 3.396075);
INSERT INTO index_variation_security (timespan_id, isin, fraction) VALUES (15, 'TW0002395001', 1.996229);
INSERT INTO index_variation_security (timespan_id, isin, fraction) VALUES (15, 'TW0003443008', 1.186165);
INSERT INTO index_variation_security (timespan_id, isin, fraction) VALUES (15, 'JP3592600005', 0.390049);
INSERT INTO index_variation_security (timespan_id, isin, fraction) VALUES (15, 'JP3102400003', 0.994764);
INSERT INTO index_variation_security (timespan_id, isin, fraction) VALUES (15, 'JP3809200003', 0.835836);
INSERT INTO index_variation_security (timespan_id, isin, fraction) VALUES (15, 'JP3651210001', 0.946194);
INSERT INTO index_variation_security (timespan_id, isin, fraction) VALUES (15, 'JP3162600005', 0.044457);
INSERT INTO index_variation_security (timespan_id, isin, fraction) VALUES (15, 'JP3765150002', 0.551568);
INSERT INTO index_variation_security (timespan_id, isin, fraction) VALUES (15, 'JP3497400006', 0.496707);
INSERT INTO index_variation_security (timespan_id, isin, fraction) VALUES (15, 'JP3124400007', 0.645316);
INSERT INTO index_variation_security (timespan_id, isin, fraction) VALUES (15, 'JP3813200007', 0.296147);
INSERT INTO index_variation_security (timespan_id, isin, fraction) VALUES (15, 'JP3539250005', 0.549154);
INSERT INTO index_variation_security (timespan_id, isin, fraction) VALUES (15, 'JP3944500002', 0.358928);
INSERT INTO index_variation_security (timespan_id, isin, fraction) VALUES (15, 'JP3902400005', 1.027659);
INSERT INTO index_variation_security (timespan_id, isin, fraction) VALUES (15, 'JP3932000007', 0.797465);
INSERT INTO index_variation_security (timespan_id, isin, fraction) VALUES (15, 'JP3497800007', 0.341159);
INSERT INTO index_variation_security (timespan_id, isin, fraction) VALUES (15, 'JP3197800000', 0.560798);
INSERT INTO index_variation_security (timespan_id, isin, fraction) VALUES (15, 'JP3955000009', 0.672939);
INSERT INTO index_variation_security (timespan_id, isin, fraction) VALUES (15, 'JP3236200006', 0.043864);
INSERT INTO index_variation_security (timespan_id, isin, fraction) VALUES (15, 'JP3197700002', 0.577986);
INSERT INTO index_variation_security (timespan_id, isin, fraction) VALUES (15, 'JP3802400006', 0.126037);
INSERT INTO index_variation_security (timespan_id, isin, fraction) VALUES (15, 'JP3630400004', 0.812410);
INSERT INTO index_variation_security (timespan_id, isin, fraction) VALUES (15, 'CH0012221716', 0.571628);
INSERT INTO index_variation_security (timespan_id, isin, fraction) VALUES (15, 'US0527691069', 0.089153);
INSERT INTO index_variation_security (timespan_id, isin, fraction) VALUES (15, 'DE000A111338', 0.199166);
INSERT INTO index_variation_security (timespan_id, isin, fraction) VALUES (15, 'KYG037AX1015', 0.342138);
INSERT INTO index_variation_security (timespan_id, isin, fraction) VALUES (15, 'JE00B783TY65', 0.157701);
INSERT INTO index_variation_security (timespan_id, isin, fraction) VALUES (15, 'US0043971052', 1.486919);
INSERT INTO index_variation_security (timespan_id, isin, fraction) VALUES (15, 'CA0019401052', 0.789562);
INSERT INTO index_variation_security (timespan_id, isin, fraction) VALUES (15, 'US0080731088', 0.233671);
INSERT INTO index_variation_security (timespan_id, isin, fraction) VALUES (15, 'US1143401024', 0.649890);
INSERT INTO index_variation_security (timespan_id, isin, fraction) VALUES (15, 'US1273871087', 0.286367);
INSERT INTO index_variation_security (timespan_id, isin, fraction) VALUES (15, 'FI0009013429', 0.299138);
INSERT INTO index_variation_security (timespan_id, isin, fraction) VALUES (15, 'US1924221039', 0.442533);
INSERT INTO index_variation_security (timespan_id, isin, fraction) VALUES (15, 'FR0000130650', 0.089381);
INSERT INTO index_variation_security (timespan_id, isin, fraction) VALUES (15, 'US88554D2053', 0.714226);
INSERT INTO index_variation_security (timespan_id, isin, fraction) VALUES (15, 'US2441991054', 0.090082);
INSERT INTO index_variation_security (timespan_id, isin, fraction) VALUES (15, 'DE0005565204', 0.305668);
INSERT INTO index_variation_security (timespan_id, isin, fraction) VALUES (15, 'SE0000163628', 1.000781);
INSERT INTO index_variation_security (timespan_id, isin, fraction) VALUES (15, 'US3116421021', 0.300401);
INSERT INTO index_variation_security (timespan_id, isin, fraction) VALUES (15, 'US3024451011', 0.378021);
INSERT INTO index_variation_security (timespan_id, isin, fraction) VALUES (15, 'DE0006602006', 0.361490);
INSERT INTO index_variation_security (timespan_id, isin, fraction) VALUES (15, 'SE0000103699', 0.228641);
INSERT INTO index_variation_security (timespan_id, isin, fraction) VALUES (15, 'US42330P1075', 1.499312);
INSERT INTO index_variation_security (timespan_id, isin, fraction) VALUES (15, 'VGG456671053', 0.965194);
INSERT INTO index_variation_security (timespan_id, isin, fraction) VALUES (15, 'US4523271090', 0.038543);
INSERT INTO index_variation_security (timespan_id, isin, fraction) VALUES (15, 'US44980X1090', 0.149028);
INSERT INTO index_variation_security (timespan_id, isin, fraction) VALUES (15, 'US4627261005', 0.226981);
INSERT INTO index_variation_security (timespan_id, isin, fraction) VALUES (15, 'DE0005488100', 0.238440);
INSERT INTO index_variation_security (timespan_id, isin, fraction) VALUES (15, 'US46120E6023', 0.043623);
INSERT INTO index_variation_security (timespan_id, isin, fraction) VALUES (15, 'US4778391049', 0.110824);
INSERT INTO index_variation_security (timespan_id, isin, fraction) VALUES (15, 'DE000A2NB601', 0.344772);
INSERT INTO index_variation_security (timespan_id, isin, fraction) VALUES (15, 'CH0100837282', 0.077701);
INSERT INTO index_variation_security (timespan_id, isin, fraction) VALUES (15, 'DE000KGX8881', 0.212530);
INSERT INTO index_variation_security (timespan_id, isin, fraction) VALUES (15, 'DE0006335003', 0.211476);
INSERT INTO index_variation_security (timespan_id, isin, fraction) VALUES (15, 'US5339001068', 0.145423);
INSERT INTO index_variation_security (timespan_id, isin, fraction) VALUES (15, 'US5627501092', 0.229291);
INSERT INTO index_variation_security (timespan_id, isin, fraction) VALUES (15, 'CA57778L1031', 0.400474);
INSERT INTO index_variation_security (timespan_id, isin, fraction) VALUES (15, 'US5950171042', 0.160131);
INSERT INTO index_variation_security (timespan_id, isin, fraction) VALUES (15, 'US6365181022', 0.275968);
INSERT INTO index_variation_security (timespan_id, isin, fraction) VALUES (15, 'US6556631025', 0.093430);
INSERT INTO index_variation_security (timespan_id, isin, fraction) VALUES (15, 'CA67000B1040', 0.175795);
INSERT INTO index_variation_security (timespan_id, isin, fraction) VALUES (15, 'US67020Y1001', 0.805506);
INSERT INTO index_variation_security (timespan_id, isin, fraction) VALUES (15, 'US67066G1040', 0.086322);
INSERT INTO index_variation_security (timespan_id, isin, fraction) VALUES (15, 'GB00B3MBS747', 1.050392);
INSERT INTO index_variation_security (timespan_id, isin, fraction) VALUES (15, 'US6752321025', 0.888921);
INSERT INTO index_variation_security (timespan_id, isin, fraction) VALUES (15, 'US69370C1009', 0.134468);
INSERT INTO index_variation_security (timespan_id, isin, fraction) VALUES (15, 'US7475251036', 0.188959);
INSERT INTO index_variation_security (timespan_id, isin, fraction) VALUES (15, 'NL0012169213', 0.348960);
INSERT INTO index_variation_security (timespan_id, isin, fraction) VALUES (15, 'US7542121089', 0.274771);
INSERT INTO index_variation_security (timespan_id, isin, fraction) VALUES (15, 'US7739031091', 0.127889);
INSERT INTO index_variation_security (timespan_id, isin, fraction) VALUES (15, 'GB0007323586', 0.201149);
INSERT INTO index_variation_security (timespan_id, isin, fraction) VALUES (15, 'FR0000121972', 0.177998);
INSERT INTO index_variation_security (timespan_id, isin, fraction) VALUES (15, 'DE0007236101', 0.106108);
INSERT INTO index_variation_security (timespan_id, isin, fraction) VALUES (15, 'IL0011267213', 0.575710);
INSERT INTO index_variation_security (timespan_id, isin, fraction) VALUES (15, 'US8793601050', 0.055015);
INSERT INTO index_variation_security (timespan_id, isin, fraction) VALUES (15, 'CH0012100191', 0.054801);
INSERT INTO index_variation_security (timespan_id, isin, fraction) VALUES (15, 'US8807701029', 0.334985);
INSERT INTO index_variation_security (timespan_id, isin, fraction) VALUES (15, 'US8962391004', 0.313505);
INSERT INTO index_variation_security (timespan_id, isin, fraction) VALUES (15, 'CH0033361673', 0.090743);
INSERT INTO index_variation_security (timespan_id, isin, fraction) VALUES (15, 'US92220P1057', 0.124813);
INSERT INTO index_variation_security (timespan_id, isin, fraction) VALUES (15, 'US9839191015', 0.172265);
INSERT INTO index_variation_security (timespan_id, isin, fraction) VALUES (15, 'US9892071054', 0.139830);

INSERT INTO index_variation_timespan (timespan_id, variation_id, valid_from, valid_to) VALUES (16, 1, '2018-12-21', '2018-12-22');
INSERT INTO index_variation_security (timespan_id, isin, fraction) VALUES (16, 'KR7098460009', 0.192174);
INSERT INTO index_variation_security (timespan_id, isin, fraction) VALUES (16, 'KYG014081064', 1.573951);
INSERT INTO index_variation_security (timespan_id, isin, fraction) VALUES (16, 'TW0002049004', 2.766786);
INSERT INTO index_variation_security (timespan_id, isin, fraction) VALUES (16, 'TW0002308004', 3.396075);
INSERT INTO index_variation_security (timespan_id, isin, fraction) VALUES (16, 'TW0002395001', 1.996229);
INSERT INTO index_variation_security (timespan_id, isin, fraction) VALUES (16, 'TW0003443008', 1.186165);
INSERT INTO index_variation_security (timespan_id, isin, fraction) VALUES (16, 'JP3592600005', 0.390049);
INSERT INTO index_variation_security (timespan_id, isin, fraction) VALUES (16, 'JP3102400003', 0.994764);
INSERT INTO index_variation_security (timespan_id, isin, fraction) VALUES (16, 'JP3809200003', 0.835836);
INSERT INTO index_variation_security (timespan_id, isin, fraction) VALUES (16, 'JP3651210001', 0.946194);
INSERT INTO index_variation_security (timespan_id, isin, fraction) VALUES (16, 'JP3162600005', 0.044457);
INSERT INTO index_variation_security (timespan_id, isin, fraction) VALUES (16, 'JP3765150002', 0.551568);
INSERT INTO index_variation_security (timespan_id, isin, fraction) VALUES (16, 'JP3497400006', 0.496707);
INSERT INTO index_variation_security (timespan_id, isin, fraction) VALUES (16, 'JP3124400007', 0.645316);
INSERT INTO index_variation_security (timespan_id, isin, fraction) VALUES (16, 'JP3813200007', 0.296147);
INSERT INTO index_variation_security (timespan_id, isin, fraction) VALUES (16, 'JP3539250005', 0.549154);
INSERT INTO index_variation_security (timespan_id, isin, fraction) VALUES (16, 'JP3944500002', 0.358928);
INSERT INTO index_variation_security (timespan_id, isin, fraction) VALUES (16, 'JP3902400005', 1.027659);
INSERT INTO index_variation_security (timespan_id, isin, fraction) VALUES (16, 'JP3932000007', 0.797465);
INSERT INTO index_variation_security (timespan_id, isin, fraction) VALUES (16, 'JP3497800007', 0.341159);
INSERT INTO index_variation_security (timespan_id, isin, fraction) VALUES (16, 'JP3197800000', 0.560798);
INSERT INTO index_variation_security (timespan_id, isin, fraction) VALUES (16, 'JP3955000009', 0.672939);
INSERT INTO index_variation_security (timespan_id, isin, fraction) VALUES (16, 'JP3236200006', 0.043864);
INSERT INTO index_variation_security (timespan_id, isin, fraction) VALUES (16, 'JP3197700002', 0.577986);
INSERT INTO index_variation_security (timespan_id, isin, fraction) VALUES (16, 'JP3802400006', 0.126037);
INSERT INTO index_variation_security (timespan_id, isin, fraction) VALUES (16, 'JP3630400004', 0.812410);
INSERT INTO index_variation_security (timespan_id, isin, fraction) VALUES (16, 'CH0012221716', 0.571628);
INSERT INTO index_variation_security (timespan_id, isin, fraction) VALUES (16, 'US0527691069', 0.089153);
INSERT INTO index_variation_security (timespan_id, isin, fraction) VALUES (16, 'DE000A111338', 0.199166);
INSERT INTO index_variation_security (timespan_id, isin, fraction) VALUES (16, 'KYG037AX1015', 0.342138);
INSERT INTO index_variation_security (timespan_id, isin, fraction) VALUES (16, 'JE00B783TY65', 0.157701);
INSERT INTO index_variation_security (timespan_id, isin, fraction) VALUES (16, 'US0043971052', 1.486919);
INSERT INTO index_variation_security (timespan_id, isin, fraction) VALUES (16, 'CA0019401052', 0.789562);
INSERT INTO index_variation_security (timespan_id, isin, fraction) VALUES (16, 'US0080731088', 0.233671);
INSERT INTO index_variation_security (timespan_id, isin, fraction) VALUES (16, 'US1143401024', 0.649890);
INSERT INTO index_variation_security (timespan_id, isin, fraction) VALUES (16, 'US1273871087', 0.286367);
INSERT INTO index_variation_security (timespan_id, isin, fraction) VALUES (16, 'FI0009013429', 0.299138);
INSERT INTO index_variation_security (timespan_id, isin, fraction) VALUES (16, 'US1924221039', 0.442533);
INSERT INTO index_variation_security (timespan_id, isin, fraction) VALUES (16, 'FR0000130650', 0.089381);
INSERT INTO index_variation_security (timespan_id, isin, fraction) VALUES (16, 'US88554D2053', 0.714226);
INSERT INTO index_variation_security (timespan_id, isin, fraction) VALUES (16, 'US2441991054', 0.090082);
INSERT INTO index_variation_security (timespan_id, isin, fraction) VALUES (16, 'DE0005565204', 0.305668);
INSERT INTO index_variation_security (timespan_id, isin, fraction) VALUES (16, 'SE0000163628', 1.000781);
INSERT INTO index_variation_security (timespan_id, isin, fraction) VALUES (16, 'US3116421021', 0.300401);
INSERT INTO index_variation_security (timespan_id, isin, fraction) VALUES (16, 'US3024451011', 0.378021);
INSERT INTO index_variation_security (timespan_id, isin, fraction) VALUES (16, 'DE0006602006', 0.361490);
INSERT INTO index_variation_security (timespan_id, isin, fraction) VALUES (16, 'SE0000103699', 0.228641);
INSERT INTO index_variation_security (timespan_id, isin, fraction) VALUES (16, 'US42330P1075', 1.499312);
INSERT INTO index_variation_security (timespan_id, isin, fraction) VALUES (16, 'VGG456671053', 0.965194);
INSERT INTO index_variation_security (timespan_id, isin, fraction) VALUES (16, 'US4523271090', 0.038543);
INSERT INTO index_variation_security (timespan_id, isin, fraction) VALUES (16, 'US44980X1090', 0.149028);
INSERT INTO index_variation_security (timespan_id, isin, fraction) VALUES (16, 'US4627261005', 0.226981);
INSERT INTO index_variation_security (timespan_id, isin, fraction) VALUES (16, 'DE0005488100', 0.238440);
INSERT INTO index_variation_security (timespan_id, isin, fraction) VALUES (16, 'US46120E6023', 0.043623);
INSERT INTO index_variation_security (timespan_id, isin, fraction) VALUES (16, 'US4778391049', 0.110824);
INSERT INTO index_variation_security (timespan_id, isin, fraction) VALUES (16, 'DE000A2NB601', 0.344772);
INSERT INTO index_variation_security (timespan_id, isin, fraction) VALUES (16, 'CH0100837282', 0.077701);
INSERT INTO index_variation_security (timespan_id, isin, fraction) VALUES (16, 'DE000KGX8881', 0.212530);
INSERT INTO index_variation_security (timespan_id, isin, fraction) VALUES (16, 'DE0006335003', 0.211476);
INSERT INTO index_variation_security (timespan_id, isin, fraction) VALUES (16, 'US5339001068', 0.145423);
INSERT INTO index_variation_security (timespan_id, isin, fraction) VALUES (16, 'US5627501092', 0.229291);
INSERT INTO index_variation_security (timespan_id, isin, fraction) VALUES (16, 'CA57778L1031', 0.400474);
INSERT INTO index_variation_security (timespan_id, isin, fraction) VALUES (16, 'US5950171042', 0.160131);
INSERT INTO index_variation_security (timespan_id, isin, fraction) VALUES (16, 'US6365181022', 0.275968);
INSERT INTO index_variation_security (timespan_id, isin, fraction) VALUES (16, 'US6556631025', 0.093430);
INSERT INTO index_variation_security (timespan_id, isin, fraction) VALUES (16, 'CA67000B1040', 0.175795);
INSERT INTO index_variation_security (timespan_id, isin, fraction) VALUES (16, 'US67020Y1001', 0.805506);
INSERT INTO index_variation_security (timespan_id, isin, fraction) VALUES (16, 'US67066G1040', 0.086322);
INSERT INTO index_variation_security (timespan_id, isin, fraction) VALUES (16, 'GB00B3MBS747', 1.050392);
INSERT INTO index_variation_security (timespan_id, isin, fraction) VALUES (16, 'US6752321025', 0.888921);
INSERT INTO index_variation_security (timespan_id, isin, fraction) VALUES (16, 'US69370C1009', 0.134468);
INSERT INTO index_variation_security (timespan_id, isin, fraction) VALUES (16, 'US7475251036', 0.188959);
INSERT INTO index_variation_security (timespan_id, isin, fraction) VALUES (16, 'NL0012169213', 0.348960);
INSERT INTO index_variation_security (timespan_id, isin, fraction) VALUES (16, 'US7542121089', 0.274771);
INSERT INTO index_variation_security (timespan_id, isin, fraction) VALUES (16, 'US7739031091', 0.127889);
INSERT INTO index_variation_security (timespan_id, isin, fraction) VALUES (16, 'GB0007323586', 0.201149);
INSERT INTO index_variation_security (timespan_id, isin, fraction) VALUES (16, 'FR0000121972', 0.177998);
INSERT INTO index_variation_security (timespan_id, isin, fraction) VALUES (16, 'DE0007236101', 0.106108);
INSERT INTO index_variation_security (timespan_id, isin, fraction) VALUES (16, 'IL0011267213', 0.575710);
INSERT INTO index_variation_security (timespan_id, isin, fraction) VALUES (16, 'US8793601050', 0.055015);
INSERT INTO index_variation_security (timespan_id, isin, fraction) VALUES (16, 'CH0012100191', 0.054801);
INSERT INTO index_variation_security (timespan_id, isin, fraction) VALUES (16, 'US8807701029', 0.334985);
INSERT INTO index_variation_security (timespan_id, isin, fraction) VALUES (16, 'US8962391004', 0.313505);
INSERT INTO index_variation_security (timespan_id, isin, fraction) VALUES (16, 'CH0033361673', 0.090743);
INSERT INTO index_variation_security (timespan_id, isin, fraction) VALUES (16, 'US92220P1057', 0.124813);
INSERT INTO index_variation_security (timespan_id, isin, fraction) VALUES (16, 'US9839191015', 0.172265);
INSERT INTO index_variation_security (timespan_id, isin, fraction) VALUES (16, 'US9892071054', 0.139830);

INSERT INTO index_variation_timespan (timespan_id, variation_id, valid_from, valid_to) VALUES (17, 1, '2018-12-24', '2018-12-25');
INSERT INTO index_variation_security (timespan_id, isin, fraction) VALUES (17, 'KR7098460009', 0.211901);
INSERT INTO index_variation_security (timespan_id, isin, fraction) VALUES (17, 'KYG014081064', 1.060474);
INSERT INTO index_variation_security (timespan_id, isin, fraction) VALUES (17, 'TW0002049004', 2.545952);
INSERT INTO index_variation_security (timespan_id, isin, fraction) VALUES (17, 'TW0002308004', 2.653265);
INSERT INTO index_variation_security (timespan_id, isin, fraction) VALUES (17, 'TW0002395001', 1.467641);
INSERT INTO index_variation_security (timespan_id, isin, fraction) VALUES (17, 'TW0003443008', 1.362637);
INSERT INTO index_variation_security (timespan_id, isin, fraction) VALUES (17, 'JP3592600005', 0.429487);
INSERT INTO index_variation_security (timespan_id, isin, fraction) VALUES (17, 'JP3809200003', 0.866330);
INSERT INTO index_variation_security (timespan_id, isin, fraction) VALUES (17, 'JP3651210001', 0.798892);
INSERT INTO index_variation_security (timespan_id, isin, fraction) VALUES (17, 'JP3162600005', 0.034388);
INSERT INTO index_variation_security (timespan_id, isin, fraction) VALUES (17, 'JP3765150002', 0.581032);
INSERT INTO index_variation_security (timespan_id, isin, fraction) VALUES (17, 'JP3497400006', 0.384793);
INSERT INTO index_variation_security (timespan_id, isin, fraction) VALUES (17, 'JP3124400007', 0.528313);
INSERT INTO index_variation_security (timespan_id, isin, fraction) VALUES (17, 'JP3813200007', 0.277498);
INSERT INTO index_variation_security (timespan_id, isin, fraction) VALUES (17, 'JP3539250005', 0.508537);
INSERT INTO index_variation_security (timespan_id, isin, fraction) VALUES (17, 'JP3944500002', 0.370171);
INSERT INTO index_variation_security (timespan_id, isin, fraction) VALUES (17, 'JP3902400005', 0.904355);
INSERT INTO index_variation_security (timespan_id, isin, fraction) VALUES (17, 'JP3932000007', 0.666190);
INSERT INTO index_variation_security (timespan_id, isin, fraction) VALUES (17, 'JP3497800007', 0.371016);
INSERT INTO index_variation_security (timespan_id, isin, fraction) VALUES (17, 'JP3197800000', 0.483228);
INSERT INTO index_variation_security (timespan_id, isin, fraction) VALUES (17, 'JP3955000009', 0.602169);
INSERT INTO index_variation_security (timespan_id, isin, fraction) VALUES (17, 'JP3236200006', 0.036363);
INSERT INTO index_variation_security (timespan_id, isin, fraction) VALUES (17, 'JP3197700002', 0.585347);
INSERT INTO index_variation_security (timespan_id, isin, fraction) VALUES (17, 'JP3802400006', 0.123055);
INSERT INTO index_variation_security (timespan_id, isin, fraction) VALUES (17, 'JP3630400004', 0.732812);
INSERT INTO index_variation_security (timespan_id, isin, fraction) VALUES (17, 'CH0012221716', 0.574353);
INSERT INTO index_variation_security (timespan_id, isin, fraction) VALUES (17, 'US0527691069', 0.082744);
INSERT INTO index_variation_security (timespan_id, isin, fraction) VALUES (17, 'DE000A111338', 0.289628);
INSERT INTO index_variation_security (timespan_id, isin, fraction) VALUES (17, 'KYG037AX1015', 0.287987);
INSERT INTO index_variation_security (timespan_id, isin, fraction) VALUES (17, 'JE00B783TY65', 0.163503);
INSERT INTO index_variation_security (timespan_id, isin, fraction) VALUES (17, 'US0043971052', 1.639931);
INSERT INTO index_variation_security (timespan_id, isin, fraction) VALUES (17, 'CA0019401052', 0.886389);
INSERT INTO index_variation_security (timespan_id, isin, fraction) VALUES (17, 'US0080731088', 0.277312);
INSERT INTO index_variation_security (timespan_id, isin, fraction) VALUES (17, 'US0906721065', 0.168011);
INSERT INTO index_variation_security (timespan_id, isin, fraction) VALUES (17, 'US1143401024', 0.734134);
INSERT INTO index_variation_security (timespan_id, isin, fraction) VALUES (17, 'US1273871087', 0.257076);
INSERT INTO index_variation_security (timespan_id, isin, fraction) VALUES (17, 'FI0009013429', 0.306100);
INSERT INTO index_variation_security (timespan_id, isin, fraction) VALUES (17, 'US1924221039', 0.467612);
INSERT INTO index_variation_security (timespan_id, isin, fraction) VALUES (17, 'FR0000130650', 0.091932);
INSERT INTO index_variation_security (timespan_id, isin, fraction) VALUES (17, 'US88554D2053', 0.948091);
INSERT INTO index_variation_security (timespan_id, isin, fraction) VALUES (17, 'US2441991054', 0.074490);
INSERT INTO index_variation_security (timespan_id, isin, fraction) VALUES (17, 'DE0005565204', 0.311748);
INSERT INTO index_variation_security (timespan_id, isin, fraction) VALUES (17, 'SE0000163628', 0.862910);
INSERT INTO index_variation_security (timespan_id, isin, fraction) VALUES (17, 'US3116421021', 0.331186);
INSERT INTO index_variation_security (timespan_id, isin, fraction) VALUES (17, 'US3024451011', 0.446783);
INSERT INTO index_variation_security (timespan_id, isin, fraction) VALUES (17, 'DE0006602006', 0.432416);
INSERT INTO index_variation_security (timespan_id, isin, fraction) VALUES (17, 'US3795772082', 0.239559);
INSERT INTO index_variation_security (timespan_id, isin, fraction) VALUES (17, 'SE0000103699', 0.237248);
INSERT INTO index_variation_security (timespan_id, isin, fraction) VALUES (17, 'US42330P1075', 1.517208);
INSERT INTO index_variation_security (timespan_id, isin, fraction) VALUES (17, 'VGG456671053', 1.017295);
INSERT INTO index_variation_security (timespan_id, isin, fraction) VALUES (17, 'US4523271090', 0.034129);
INSERT INTO index_variation_security (timespan_id, isin, fraction) VALUES (17, 'US44980X1090', 0.155683);
INSERT INTO index_variation_security (timespan_id, isin, fraction) VALUES (17, 'US4627261005', 0.213136);
INSERT INTO index_variation_security (timespan_id, isin, fraction) VALUES (17, 'DE0005488100', 0.306685);
INSERT INTO index_variation_security (timespan_id, isin, fraction) VALUES (17, 'US46120E6023', 0.039373);
INSERT INTO index_variation_security (timespan_id, isin, fraction) VALUES (17, 'US4778391049', 0.147004);
INSERT INTO index_variation_security (timespan_id, isin, fraction) VALUES (17, 'DE000A2NB601', 0.362845);
INSERT INTO index_variation_security (timespan_id, isin, fraction) VALUES (17, 'CH0100837282', 0.108039);
INSERT INTO index_variation_security (timespan_id, isin, fraction) VALUES (17, 'DE000KGX8881', 0.202394);
INSERT INTO index_variation_security (timespan_id, isin, fraction) VALUES (17, 'DE0006335003', 0.232332);
INSERT INTO index_variation_security (timespan_id, isin, fraction) VALUES (17, 'US5339001068', 0.137169);
INSERT INTO index_variation_security (timespan_id, isin, fraction) VALUES (17, 'US5627501092', 0.234089);
INSERT INTO index_variation_security (timespan_id, isin, fraction) VALUES (17, 'CA57778L1031', 0.775590);
INSERT INTO index_variation_security (timespan_id, isin, fraction) VALUES (17, 'US5950171042', 0.156126);
INSERT INTO index_variation_security (timespan_id, isin, fraction) VALUES (17, 'US57667T1007', 0.782412);
INSERT INTO index_variation_security (timespan_id, isin, fraction) VALUES (17, 'US6365181022', 0.233392);
INSERT INTO index_variation_security (timespan_id, isin, fraction) VALUES (17, 'US6556631025', 0.096672);
INSERT INTO index_variation_security (timespan_id, isin, fraction) VALUES (17, 'CA67000B1040', 0.184112);
INSERT INTO index_variation_security (timespan_id, isin, fraction) VALUES (17, 'US67020Y1001', 0.725011);
INSERT INTO index_variation_security (timespan_id, isin, fraction) VALUES (17, 'US67066G1040', 0.131151);
INSERT INTO index_variation_security (timespan_id, isin, fraction) VALUES (17, 'GB00B3MBS747', 1.071010);
INSERT INTO index_variation_security (timespan_id, isin, fraction) VALUES (17, 'US6752321025', 1.241766);
INSERT INTO index_variation_security (timespan_id, isin, fraction) VALUES (17, 'US69370C1009', 0.130931);
INSERT INTO index_variation_security (timespan_id, isin, fraction) VALUES (17, 'US7475251036', 0.195917);
INSERT INTO index_variation_security (timespan_id, isin, fraction) VALUES (17, 'NL0012169213', 0.311897);
INSERT INTO index_variation_security (timespan_id, isin, fraction) VALUES (17, 'US7542121089', 0.291507);
INSERT INTO index_variation_security (timespan_id, isin, fraction) VALUES (17, 'US7739031091', 0.119834);
INSERT INTO index_variation_security (timespan_id, isin, fraction) VALUES (17, 'GB0007323586', 0.205597);
INSERT INTO index_variation_security (timespan_id, isin, fraction) VALUES (17, 'FR0000121972', 0.156941);
INSERT INTO index_variation_security (timespan_id, isin, fraction) VALUES (17, 'DE0007236101', 0.098576);
INSERT INTO index_variation_security (timespan_id, isin, fraction) VALUES (17, 'IL0011267213', 0.541700);
INSERT INTO index_variation_security (timespan_id, isin, fraction) VALUES (17, 'US8793601050', 0.053766);
INSERT INTO index_variation_security (timespan_id, isin, fraction) VALUES (17, 'CH0012100191', 0.056204);
INSERT INTO index_variation_security (timespan_id, isin, fraction) VALUES (17, 'US8807701029', 0.336382);
INSERT INTO index_variation_security (timespan_id, isin, fraction) VALUES (17, 'US8962391004', 0.309085);
INSERT INTO index_variation_security (timespan_id, isin, fraction) VALUES (17, 'US92220P1057', 0.092327);
INSERT INTO index_variation_security (timespan_id, isin, fraction) VALUES (17, 'US9839191015', 0.125753);
INSERT INTO index_variation_security (timespan_id, isin, fraction) VALUES (17, 'US9892071054', 0.117087);

INSERT INTO index_variation_timespan (timespan_id, variation_id, valid_from, valid_to) VALUES (18, 1, '2018-12-25', '2018-12-26');
INSERT INTO index_variation_security (timespan_id, isin, fraction) VALUES (18, 'KR7098460009', 0.211901);
INSERT INTO index_variation_security (timespan_id, isin, fraction) VALUES (18, 'KYG014081064', 1.060474);
INSERT INTO index_variation_security (timespan_id, isin, fraction) VALUES (18, 'TW0002049004', 2.545952);
INSERT INTO index_variation_security (timespan_id, isin, fraction) VALUES (18, 'TW0002308004', 2.653265);
INSERT INTO index_variation_security (timespan_id, isin, fraction) VALUES (18, 'TW0002395001', 1.467641);
INSERT INTO index_variation_security (timespan_id, isin, fraction) VALUES (18, 'TW0003443008', 1.362637);
INSERT INTO index_variation_security (timespan_id, isin, fraction) VALUES (18, 'JP3592600005', 0.429487);
INSERT INTO index_variation_security (timespan_id, isin, fraction) VALUES (18, 'JP3809200003', 0.866330);
INSERT INTO index_variation_security (timespan_id, isin, fraction) VALUES (18, 'JP3651210001', 0.798892);
INSERT INTO index_variation_security (timespan_id, isin, fraction) VALUES (18, 'JP3162600005', 0.034388);
INSERT INTO index_variation_security (timespan_id, isin, fraction) VALUES (18, 'JP3765150002', 0.581032);
INSERT INTO index_variation_security (timespan_id, isin, fraction) VALUES (18, 'JP3497400006', 0.384793);
INSERT INTO index_variation_security (timespan_id, isin, fraction) VALUES (18, 'JP3124400007', 0.528313);
INSERT INTO index_variation_security (timespan_id, isin, fraction) VALUES (18, 'JP3813200007', 0.277498);
INSERT INTO index_variation_security (timespan_id, isin, fraction) VALUES (18, 'JP3539250005', 0.508537);
INSERT INTO index_variation_security (timespan_id, isin, fraction) VALUES (18, 'JP3944500002', 0.370171);
INSERT INTO index_variation_security (timespan_id, isin, fraction) VALUES (18, 'JP3902400005', 0.904355);
INSERT INTO index_variation_security (timespan_id, isin, fraction) VALUES (18, 'JP3932000007', 0.666190);
INSERT INTO index_variation_security (timespan_id, isin, fraction) VALUES (18, 'JP3497800007', 0.371016);
INSERT INTO index_variation_security (timespan_id, isin, fraction) VALUES (18, 'JP3197800000', 0.483228);
INSERT INTO index_variation_security (timespan_id, isin, fraction) VALUES (18, 'JP3955000009', 0.602169);
INSERT INTO index_variation_security (timespan_id, isin, fraction) VALUES (18, 'JP3236200006', 0.036363);
INSERT INTO index_variation_security (timespan_id, isin, fraction) VALUES (18, 'JP3197700002', 0.585347);
INSERT INTO index_variation_security (timespan_id, isin, fraction) VALUES (18, 'JP3802400006', 0.123055);
INSERT INTO index_variation_security (timespan_id, isin, fraction) VALUES (18, 'JP3630400004', 0.732812);
INSERT INTO index_variation_security (timespan_id, isin, fraction) VALUES (18, 'CH0012221716', 0.574353);
INSERT INTO index_variation_security (timespan_id, isin, fraction) VALUES (18, 'US0527691069', 0.082744);
INSERT INTO index_variation_security (timespan_id, isin, fraction) VALUES (18, 'DE000A111338', 0.289628);
INSERT INTO index_variation_security (timespan_id, isin, fraction) VALUES (18, 'KYG037AX1015', 0.287987);
INSERT INTO index_variation_security (timespan_id, isin, fraction) VALUES (18, 'JE00B783TY65', 0.163503);
INSERT INTO index_variation_security (timespan_id, isin, fraction) VALUES (18, 'US0043971052', 1.639931);
INSERT INTO index_variation_security (timespan_id, isin, fraction) VALUES (18, 'CA0019401052', 0.886389);
INSERT INTO index_variation_security (timespan_id, isin, fraction) VALUES (18, 'US0080731088', 0.277312);
INSERT INTO index_variation_security (timespan_id, isin, fraction) VALUES (18, 'US0906721065', 0.168011);
INSERT INTO index_variation_security (timespan_id, isin, fraction) VALUES (18, 'US1143401024', 0.734134);
INSERT INTO index_variation_security (timespan_id, isin, fraction) VALUES (18, 'US1273871087', 0.257076);
INSERT INTO index_variation_security (timespan_id, isin, fraction) VALUES (18, 'FI0009013429', 0.306100);
INSERT INTO index_variation_security (timespan_id, isin, fraction) VALUES (18, 'US1924221039', 0.467612);
INSERT INTO index_variation_security (timespan_id, isin, fraction) VALUES (18, 'FR0000130650', 0.091932);
INSERT INTO index_variation_security (timespan_id, isin, fraction) VALUES (18, 'US88554D2053', 0.948091);
INSERT INTO index_variation_security (timespan_id, isin, fraction) VALUES (18, 'US2441991054', 0.074490);
INSERT INTO index_variation_security (timespan_id, isin, fraction) VALUES (18, 'DE0005565204', 0.311748);
INSERT INTO index_variation_security (timespan_id, isin, fraction) VALUES (18, 'SE0000163628', 0.862910);
INSERT INTO index_variation_security (timespan_id, isin, fraction) VALUES (18, 'US3116421021', 0.331186);
INSERT INTO index_variation_security (timespan_id, isin, fraction) VALUES (18, 'US3024451011', 0.446783);
INSERT INTO index_variation_security (timespan_id, isin, fraction) VALUES (18, 'DE0006602006', 0.432416);
INSERT INTO index_variation_security (timespan_id, isin, fraction) VALUES (18, 'US3795772082', 0.239559);
INSERT INTO index_variation_security (timespan_id, isin, fraction) VALUES (18, 'SE0000103699', 0.237248);
INSERT INTO index_variation_security (timespan_id, isin, fraction) VALUES (18, 'US42330P1075', 1.517208);
INSERT INTO index_variation_security (timespan_id, isin, fraction) VALUES (18, 'VGG456671053', 1.017295);
INSERT INTO index_variation_security (timespan_id, isin, fraction) VALUES (18, 'US4523271090', 0.034129);
INSERT INTO index_variation_security (timespan_id, isin, fraction) VALUES (18, 'US44980X1090', 0.155683);
INSERT INTO index_variation_security (timespan_id, isin, fraction) VALUES (18, 'US4627261005', 0.213136);
INSERT INTO index_variation_security (timespan_id, isin, fraction) VALUES (18, 'DE0005488100', 0.306685);
INSERT INTO index_variation_security (timespan_id, isin, fraction) VALUES (18, 'US46120E6023', 0.039373);
INSERT INTO index_variation_security (timespan_id, isin, fraction) VALUES (18, 'US4778391049', 0.147004);
INSERT INTO index_variation_security (timespan_id, isin, fraction) VALUES (18, 'DE000A2NB601', 0.362845);
INSERT INTO index_variation_security (timespan_id, isin, fraction) VALUES (18, 'CH0100837282', 0.108039);
INSERT INTO index_variation_security (timespan_id, isin, fraction) VALUES (18, 'DE000KGX8881', 0.202394);
INSERT INTO index_variation_security (timespan_id, isin, fraction) VALUES (18, 'DE0006335003', 0.232332);
INSERT INTO index_variation_security (timespan_id, isin, fraction) VALUES (18, 'US5339001068', 0.137169);
INSERT INTO index_variation_security (timespan_id, isin, fraction) VALUES (18, 'US5627501092', 0.234089);
INSERT INTO index_variation_security (timespan_id, isin, fraction) VALUES (18, 'CA57778L1031', 0.775590);
INSERT INTO index_variation_security (timespan_id, isin, fraction) VALUES (18, 'US5950171042', 0.156126);
INSERT INTO index_variation_security (timespan_id, isin, fraction) VALUES (18, 'US57667T1007', 0.782412);
INSERT INTO index_variation_security (timespan_id, isin, fraction) VALUES (18, 'US6365181022', 0.233392);
INSERT INTO index_variation_security (timespan_id, isin, fraction) VALUES (18, 'US6556631025', 0.096672);
INSERT INTO index_variation_security (timespan_id, isin, fraction) VALUES (18, 'CA67000B1040', 0.184112);
INSERT INTO index_variation_security (timespan_id, isin, fraction) VALUES (18, 'US67020Y1001', 0.725011);
INSERT INTO index_variation_security (timespan_id, isin, fraction) VALUES (18, 'US67066G1040', 0.131151);
INSERT INTO index_variation_security (timespan_id, isin, fraction) VALUES (18, 'GB00B3MBS747', 1.071010);
INSERT INTO index_variation_security (timespan_id, isin, fraction) VALUES (18, 'US6752321025', 1.241766);
INSERT INTO index_variation_security (timespan_id, isin, fraction) VALUES (18, 'US69370C1009', 0.130931);
INSERT INTO index_variation_security (timespan_id, isin, fraction) VALUES (18, 'US7475251036', 0.195917);
INSERT INTO index_variation_security (timespan_id, isin, fraction) VALUES (18, 'NL0012169213', 0.311897);
INSERT INTO index_variation_security (timespan_id, isin, fraction) VALUES (18, 'US7542121089', 0.291507);
INSERT INTO index_variation_security (timespan_id, isin, fraction) VALUES (18, 'US7739031091', 0.119834);
INSERT INTO index_variation_security (timespan_id, isin, fraction) VALUES (18, 'GB0007323586', 0.205597);
INSERT INTO index_variation_security (timespan_id, isin, fraction) VALUES (18, 'FR0000121972', 0.156941);
INSERT INTO index_variation_security (timespan_id, isin, fraction) VALUES (18, 'DE0007236101', 0.098576);
INSERT INTO index_variation_security (timespan_id, isin, fraction) VALUES (18, 'IL0011267213', 0.541700);
INSERT INTO index_variation_security (timespan_id, isin, fraction) VALUES (18, 'US8793601050', 0.053766);
INSERT INTO index_variation_security (timespan_id, isin, fraction) VALUES (18, 'CH0012100191', 0.056204);
INSERT INTO index_variation_security (timespan_id, isin, fraction) VALUES (18, 'US8807701029', 0.336382);
INSERT INTO index_variation_security (timespan_id, isin, fraction) VALUES (18, 'US8962391004', 0.309085);
INSERT INTO index_variation_security (timespan_id, isin, fraction) VALUES (18, 'US92220P1057', 0.092327);
INSERT INTO index_variation_security (timespan_id, isin, fraction) VALUES (18, 'US9839191015', 0.125753);
INSERT INTO index_variation_security (timespan_id, isin, fraction) VALUES (18, 'US9892071054', 0.117087);

INSERT INTO index_variation_timespan (timespan_id, variation_id, valid_from, valid_to) VALUES (19, 1, '2018-12-26', '2018-12-27');
INSERT INTO index_variation_security (timespan_id, isin, fraction) VALUES (19, 'KR7098460009', 0.211901);
INSERT INTO index_variation_security (timespan_id, isin, fraction) VALUES (19, 'KYG014081064', 1.060474);
INSERT INTO index_variation_security (timespan_id, isin, fraction) VALUES (19, 'TW0002049004', 2.545952);
INSERT INTO index_variation_security (timespan_id, isin, fraction) VALUES (19, 'TW0002308004', 2.653265);
INSERT INTO index_variation_security (timespan_id, isin, fraction) VALUES (19, 'TW0002395001', 1.467641);
INSERT INTO index_variation_security (timespan_id, isin, fraction) VALUES (19, 'TW0003443008', 1.362637);
INSERT INTO index_variation_security (timespan_id, isin, fraction) VALUES (19, 'JP3592600005', 0.429487);
INSERT INTO index_variation_security (timespan_id, isin, fraction) VALUES (19, 'JP3809200003', 0.866330);
INSERT INTO index_variation_security (timespan_id, isin, fraction) VALUES (19, 'JP3651210001', 0.798892);
INSERT INTO index_variation_security (timespan_id, isin, fraction) VALUES (19, 'JP3162600005', 0.034388);
INSERT INTO index_variation_security (timespan_id, isin, fraction) VALUES (19, 'JP3765150002', 0.581032);
INSERT INTO index_variation_security (timespan_id, isin, fraction) VALUES (19, 'JP3497400006', 0.384793);
INSERT INTO index_variation_security (timespan_id, isin, fraction) VALUES (19, 'JP3124400007', 0.528313);
INSERT INTO index_variation_security (timespan_id, isin, fraction) VALUES (19, 'JP3813200007', 0.277498);
INSERT INTO index_variation_security (timespan_id, isin, fraction) VALUES (19, 'JP3539250005', 0.508537);
INSERT INTO index_variation_security (timespan_id, isin, fraction) VALUES (19, 'JP3944500002', 0.370171);
INSERT INTO index_variation_security (timespan_id, isin, fraction) VALUES (19, 'JP3902400005', 0.904355);
INSERT INTO index_variation_security (timespan_id, isin, fraction) VALUES (19, 'JP3932000007', 0.666190);
INSERT INTO index_variation_security (timespan_id, isin, fraction) VALUES (19, 'JP3497800007', 0.371016);
INSERT INTO index_variation_security (timespan_id, isin, fraction) VALUES (19, 'JP3197800000', 0.483228);
INSERT INTO index_variation_security (timespan_id, isin, fraction) VALUES (19, 'JP3955000009', 0.602169);
INSERT INTO index_variation_security (timespan_id, isin, fraction) VALUES (19, 'JP3236200006', 0.036363);
INSERT INTO index_variation_security (timespan_id, isin, fraction) VALUES (19, 'JP3197700002', 0.585347);
INSERT INTO index_variation_security (timespan_id, isin, fraction) VALUES (19, 'JP3802400006', 0.123055);
INSERT INTO index_variation_security (timespan_id, isin, fraction) VALUES (19, 'JP3630400004', 0.732812);
INSERT INTO index_variation_security (timespan_id, isin, fraction) VALUES (19, 'CH0012221716', 0.574353);
INSERT INTO index_variation_security (timespan_id, isin, fraction) VALUES (19, 'US0527691069', 0.082744);
INSERT INTO index_variation_security (timespan_id, isin, fraction) VALUES (19, 'DE000A111338', 0.289628);
INSERT INTO index_variation_security (timespan_id, isin, fraction) VALUES (19, 'KYG037AX1015', 0.287987);
INSERT INTO index_variation_security (timespan_id, isin, fraction) VALUES (19, 'JE00B783TY65', 0.163503);
INSERT INTO index_variation_security (timespan_id, isin, fraction) VALUES (19, 'US0043971052', 1.639931);
INSERT INTO index_variation_security (timespan_id, isin, fraction) VALUES (19, 'CA0019401052', 0.886389);
INSERT INTO index_variation_security (timespan_id, isin, fraction) VALUES (19, 'US0080731088', 0.277312);
INSERT INTO index_variation_security (timespan_id, isin, fraction) VALUES (19, 'US0906721065', 0.168011);
INSERT INTO index_variation_security (timespan_id, isin, fraction) VALUES (19, 'US1143401024', 0.734134);
INSERT INTO index_variation_security (timespan_id, isin, fraction) VALUES (19, 'US1273871087', 0.257076);
INSERT INTO index_variation_security (timespan_id, isin, fraction) VALUES (19, 'FI0009013429', 0.306100);
INSERT INTO index_variation_security (timespan_id, isin, fraction) VALUES (19, 'US1924221039', 0.467612);
INSERT INTO index_variation_security (timespan_id, isin, fraction) VALUES (19, 'FR0000130650', 0.091932);
INSERT INTO index_variation_security (timespan_id, isin, fraction) VALUES (19, 'US88554D2053', 0.948091);
INSERT INTO index_variation_security (timespan_id, isin, fraction) VALUES (19, 'US2441991054', 0.074490);
INSERT INTO index_variation_security (timespan_id, isin, fraction) VALUES (19, 'DE0005565204', 0.311748);
INSERT INTO index_variation_security (timespan_id, isin, fraction) VALUES (19, 'SE0000163628', 0.862910);
INSERT INTO index_variation_security (timespan_id, isin, fraction) VALUES (19, 'US3116421021', 0.331186);
INSERT INTO index_variation_security (timespan_id, isin, fraction) VALUES (19, 'US3024451011', 0.446783);
INSERT INTO index_variation_security (timespan_id, isin, fraction) VALUES (19, 'DE0006602006', 0.432416);
INSERT INTO index_variation_security (timespan_id, isin, fraction) VALUES (19, 'US3795772082', 0.239559);
INSERT INTO index_variation_security (timespan_id, isin, fraction) VALUES (19, 'SE0000103699', 0.237248);
INSERT INTO index_variation_security (timespan_id, isin, fraction) VALUES (19, 'US42330P1075', 1.517208);
INSERT INTO index_variation_security (timespan_id, isin, fraction) VALUES (19, 'VGG456671053', 1.017295);
INSERT INTO index_variation_security (timespan_id, isin, fraction) VALUES (19, 'US4523271090', 0.034129);
INSERT INTO index_variation_security (timespan_id, isin, fraction) VALUES (19, 'US44980X1090', 0.155683);
INSERT INTO index_variation_security (timespan_id, isin, fraction) VALUES (19, 'US4627261005', 0.213136);
INSERT INTO index_variation_security (timespan_id, isin, fraction) VALUES (19, 'DE0005488100', 0.306685);
INSERT INTO index_variation_security (timespan_id, isin, fraction) VALUES (19, 'US46120E6023', 0.039373);
INSERT INTO index_variation_security (timespan_id, isin, fraction) VALUES (19, 'US4778391049', 0.147004);
INSERT INTO index_variation_security (timespan_id, isin, fraction) VALUES (19, 'DE000A2NB601', 0.362845);
INSERT INTO index_variation_security (timespan_id, isin, fraction) VALUES (19, 'CH0100837282', 0.108039);
INSERT INTO index_variation_security (timespan_id, isin, fraction) VALUES (19, 'DE000KGX8881', 0.202394);
INSERT INTO index_variation_security (timespan_id, isin, fraction) VALUES (19, 'DE0006335003', 0.232332);
INSERT INTO index_variation_security (timespan_id, isin, fraction) VALUES (19, 'US5339001068', 0.137169);
INSERT INTO index_variation_security (timespan_id, isin, fraction) VALUES (19, 'US5627501092', 0.234089);
INSERT INTO index_variation_security (timespan_id, isin, fraction) VALUES (19, 'CA57778L1031', 0.775590);
INSERT INTO index_variation_security (timespan_id, isin, fraction) VALUES (19, 'US5950171042', 0.156126);
INSERT INTO index_variation_security (timespan_id, isin, fraction) VALUES (19, 'US57667T1007', 0.782412);
INSERT INTO index_variation_security (timespan_id, isin, fraction) VALUES (19, 'US6365181022', 0.233392);
INSERT INTO index_variation_security (timespan_id, isin, fraction) VALUES (19, 'US6556631025', 0.096672);
INSERT INTO index_variation_security (timespan_id, isin, fraction) VALUES (19, 'CA67000B1040', 0.184112);
INSERT INTO index_variation_security (timespan_id, isin, fraction) VALUES (19, 'US67020Y1001', 0.725011);
INSERT INTO index_variation_security (timespan_id, isin, fraction) VALUES (19, 'US67066G1040', 0.131151);
INSERT INTO index_variation_security (timespan_id, isin, fraction) VALUES (19, 'GB00B3MBS747', 1.071010);
INSERT INTO index_variation_security (timespan_id, isin, fraction) VALUES (19, 'US6752321025', 1.241766);
INSERT INTO index_variation_security (timespan_id, isin, fraction) VALUES (19, 'US69370C1009', 0.130931);
INSERT INTO index_variation_security (timespan_id, isin, fraction) VALUES (19, 'US7475251036', 0.195917);
INSERT INTO index_variation_security (timespan_id, isin, fraction) VALUES (19, 'NL0012169213', 0.311897);
INSERT INTO index_variation_security (timespan_id, isin, fraction) VALUES (19, 'US7542121089', 0.291507);
INSERT INTO index_variation_security (timespan_id, isin, fraction) VALUES (19, 'US7739031091', 0.119834);
INSERT INTO index_variation_security (timespan_id, isin, fraction) VALUES (19, 'GB0007323586', 0.205597);
INSERT INTO index_variation_security (timespan_id, isin, fraction) VALUES (19, 'FR0000121972', 0.156941);
INSERT INTO index_variation_security (timespan_id, isin, fraction) VALUES (19, 'DE0007236101', 0.098576);
INSERT INTO index_variation_security (timespan_id, isin, fraction) VALUES (19, 'IL0011267213', 0.541700);
INSERT INTO index_variation_security (timespan_id, isin, fraction) VALUES (19, 'US8793601050', 0.053766);
INSERT INTO index_variation_security (timespan_id, isin, fraction) VALUES (19, 'CH0012100191', 0.056204);
INSERT INTO index_variation_security (timespan_id, isin, fraction) VALUES (19, 'US8807701029', 0.336382);
INSERT INTO index_variation_security (timespan_id, isin, fraction) VALUES (19, 'US8962391004', 0.309085);
INSERT INTO index_variation_security (timespan_id, isin, fraction) VALUES (19, 'US92220P1057', 0.092327);
INSERT INTO index_variation_security (timespan_id, isin, fraction) VALUES (19, 'US9839191015', 0.125753);
INSERT INTO index_variation_security (timespan_id, isin, fraction) VALUES (19, 'US9892071054', 0.117087);

INSERT INTO index_variation_timespan (timespan_id, variation_id, valid_from, valid_to) VALUES (20, 1, '2018-12-27', '2018-12-28');
INSERT INTO index_variation_security (timespan_id, isin, fraction) VALUES (20, 'KR7098460009', 0.211901);
INSERT INTO index_variation_security (timespan_id, isin, fraction) VALUES (20, 'KYG014081064', 1.060474);
INSERT INTO index_variation_security (timespan_id, isin, fraction) VALUES (20, 'TW0002049004', 2.545952);
INSERT INTO index_variation_security (timespan_id, isin, fraction) VALUES (20, 'TW0002308004', 2.653265);
INSERT INTO index_variation_security (timespan_id, isin, fraction) VALUES (20, 'TW0002395001', 1.467641);
INSERT INTO index_variation_security (timespan_id, isin, fraction) VALUES (20, 'TW0003443008', 1.362637);
INSERT INTO index_variation_security (timespan_id, isin, fraction) VALUES (20, 'JP3592600005', 0.429487);
INSERT INTO index_variation_security (timespan_id, isin, fraction) VALUES (20, 'JP3809200003', 0.866330);
INSERT INTO index_variation_security (timespan_id, isin, fraction) VALUES (20, 'JP3651210001', 0.798892);
INSERT INTO index_variation_security (timespan_id, isin, fraction) VALUES (20, 'JP3162600005', 0.034388);
INSERT INTO index_variation_security (timespan_id, isin, fraction) VALUES (20, 'JP3765150002', 0.581032);
INSERT INTO index_variation_security (timespan_id, isin, fraction) VALUES (20, 'JP3497400006', 0.384793);
INSERT INTO index_variation_security (timespan_id, isin, fraction) VALUES (20, 'JP3124400007', 0.528313);
INSERT INTO index_variation_security (timespan_id, isin, fraction) VALUES (20, 'JP3813200007', 0.277498);
INSERT INTO index_variation_security (timespan_id, isin, fraction) VALUES (20, 'JP3539250005', 0.508537);
INSERT INTO index_variation_security (timespan_id, isin, fraction) VALUES (20, 'JP3944500002', 0.370171);
INSERT INTO index_variation_security (timespan_id, isin, fraction) VALUES (20, 'JP3902400005', 0.904355);
INSERT INTO index_variation_security (timespan_id, isin, fraction) VALUES (20, 'JP3932000007', 0.666190);
INSERT INTO index_variation_security (timespan_id, isin, fraction) VALUES (20, 'JP3497800007', 0.371016);
INSERT INTO index_variation_security (timespan_id, isin, fraction) VALUES (20, 'JP3197800000', 0.483228);
INSERT INTO index_variation_security (timespan_id, isin, fraction) VALUES (20, 'JP3955000009', 0.602169);
INSERT INTO index_variation_security (timespan_id, isin, fraction) VALUES (20, 'JP3236200006', 0.036363);
INSERT INTO index_variation_security (timespan_id, isin, fraction) VALUES (20, 'JP3197700002', 0.585347);
INSERT INTO index_variation_security (timespan_id, isin, fraction) VALUES (20, 'JP3802400006', 0.123055);
INSERT INTO index_variation_security (timespan_id, isin, fraction) VALUES (20, 'JP3630400004', 0.732812);
INSERT INTO index_variation_security (timespan_id, isin, fraction) VALUES (20, 'CH0012221716', 0.574353);
INSERT INTO index_variation_security (timespan_id, isin, fraction) VALUES (20, 'US0527691069', 0.082744);
INSERT INTO index_variation_security (timespan_id, isin, fraction) VALUES (20, 'DE000A111338', 0.289628);
INSERT INTO index_variation_security (timespan_id, isin, fraction) VALUES (20, 'KYG037AX1015', 0.287987);
INSERT INTO index_variation_security (timespan_id, isin, fraction) VALUES (20, 'JE00B783TY65', 0.163503);
INSERT INTO index_variation_security (timespan_id, isin, fraction) VALUES (20, 'US0043971052', 1.639931);
INSERT INTO index_variation_security (timespan_id, isin, fraction) VALUES (20, 'CA0019401052', 0.886389);
INSERT INTO index_variation_security (timespan_id, isin, fraction) VALUES (20, 'US0080731088', 0.277312);
INSERT INTO index_variation_security (timespan_id, isin, fraction) VALUES (20, 'US0906721065', 0.168011);
INSERT INTO index_variation_security (timespan_id, isin, fraction) VALUES (20, 'US1143401024', 0.734134);
INSERT INTO index_variation_security (timespan_id, isin, fraction) VALUES (20, 'US1273871087', 0.257076);
INSERT INTO index_variation_security (timespan_id, isin, fraction) VALUES (20, 'FI0009013429', 0.306100);
INSERT INTO index_variation_security (timespan_id, isin, fraction) VALUES (20, 'US1924221039', 0.467612);
INSERT INTO index_variation_security (timespan_id, isin, fraction) VALUES (20, 'FR0000130650', 0.091932);
INSERT INTO index_variation_security (timespan_id, isin, fraction) VALUES (20, 'US88554D2053', 0.948091);
INSERT INTO index_variation_security (timespan_id, isin, fraction) VALUES (20, 'US2441991054', 0.074490);
INSERT INTO index_variation_security (timespan_id, isin, fraction) VALUES (20, 'DE0005565204', 0.311748);
INSERT INTO index_variation_security (timespan_id, isin, fraction) VALUES (20, 'SE0000163628', 0.862910);
INSERT INTO index_variation_security (timespan_id, isin, fraction) VALUES (20, 'US3116421021', 0.331186);
INSERT INTO index_variation_security (timespan_id, isin, fraction) VALUES (20, 'US3024451011', 0.446783);
INSERT INTO index_variation_security (timespan_id, isin, fraction) VALUES (20, 'DE0006602006', 0.432416);
INSERT INTO index_variation_security (timespan_id, isin, fraction) VALUES (20, 'US3795772082', 0.239559);
INSERT INTO index_variation_security (timespan_id, isin, fraction) VALUES (20, 'SE0000103699', 0.237248);
INSERT INTO index_variation_security (timespan_id, isin, fraction) VALUES (20, 'US42330P1075', 1.517208);
INSERT INTO index_variation_security (timespan_id, isin, fraction) VALUES (20, 'VGG456671053', 1.017295);
INSERT INTO index_variation_security (timespan_id, isin, fraction) VALUES (20, 'US4523271090', 0.034129);
INSERT INTO index_variation_security (timespan_id, isin, fraction) VALUES (20, 'US44980X1090', 0.155683);
INSERT INTO index_variation_security (timespan_id, isin, fraction) VALUES (20, 'US4627261005', 0.213136);
INSERT INTO index_variation_security (timespan_id, isin, fraction) VALUES (20, 'DE0005488100', 0.306685);
INSERT INTO index_variation_security (timespan_id, isin, fraction) VALUES (20, 'US46120E6023', 0.039373);
INSERT INTO index_variation_security (timespan_id, isin, fraction) VALUES (20, 'US4778391049', 0.147004);
INSERT INTO index_variation_security (timespan_id, isin, fraction) VALUES (20, 'DE000A2NB601', 0.362845);
INSERT INTO index_variation_security (timespan_id, isin, fraction) VALUES (20, 'CH0100837282', 0.108039);
INSERT INTO index_variation_security (timespan_id, isin, fraction) VALUES (20, 'DE000KGX8881', 0.202394);
INSERT INTO index_variation_security (timespan_id, isin, fraction) VALUES (20, 'DE0006335003', 0.232332);
INSERT INTO index_variation_security (timespan_id, isin, fraction) VALUES (20, 'US5339001068', 0.137169);
INSERT INTO index_variation_security (timespan_id, isin, fraction) VALUES (20, 'US5627501092', 0.234089);
INSERT INTO index_variation_security (timespan_id, isin, fraction) VALUES (20, 'CA57778L1031', 0.775590);
INSERT INTO index_variation_security (timespan_id, isin, fraction) VALUES (20, 'US5950171042', 0.156126);
INSERT INTO index_variation_security (timespan_id, isin, fraction) VALUES (20, 'US57667T1007', 0.782412);
INSERT INTO index_variation_security (timespan_id, isin, fraction) VALUES (20, 'US6365181022', 0.233392);
INSERT INTO index_variation_security (timespan_id, isin, fraction) VALUES (20, 'US6556631025', 0.096672);
INSERT INTO index_variation_security (timespan_id, isin, fraction) VALUES (20, 'CA67000B1040', 0.184112);
INSERT INTO index_variation_security (timespan_id, isin, fraction) VALUES (20, 'US67020Y1001', 0.725011);
INSERT INTO index_variation_security (timespan_id, isin, fraction) VALUES (20, 'US67066G1040', 0.131151);
INSERT INTO index_variation_security (timespan_id, isin, fraction) VALUES (20, 'GB00B3MBS747', 1.071010);
INSERT INTO index_variation_security (timespan_id, isin, fraction) VALUES (20, 'US6752321025', 1.241766);
INSERT INTO index_variation_security (timespan_id, isin, fraction) VALUES (20, 'US69370C1009', 0.130931);
INSERT INTO index_variation_security (timespan_id, isin, fraction) VALUES (20, 'US7475251036', 0.195917);
INSERT INTO index_variation_security (timespan_id, isin, fraction) VALUES (20, 'NL0012169213', 0.311897);
INSERT INTO index_variation_security (timespan_id, isin, fraction) VALUES (20, 'US7542121089', 0.291507);
INSERT INTO index_variation_security (timespan_id, isin, fraction) VALUES (20, 'US7739031091', 0.119834);
INSERT INTO index_variation_security (timespan_id, isin, fraction) VALUES (20, 'GB0007323586', 0.205597);
INSERT INTO index_variation_security (timespan_id, isin, fraction) VALUES (20, 'FR0000121972', 0.156941);
INSERT INTO index_variation_security (timespan_id, isin, fraction) VALUES (20, 'DE0007236101', 0.098576);
INSERT INTO index_variation_security (timespan_id, isin, fraction) VALUES (20, 'IL0011267213', 0.541700);
INSERT INTO index_variation_security (timespan_id, isin, fraction) VALUES (20, 'US8793601050', 0.053766);
INSERT INTO index_variation_security (timespan_id, isin, fraction) VALUES (20, 'CH0012100191', 0.056204);
INSERT INTO index_variation_security (timespan_id, isin, fraction) VALUES (20, 'US8807701029', 0.336382);
INSERT INTO index_variation_security (timespan_id, isin, fraction) VALUES (20, 'US8962391004', 0.309085);
INSERT INTO index_variation_security (timespan_id, isin, fraction) VALUES (20, 'US92220P1057', 0.092327);
INSERT INTO index_variation_security (timespan_id, isin, fraction) VALUES (20, 'US9839191015', 0.125753);
INSERT INTO index_variation_security (timespan_id, isin, fraction) VALUES (20, 'US9892071054', 0.117087);

INSERT INTO index_variation_timespan (timespan_id, variation_id, valid_from, valid_to) VALUES (21, 1, '2018-12-28', '2018-12-29');
INSERT INTO index_variation_security (timespan_id, isin, fraction) VALUES (21, 'KR7098460009', 0.211901);
INSERT INTO index_variation_security (timespan_id, isin, fraction) VALUES (21, 'KYG014081064', 1.060474);
INSERT INTO index_variation_security (timespan_id, isin, fraction) VALUES (21, 'TW0002049004', 2.545952);
INSERT INTO index_variation_security (timespan_id, isin, fraction) VALUES (21, 'TW0002308004', 2.653265);
INSERT INTO index_variation_security (timespan_id, isin, fraction) VALUES (21, 'TW0002395001', 1.467641);
INSERT INTO index_variation_security (timespan_id, isin, fraction) VALUES (21, 'TW0003443008', 1.362637);
INSERT INTO index_variation_security (timespan_id, isin, fraction) VALUES (21, 'JP3592600005', 0.429487);
INSERT INTO index_variation_security (timespan_id, isin, fraction) VALUES (21, 'JP3809200003', 0.866330);
INSERT INTO index_variation_security (timespan_id, isin, fraction) VALUES (21, 'JP3651210001', 0.798892);
INSERT INTO index_variation_security (timespan_id, isin, fraction) VALUES (21, 'JP3162600005', 0.034388);
INSERT INTO index_variation_security (timespan_id, isin, fraction) VALUES (21, 'JP3765150002', 0.581032);
INSERT INTO index_variation_security (timespan_id, isin, fraction) VALUES (21, 'JP3497400006', 0.384793);
INSERT INTO index_variation_security (timespan_id, isin, fraction) VALUES (21, 'JP3124400007', 0.528313);
INSERT INTO index_variation_security (timespan_id, isin, fraction) VALUES (21, 'JP3813200007', 0.277498);
INSERT INTO index_variation_security (timespan_id, isin, fraction) VALUES (21, 'JP3539250005', 0.508537);
INSERT INTO index_variation_security (timespan_id, isin, fraction) VALUES (21, 'JP3944500002', 0.370171);
INSERT INTO index_variation_security (timespan_id, isin, fraction) VALUES (21, 'JP3902400005', 0.904355);
INSERT INTO index_variation_security (timespan_id, isin, fraction) VALUES (21, 'JP3932000007', 0.666190);
INSERT INTO index_variation_security (timespan_id, isin, fraction) VALUES (21, 'JP3497800007', 0.371016);
INSERT INTO index_variation_security (timespan_id, isin, fraction) VALUES (21, 'JP3197800000', 0.483228);
INSERT INTO index_variation_security (timespan_id, isin, fraction) VALUES (21, 'JP3955000009', 0.602169);
INSERT INTO index_variation_security (timespan_id, isin, fraction) VALUES (21, 'JP3236200006', 0.036363);
INSERT INTO index_variation_security (timespan_id, isin, fraction) VALUES (21, 'JP3197700002', 0.585347);
INSERT INTO index_variation_security (timespan_id, isin, fraction) VALUES (21, 'JP3802400006', 0.123055);
INSERT INTO index_variation_security (timespan_id, isin, fraction) VALUES (21, 'JP3630400004', 0.732812);
INSERT INTO index_variation_security (timespan_id, isin, fraction) VALUES (21, 'CH0012221716', 0.574353);
INSERT INTO index_variation_security (timespan_id, isin, fraction) VALUES (21, 'US0527691069', 0.082744);
INSERT INTO index_variation_security (timespan_id, isin, fraction) VALUES (21, 'DE000A111338', 0.289628);
INSERT INTO index_variation_security (timespan_id, isin, fraction) VALUES (21, 'KYG037AX1015', 0.287987);
INSERT INTO index_variation_security (timespan_id, isin, fraction) VALUES (21, 'JE00B783TY65', 0.163503);
INSERT INTO index_variation_security (timespan_id, isin, fraction) VALUES (21, 'US0043971052', 1.639931);
INSERT INTO index_variation_security (timespan_id, isin, fraction) VALUES (21, 'CA0019401052', 0.886389);
INSERT INTO index_variation_security (timespan_id, isin, fraction) VALUES (21, 'US0080731088', 0.277312);
INSERT INTO index_variation_security (timespan_id, isin, fraction) VALUES (21, 'US0906721065', 0.168011);
INSERT INTO index_variation_security (timespan_id, isin, fraction) VALUES (21, 'US1143401024', 0.734134);
INSERT INTO index_variation_security (timespan_id, isin, fraction) VALUES (21, 'US1273871087', 0.257076);
INSERT INTO index_variation_security (timespan_id, isin, fraction) VALUES (21, 'FI0009013429', 0.306100);
INSERT INTO index_variation_security (timespan_id, isin, fraction) VALUES (21, 'US1924221039', 0.467612);
INSERT INTO index_variation_security (timespan_id, isin, fraction) VALUES (21, 'FR0000130650', 0.091932);
INSERT INTO index_variation_security (timespan_id, isin, fraction) VALUES (21, 'US88554D2053', 0.948091);
INSERT INTO index_variation_security (timespan_id, isin, fraction) VALUES (21, 'US2441991054', 0.074490);
INSERT INTO index_variation_security (timespan_id, isin, fraction) VALUES (21, 'DE0005565204', 0.311748);
INSERT INTO index_variation_security (timespan_id, isin, fraction) VALUES (21, 'SE0000163628', 0.862910);
INSERT INTO index_variation_security (timespan_id, isin, fraction) VALUES (21, 'US3116421021', 0.331186);
INSERT INTO index_variation_security (timespan_id, isin, fraction) VALUES (21, 'US3024451011', 0.446783);
INSERT INTO index_variation_security (timespan_id, isin, fraction) VALUES (21, 'DE0006602006', 0.432416);
INSERT INTO index_variation_security (timespan_id, isin, fraction) VALUES (21, 'US3795772082', 0.239559);
INSERT INTO index_variation_security (timespan_id, isin, fraction) VALUES (21, 'SE0000103699', 0.237248);
INSERT INTO index_variation_security (timespan_id, isin, fraction) VALUES (21, 'US42330P1075', 1.517208);
INSERT INTO index_variation_security (timespan_id, isin, fraction) VALUES (21, 'VGG456671053', 1.017295);
INSERT INTO index_variation_security (timespan_id, isin, fraction) VALUES (21, 'US4523271090', 0.034129);
INSERT INTO index_variation_security (timespan_id, isin, fraction) VALUES (21, 'US44980X1090', 0.155683);
INSERT INTO index_variation_security (timespan_id, isin, fraction) VALUES (21, 'US4627261005', 0.213136);
INSERT INTO index_variation_security (timespan_id, isin, fraction) VALUES (21, 'DE0005488100', 0.306685);
INSERT INTO index_variation_security (timespan_id, isin, fraction) VALUES (21, 'US46120E6023', 0.039373);
INSERT INTO index_variation_security (timespan_id, isin, fraction) VALUES (21, 'US4778391049', 0.147004);
INSERT INTO index_variation_security (timespan_id, isin, fraction) VALUES (21, 'DE000A2NB601', 0.362845);
INSERT INTO index_variation_security (timespan_id, isin, fraction) VALUES (21, 'CH0100837282', 0.108039);
INSERT INTO index_variation_security (timespan_id, isin, fraction) VALUES (21, 'DE000KGX8881', 0.202394);
INSERT INTO index_variation_security (timespan_id, isin, fraction) VALUES (21, 'DE0006335003', 0.232332);
INSERT INTO index_variation_security (timespan_id, isin, fraction) VALUES (21, 'US5339001068', 0.137169);
INSERT INTO index_variation_security (timespan_id, isin, fraction) VALUES (21, 'US5627501092', 0.234089);
INSERT INTO index_variation_security (timespan_id, isin, fraction) VALUES (21, 'CA57778L1031', 0.775590);
INSERT INTO index_variation_security (timespan_id, isin, fraction) VALUES (21, 'US5950171042', 0.156126);
INSERT INTO index_variation_security (timespan_id, isin, fraction) VALUES (21, 'US57667T1007', 0.782412);
INSERT INTO index_variation_security (timespan_id, isin, fraction) VALUES (21, 'US6365181022', 0.233392);
INSERT INTO index_variation_security (timespan_id, isin, fraction) VALUES (21, 'US6556631025', 0.096672);
INSERT INTO index_variation_security (timespan_id, isin, fraction) VALUES (21, 'CA67000B1040', 0.184112);
INSERT INTO index_variation_security (timespan_id, isin, fraction) VALUES (21, 'US67020Y1001', 0.725011);
INSERT INTO index_variation_security (timespan_id, isin, fraction) VALUES (21, 'US67066G1040', 0.131151);
INSERT INTO index_variation_security (timespan_id, isin, fraction) VALUES (21, 'GB00B3MBS747', 1.071010);
INSERT INTO index_variation_security (timespan_id, isin, fraction) VALUES (21, 'US6752321025', 1.241766);
INSERT INTO index_variation_security (timespan_id, isin, fraction) VALUES (21, 'US69370C1009', 0.130931);
INSERT INTO index_variation_security (timespan_id, isin, fraction) VALUES (21, 'US7475251036', 0.195917);
INSERT INTO index_variation_security (timespan_id, isin, fraction) VALUES (21, 'NL0012169213', 0.311897);
INSERT INTO index_variation_security (timespan_id, isin, fraction) VALUES (21, 'US7542121089', 0.291507);
INSERT INTO index_variation_security (timespan_id, isin, fraction) VALUES (21, 'US7739031091', 0.119834);
INSERT INTO index_variation_security (timespan_id, isin, fraction) VALUES (21, 'GB0007323586', 0.205597);
INSERT INTO index_variation_security (timespan_id, isin, fraction) VALUES (21, 'FR0000121972', 0.156941);
INSERT INTO index_variation_security (timespan_id, isin, fraction) VALUES (21, 'DE0007236101', 0.098576);
INSERT INTO index_variation_security (timespan_id, isin, fraction) VALUES (21, 'IL0011267213', 0.541700);
INSERT INTO index_variation_security (timespan_id, isin, fraction) VALUES (21, 'US8793601050', 0.053766);
INSERT INTO index_variation_security (timespan_id, isin, fraction) VALUES (21, 'CH0012100191', 0.056204);
INSERT INTO index_variation_security (timespan_id, isin, fraction) VALUES (21, 'US8807701029', 0.336382);
INSERT INTO index_variation_security (timespan_id, isin, fraction) VALUES (21, 'US8962391004', 0.309085);
INSERT INTO index_variation_security (timespan_id, isin, fraction) VALUES (21, 'US92220P1057', 0.092327);
INSERT INTO index_variation_security (timespan_id, isin, fraction) VALUES (21, 'US9839191015', 0.125753);
INSERT INTO index_variation_security (timespan_id, isin, fraction) VALUES (21, 'US9892071054', 0.117087);

INSERT INTO index_variation_timespan (timespan_id, variation_id, valid_from, valid_to) VALUES (22, 1, '2018-12-31', '2019-01-01');
INSERT INTO index_variation_security (timespan_id, isin, fraction) VALUES (22, 'KR7098460009', 0.211901);
INSERT INTO index_variation_security (timespan_id, isin, fraction) VALUES (22, 'KYG014081064', 1.060474);
INSERT INTO index_variation_security (timespan_id, isin, fraction) VALUES (22, 'TW0002049004', 2.545952);
INSERT INTO index_variation_security (timespan_id, isin, fraction) VALUES (22, 'TW0002308004', 2.653265);
INSERT INTO index_variation_security (timespan_id, isin, fraction) VALUES (22, 'TW0002395001', 1.467641);
INSERT INTO index_variation_security (timespan_id, isin, fraction) VALUES (22, 'TW0003443008', 1.362637);
INSERT INTO index_variation_security (timespan_id, isin, fraction) VALUES (22, 'JP3592600005', 0.429487);
INSERT INTO index_variation_security (timespan_id, isin, fraction) VALUES (22, 'JP3809200003', 0.866330);
INSERT INTO index_variation_security (timespan_id, isin, fraction) VALUES (22, 'JP3651210001', 0.798892);
INSERT INTO index_variation_security (timespan_id, isin, fraction) VALUES (22, 'JP3162600005', 0.034388);
INSERT INTO index_variation_security (timespan_id, isin, fraction) VALUES (22, 'JP3765150002', 0.581032);
INSERT INTO index_variation_security (timespan_id, isin, fraction) VALUES (22, 'JP3497400006', 0.384793);
INSERT INTO index_variation_security (timespan_id, isin, fraction) VALUES (22, 'JP3124400007', 0.528313);
INSERT INTO index_variation_security (timespan_id, isin, fraction) VALUES (22, 'JP3813200007', 0.277498);
INSERT INTO index_variation_security (timespan_id, isin, fraction) VALUES (22, 'JP3539250005', 0.508537);
INSERT INTO index_variation_security (timespan_id, isin, fraction) VALUES (22, 'JP3944500002', 0.370171);
INSERT INTO index_variation_security (timespan_id, isin, fraction) VALUES (22, 'JP3902400005', 0.904355);
INSERT INTO index_variation_security (timespan_id, isin, fraction) VALUES (22, 'JP3932000007', 0.666190);
INSERT INTO index_variation_security (timespan_id, isin, fraction) VALUES (22, 'JP3497800007', 0.371016);
INSERT INTO index_variation_security (timespan_id, isin, fraction) VALUES (22, 'JP3197800000', 0.483228);
INSERT INTO index_variation_security (timespan_id, isin, fraction) VALUES (22, 'JP3955000009', 0.602169);
INSERT INTO index_variation_security (timespan_id, isin, fraction) VALUES (22, 'JP3236200006', 0.036363);
INSERT INTO index_variation_security (timespan_id, isin, fraction) VALUES (22, 'JP3197700002', 0.585347);
INSERT INTO index_variation_security (timespan_id, isin, fraction) VALUES (22, 'JP3802400006', 0.123055);
INSERT INTO index_variation_security (timespan_id, isin, fraction) VALUES (22, 'JP3630400004', 0.732812);
INSERT INTO index_variation_security (timespan_id, isin, fraction) VALUES (22, 'CH0012221716', 0.574353);
INSERT INTO index_variation_security (timespan_id, isin, fraction) VALUES (22, 'US0527691069', 0.082744);
INSERT INTO index_variation_security (timespan_id, isin, fraction) VALUES (22, 'DE000A111338', 0.289628);
INSERT INTO index_variation_security (timespan_id, isin, fraction) VALUES (22, 'KYG037AX1015', 0.287987);
INSERT INTO index_variation_security (timespan_id, isin, fraction) VALUES (22, 'JE00B783TY65', 0.163503);
INSERT INTO index_variation_security (timespan_id, isin, fraction) VALUES (22, 'US0043971052', 1.639931);
INSERT INTO index_variation_security (timespan_id, isin, fraction) VALUES (22, 'CA0019401052', 0.886389);
INSERT INTO index_variation_security (timespan_id, isin, fraction) VALUES (22, 'US0080731088', 0.277312);
INSERT INTO index_variation_security (timespan_id, isin, fraction) VALUES (22, 'US0906721065', 0.168011);
INSERT INTO index_variation_security (timespan_id, isin, fraction) VALUES (22, 'US1143401024', 0.734134);
INSERT INTO index_variation_security (timespan_id, isin, fraction) VALUES (22, 'US1273871087', 0.257076);
INSERT INTO index_variation_security (timespan_id, isin, fraction) VALUES (22, 'FI0009013429', 0.306100);
INSERT INTO index_variation_security (timespan_id, isin, fraction) VALUES (22, 'US1924221039', 0.467612);
INSERT INTO index_variation_security (timespan_id, isin, fraction) VALUES (22, 'FR0000130650', 0.091932);
INSERT INTO index_variation_security (timespan_id, isin, fraction) VALUES (22, 'US88554D2053', 0.948091);
INSERT INTO index_variation_security (timespan_id, isin, fraction) VALUES (22, 'US2441991054', 0.074490);
INSERT INTO index_variation_security (timespan_id, isin, fraction) VALUES (22, 'DE0005565204', 0.311748);
INSERT INTO index_variation_security (timespan_id, isin, fraction) VALUES (22, 'SE0000163628', 0.862910);
INSERT INTO index_variation_security (timespan_id, isin, fraction) VALUES (22, 'US3116421021', 0.331186);
INSERT INTO index_variation_security (timespan_id, isin, fraction) VALUES (22, 'US3024451011', 0.446783);
INSERT INTO index_variation_security (timespan_id, isin, fraction) VALUES (22, 'DE0006602006', 0.432416);
INSERT INTO index_variation_security (timespan_id, isin, fraction) VALUES (22, 'US3795772082', 0.239559);
INSERT INTO index_variation_security (timespan_id, isin, fraction) VALUES (22, 'SE0000103699', 0.237248);
INSERT INTO index_variation_security (timespan_id, isin, fraction) VALUES (22, 'US42330P1075', 1.517208);
INSERT INTO index_variation_security (timespan_id, isin, fraction) VALUES (22, 'VGG456671053', 1.017295);
INSERT INTO index_variation_security (timespan_id, isin, fraction) VALUES (22, 'US4523271090', 0.034129);
INSERT INTO index_variation_security (timespan_id, isin, fraction) VALUES (22, 'US44980X1090', 0.155683);
INSERT INTO index_variation_security (timespan_id, isin, fraction) VALUES (22, 'US4627261005', 0.213136);
INSERT INTO index_variation_security (timespan_id, isin, fraction) VALUES (22, 'DE0005488100', 0.306685);
INSERT INTO index_variation_security (timespan_id, isin, fraction) VALUES (22, 'US46120E6023', 0.039373);
INSERT INTO index_variation_security (timespan_id, isin, fraction) VALUES (22, 'US4778391049', 0.147004);
INSERT INTO index_variation_security (timespan_id, isin, fraction) VALUES (22, 'DE000A2NB601', 0.362845);
INSERT INTO index_variation_security (timespan_id, isin, fraction) VALUES (22, 'CH0100837282', 0.108039);
INSERT INTO index_variation_security (timespan_id, isin, fraction) VALUES (22, 'DE000KGX8881', 0.202394);
INSERT INTO index_variation_security (timespan_id, isin, fraction) VALUES (22, 'DE0006335003', 0.232332);
INSERT INTO index_variation_security (timespan_id, isin, fraction) VALUES (22, 'US5339001068', 0.137169);
INSERT INTO index_variation_security (timespan_id, isin, fraction) VALUES (22, 'US5627501092', 0.234089);
INSERT INTO index_variation_security (timespan_id, isin, fraction) VALUES (22, 'CA57778L1031', 0.775590);
INSERT INTO index_variation_security (timespan_id, isin, fraction) VALUES (22, 'US5950171042', 0.156126);
INSERT INTO index_variation_security (timespan_id, isin, fraction) VALUES (22, 'US57667T1007', 0.782412);
INSERT INTO index_variation_security (timespan_id, isin, fraction) VALUES (22, 'US6365181022', 0.233392);
INSERT INTO index_variation_security (timespan_id, isin, fraction) VALUES (22, 'US6556631025', 0.096672);
INSERT INTO index_variation_security (timespan_id, isin, fraction) VALUES (22, 'CA67000B1040', 0.184112);
INSERT INTO index_variation_security (timespan_id, isin, fraction) VALUES (22, 'US67020Y1001', 0.725011);
INSERT INTO index_variation_security (timespan_id, isin, fraction) VALUES (22, 'US67066G1040', 0.131151);
INSERT INTO index_variation_security (timespan_id, isin, fraction) VALUES (22, 'GB00B3MBS747', 1.071010);
INSERT INTO index_variation_security (timespan_id, isin, fraction) VALUES (22, 'US6752321025', 1.241766);
INSERT INTO index_variation_security (timespan_id, isin, fraction) VALUES (22, 'US69370C1009', 0.130931);
INSERT INTO index_variation_security (timespan_id, isin, fraction) VALUES (22, 'US7475251036', 0.195917);
INSERT INTO index_variation_security (timespan_id, isin, fraction) VALUES (22, 'NL0012169213', 0.311897);
INSERT INTO index_variation_security (timespan_id, isin, fraction) VALUES (22, 'US7542121089', 0.291507);
INSERT INTO index_variation_security (timespan_id, isin, fraction) VALUES (22, 'US7739031091', 0.119834);
INSERT INTO index_variation_security (timespan_id, isin, fraction) VALUES (22, 'GB0007323586', 0.205597);
INSERT INTO index_variation_security (timespan_id, isin, fraction) VALUES (22, 'FR0000121972', 0.156941);
INSERT INTO index_variation_security (timespan_id, isin, fraction) VALUES (22, 'DE0007236101', 0.098576);
INSERT INTO index_variation_security (timespan_id, isin, fraction) VALUES (22, 'IL0011267213', 0.541700);
INSERT INTO index_variation_security (timespan_id, isin, fraction) VALUES (22, 'US8793601050', 0.053766);
INSERT INTO index_variation_security (timespan_id, isin, fraction) VALUES (22, 'CH0012100191', 0.056204);
INSERT INTO index_variation_security (timespan_id, isin, fraction) VALUES (22, 'US8807701029', 0.336382);
INSERT INTO index_variation_security (timespan_id, isin, fraction) VALUES (22, 'US8962391004', 0.309085);
INSERT INTO index_variation_security (timespan_id, isin, fraction) VALUES (22, 'US92220P1057', 0.092327);
INSERT INTO index_variation_security (timespan_id, isin, fraction) VALUES (22, 'US9839191015', 0.125753);
INSERT INTO index_variation_security (timespan_id, isin, fraction) VALUES (22, 'US9892071054', 0.117087);

INSERT INTO share_price (provider_query_id, isin, symbol, price, timestamp, open_high_close_low, volume) VALUES (8, 'KR7098460009', '098460.KQ', '80700', '2018-11-30', 'CLOSE', 0);
INSERT INTO share_price (provider_query_id, isin, symbol, price, timestamp, open_high_close_low, volume) VALUES (8, 'KYG014081064', '1590.TW', '324', '2018-11-30', 'CLOSE', 0);
INSERT INTO share_price (provider_query_id, isin, symbol, price, timestamp, open_high_close_low, volume) VALUES (8, 'TW0002049004', '2049.TW', '240.5', '2018-11-30', 'CLOSE', 0);
INSERT INTO share_price (provider_query_id, isin, symbol, price, timestamp, open_high_close_low, volume) VALUES (8, 'TW0002308004', '2308.TW', '130', '2018-11-30', 'CLOSE', 0);
INSERT INTO share_price (provider_query_id, isin, symbol, price, timestamp, open_high_close_low, volume) VALUES (8, 'TW0002395001', '2395.TW', '233.5', '2018-11-30', 'CLOSE', 0);
INSERT INTO share_price (provider_query_id, isin, symbol, price, timestamp, open_high_close_low, volume) VALUES (8, 'TW0003443008', '3443.TW', '199.5', '2018-11-30', 'CLOSE', 0);
INSERT INTO share_price (provider_query_id, isin, symbol, price, timestamp, open_high_close_low, volume) VALUES (8, 'JP3592600005', '6104.T', '1984', '2018-11-30', 'CLOSE', 0);
INSERT INTO share_price (provider_query_id, isin, symbol, price, timestamp, open_high_close_low, volume) VALUES (8, 'JP3102400003', '6118.T', '909', '2018-11-30', 'CLOSE', 0);
INSERT INTO share_price (provider_query_id, isin, symbol, price, timestamp, open_high_close_low, volume) VALUES (8, 'JP3809200003', '6134.T', '1493', '2018-11-30', 'CLOSE', 0);
INSERT INTO share_price (provider_query_id, isin, symbol, price, timestamp, open_high_close_low, volume) VALUES (8, 'JP3651210001', '6268.T', '3140', '2018-11-30', 'CLOSE', 0);
INSERT INTO share_price (provider_query_id, isin, symbol, price, timestamp, open_high_close_low, volume) VALUES (8, 'JP3162600005', '6273.T', '38480', '2018-11-30', 'CLOSE', 0);
INSERT INTO share_price (provider_query_id, isin, symbol, price, timestamp, open_high_close_low, volume) VALUES (8, 'JP3765150002', '6324.T', '3795', '2018-11-30', 'CLOSE', 0);
INSERT INTO share_price (provider_query_id, isin, symbol, price, timestamp, open_high_close_low, volume) VALUES (8, 'JP3497400006', '6383.T', '5810', '2018-11-30', 'CLOSE', 0);
INSERT INTO share_price (provider_query_id, isin, symbol, price, timestamp, open_high_close_low, volume) VALUES (8, 'JP3124400007', '6436.T', '2448', '2018-11-30', 'CLOSE', 0);
INSERT INTO share_price (provider_query_id, isin, symbol, price, timestamp, open_high_close_low, volume) VALUES (8, 'JP3813200007', '6474.T', '4850', '2018-11-30', 'CLOSE', 0);
INSERT INTO share_price (provider_query_id, isin, symbol, price, timestamp, open_high_close_low, volume) VALUES (8, 'JP3539250005', '6481.T', '2601', '2018-11-30', 'CLOSE', 0);
INSERT INTO share_price (provider_query_id, isin, symbol, price, timestamp, open_high_close_low, volume) VALUES (8, 'JP3944500002', '6482.T', '1174', '2018-11-30', 'CLOSE', 0);
INSERT INTO share_price (provider_query_id, isin, symbol, price, timestamp, open_high_close_low, volume) VALUES (8, 'JP3902400005', '6503.T', '1498', '2018-11-30', 'CLOSE', 0);
INSERT INTO share_price (provider_query_id, isin, symbol, price, timestamp, open_high_close_low, volume) VALUES (8, 'JP3932000007', '6506.T', '3540', '2018-11-30', 'CLOSE', 0);
INSERT INTO share_price (provider_query_id, isin, symbol, price, timestamp, open_high_close_low, volume) VALUES (8, 'JP3497800007', '6622.T', '2775', '2018-11-30', 'CLOSE', 0);
INSERT INTO share_price (provider_query_id, isin, symbol, price, timestamp, open_high_close_low, volume) VALUES (8, 'JP3197800000', '6645.T', '4990', '2018-11-30', 'CLOSE', 0);
INSERT INTO share_price (provider_query_id, isin, symbol, price, timestamp, open_high_close_low, volume) VALUES (8, 'JP3955000009', '6841.T', '2086', '2018-11-30', 'CLOSE', 0);
INSERT INTO share_price (provider_query_id, isin, symbol, price, timestamp, open_high_close_low, volume) VALUES (8, 'JP3236200006', '6861.T', '61600', '2018-11-30', 'CLOSE', 0);
INSERT INTO share_price (provider_query_id, isin, symbol, price, timestamp, open_high_close_low, volume) VALUES (8, 'JP3197700002', '6914.T', '2304', '2018-11-30', 'CLOSE', 0);
INSERT INTO share_price (provider_query_id, isin, symbol, price, timestamp, open_high_close_low, volume) VALUES (8, 'JP3802400006', '6954.T', '19390', '2018-11-30', 'CLOSE', 0);
INSERT INTO share_price (provider_query_id, isin, symbol, price, timestamp, open_high_close_low, volume) VALUES (8, 'JP3630400004', '7732.T', '1751', '2018-11-30', 'CLOSE', 0);
INSERT INTO share_price (provider_query_id, isin, symbol, price, timestamp, open_high_close_low, volume) VALUES (8, 'CH0012221716', 'ABBN.S', '20.21', '2018-11-30', 'CLOSE', 0);
INSERT INTO share_price (provider_query_id, isin, symbol, price, timestamp, open_high_close_low, volume) VALUES (8, 'US0527691069', 'ADSK.OQ', '144.5', '2018-11-30', 'CLOSE', 0);
INSERT INTO share_price (provider_query_id, isin, symbol, price, timestamp, open_high_close_low, volume) VALUES (8, 'DE000A111338', 'AM3D.DE', '12.74', '2018-11-30', 'CLOSE', 0);
INSERT INTO share_price (provider_query_id, isin, symbol, price, timestamp, open_high_close_low, volume) VALUES (8, 'KYG037AX1015', 'AMBA.OQ', '39.99', '2018-11-30', 'CLOSE', 0);
INSERT INTO share_price (provider_query_id, isin, symbol, price, timestamp, open_high_close_low, volume) VALUES (8, 'JE00B783TY65', 'APTV.N', '71.9', '2018-11-30', 'CLOSE', 0);
INSERT INTO share_price (provider_query_id, isin, symbol, price, timestamp, open_high_close_low, volume) VALUES (8, 'US0043971052', 'ARAY.OQ', '4.1', '2018-11-30', 'CLOSE', 0);
INSERT INTO share_price (provider_query_id, isin, symbol, price, timestamp, open_high_close_low, volume) VALUES (8, 'CA0019401052', 'ATA.TO', '17.02', '2018-11-30', 'CLOSE', 0);
INSERT INTO share_price (provider_query_id, isin, symbol, price, timestamp, open_high_close_low, volume) VALUES (8, 'US0080731088', 'AVAV.OQ', '76.6', '2018-11-30', 'CLOSE', 0);
INSERT INTO share_price (provider_query_id, isin, symbol, price, timestamp, open_high_close_low, volume) VALUES (8, 'US1143401024', 'BRKS.OQ', '30.36', '2018-11-30', 'CLOSE', 0);
INSERT INTO share_price (provider_query_id, isin, symbol, price, timestamp, open_high_close_low, volume) VALUES (8, 'US1273871087', 'CDNS.OQ', '45.04', '2018-11-30', 'CLOSE', 0);
INSERT INTO share_price (provider_query_id, isin, symbol, price, timestamp, open_high_close_low, volume) VALUES (8, 'FI0009013429', 'CGCBV.HE', '34', '2018-11-30', 'CLOSE', 0);
INSERT INTO share_price (provider_query_id, isin, symbol, price, timestamp, open_high_close_low, volume) VALUES (8, 'US1924221039', 'CGNX.OQ', '44.02', '2018-11-30', 'CLOSE', 0);
INSERT INTO share_price (provider_query_id, isin, symbol, price, timestamp, open_high_close_low, volume) VALUES (8, 'FR0000130650', 'DAST.PA', '106', '2018-11-30', 'CLOSE', 0);
INSERT INTO share_price (provider_query_id, isin, symbol, price, timestamp, open_high_close_low, volume) VALUES (8, 'US88554D2053', 'DDD.N', '12.38', '2018-11-30', 'CLOSE', 0);
INSERT INTO share_price (provider_query_id, isin, symbol, price, timestamp, open_high_close_low, volume) VALUES (8, 'US2441991054', 'DE.N', '154.88', '2018-11-30', 'CLOSE', 0);
INSERT INTO share_price (provider_query_id, isin, symbol, price, timestamp, open_high_close_low, volume) VALUES (8, 'DE0005565204', 'DUEG.DE', '32.8', '2018-11-30', 'CLOSE', 0);
INSERT INTO share_price (provider_query_id, isin, symbol, price, timestamp, open_high_close_low, volume) VALUES (8, 'SE0000163628', 'EKTAb.ST', '109.65', '2018-11-30', 'CLOSE', 0);
INSERT INTO share_price (provider_query_id, isin, symbol, price, timestamp, open_high_close_low, volume) VALUES (8, 'US3116421021', 'FARO.OQ', '49.72', '2018-11-30', 'CLOSE', 0);
INSERT INTO share_price (provider_query_id, isin, symbol, price, timestamp, open_high_close_low, volume) VALUES (8, 'US3024451011', 'FLIR.OQ', '45.86', '2018-11-30', 'CLOSE', 0);
INSERT INTO share_price (provider_query_id, isin, symbol, price, timestamp, open_high_close_low, volume) VALUES (8, 'DE0006602006', 'G1AG.DE', '23.84', '2018-11-30', 'CLOSE', 0);
INSERT INTO share_price (provider_query_id, isin, symbol, price, timestamp, open_high_close_low, volume) VALUES (8, 'SE0000103699', 'HEXAb.ST', '453.3', '2018-11-30', 'CLOSE', 0);
INSERT INTO share_price (provider_query_id, isin, symbol, price, timestamp, open_high_close_low, volume) VALUES (8, 'US42330P1075', 'HLX.N', '8.2', '2018-11-30', 'CLOSE', 0);
INSERT INTO share_price (provider_query_id, isin, symbol, price, timestamp, open_high_close_low, volume) VALUES (8, 'VGG456671053', 'HOLI.OQ', '19.81', '2018-11-30', 'CLOSE', 0);
INSERT INTO share_price (provider_query_id, isin, symbol, price, timestamp, open_high_close_low, volume) VALUES (8, 'US4523271090', 'ILMN.OQ', '337.5', '2018-11-30', 'CLOSE', 0);
INSERT INTO share_price (provider_query_id, isin, symbol, price, timestamp, open_high_close_low, volume) VALUES (8, 'US44980X1090', 'IPGP.OQ', '142.15', '2018-11-30', 'CLOSE', 0);
INSERT INTO share_price (provider_query_id, isin, symbol, price, timestamp, open_high_close_low, volume) VALUES (8, 'US4627261005', 'IRBT.OQ', '95.4', '2018-11-30', 'CLOSE', 0);
INSERT INTO share_price (provider_query_id, isin, symbol, price, timestamp, open_high_close_low, volume) VALUES (8, 'DE0005488100', 'ISRG.DE', '34.4', '2018-11-30', 'CLOSE', 0);
INSERT INTO share_price (provider_query_id, isin, symbol, price, timestamp, open_high_close_low, volume) VALUES (8, 'US46120E6023', 'ISRG.OQ', '530.87', '2018-11-30', 'CLOSE', 0);
INSERT INTO share_price (provider_query_id, isin, symbol, price, timestamp, open_high_close_low, volume) VALUES (8, 'US4778391049', 'JBT.N', '82.54', '2018-11-30', 'CLOSE', 0);
INSERT INTO share_price (provider_query_id, isin, symbol, price, timestamp, open_high_close_low, volume) VALUES (8, 'DE000A2NB601', 'JENGn.DE', '26.72', '2018-11-30', 'CLOSE', 0);
INSERT INTO share_price (provider_query_id, isin, symbol, price, timestamp, open_high_close_low, volume) VALUES (8, 'CH0100837282', 'KARN.S', '118.6', '2018-11-30', 'CLOSE', 0);
INSERT INTO share_price (provider_query_id, isin, symbol, price, timestamp, open_high_close_low, volume) VALUES (8, 'DE000KGX8881', 'KGX.DE', '49.82', '2018-11-30', 'CLOSE', 0);
INSERT INTO share_price (provider_query_id, isin, symbol, price, timestamp, open_high_close_low, volume) VALUES (8, 'DE0006335003', 'KRNG.DE', '78.6', '2018-11-30', 'CLOSE', 0);
INSERT INTO share_price (provider_query_id, isin, symbol, price, timestamp, open_high_close_low, volume) VALUES (8, 'US5339001068', 'LECO.OQ', '85.95', '2018-11-30', 'CLOSE', 0);
INSERT INTO share_price (provider_query_id, isin, symbol, price, timestamp, open_high_close_low, volume) VALUES (8, 'US5627501092', 'MANH.OQ', '49.53', '2018-11-30', 'CLOSE', 0);
INSERT INTO share_price (provider_query_id, isin, symbol, price, timestamp, open_high_close_low, volume) VALUES (8, 'CA57778L1031', 'MAXR.TO', '21.99', '2018-11-30', 'CLOSE', 0);
INSERT INTO share_price (provider_query_id, isin, symbol, price, timestamp, open_high_close_low, volume) VALUES (8, 'US5950171042', 'MCHP.OQ', '75', '2018-11-30', 'CLOSE', 0);
INSERT INTO share_price (provider_query_id, isin, symbol, price, timestamp, open_high_close_low, volume) VALUES (8, 'IL0011068553', 'MZOR.TA', '108', '2018-11-30', 'CLOSE', 0);
INSERT INTO share_price (provider_query_id, isin, symbol, price, timestamp, open_high_close_low, volume) VALUES (8, 'US6365181022', 'NATI.OQ', '48.96', '2018-11-30', 'CLOSE', 0);
INSERT INTO share_price (provider_query_id, isin, symbol, price, timestamp, open_high_close_low, volume) VALUES (8, 'US6556631025', 'NDSN.OQ', '120.41', '2018-11-30', 'CLOSE', 0);
INSERT INTO share_price (provider_query_id, isin, symbol, price, timestamp, open_high_close_low, volume) VALUES (8, 'CA67000B1040', 'NOVT.OQ', '64.93', '2018-11-30', 'CLOSE', 0);
INSERT INTO share_price (provider_query_id, isin, symbol, price, timestamp, open_high_close_low, volume) VALUES (8, 'US67020Y1001', 'NUAN.OQ', '15.99', '2018-11-30', 'CLOSE', 0);
INSERT INTO share_price (provider_query_id, isin, symbol, price, timestamp, open_high_close_low, volume) VALUES (8, 'US67066G1040', 'NVDA.OQ', '163.43', '2018-11-30', 'CLOSE', 0);
INSERT INTO share_price (provider_query_id, isin, symbol, price, timestamp, open_high_close_low, volume) VALUES (8, 'GB00B3MBS747', 'OCDO.L', '8.312', '2018-11-30', 'CLOSE', 0);
INSERT INTO share_price (provider_query_id, isin, symbol, price, timestamp, open_high_close_low, volume) VALUES (8, 'US6752321025', 'OII.N', '16.79', '2018-11-30', 'CLOSE', 0);
INSERT INTO share_price (provider_query_id, isin, symbol, price, timestamp, open_high_close_low, volume) VALUES (8, 'US69370C1009', 'PTC.OQ', '86.49', '2018-11-30', 'CLOSE', 0);
INSERT INTO share_price (provider_query_id, isin, symbol, price, timestamp, open_high_close_low, volume) VALUES (8, 'US7475251036', 'QCOM.OQ', '58.26', '2018-11-30', 'CLOSE', 0);
INSERT INTO share_price (provider_query_id, isin, symbol, price, timestamp, open_high_close_low, volume) VALUES (8, 'NL0012169213', 'QGEN.N', '35.44', '2018-11-30', 'CLOSE', 0);
INSERT INTO share_price (provider_query_id, isin, symbol, price, timestamp, open_high_close_low, volume) VALUES (8, 'US7542121089', 'RAVN.OQ', '40.35', '2018-11-30', 'CLOSE', 0);
INSERT INTO share_price (provider_query_id, isin, symbol, price, timestamp, open_high_close_low, volume) VALUES (8, 'US7739031091', 'ROK.N', '174.34', '2018-11-30', 'CLOSE', 0);
INSERT INTO share_price (provider_query_id, isin, symbol, price, timestamp, open_high_close_low, volume) VALUES (8, 'GB0007323586', 'RSW.L', '42.8', '2018-11-30', 'CLOSE', 0);
INSERT INTO share_price (provider_query_id, isin, symbol, price, timestamp, open_high_close_low, volume) VALUES (8, 'FR0000121972', 'SCHN.PA', '64.28', '2018-11-30', 'CLOSE', 0);
INSERT INTO share_price (provider_query_id, isin, symbol, price, timestamp, open_high_close_low, volume) VALUES (8, 'DE0007236101', 'SIEGn.DE', '102.4', '2018-11-30', 'CLOSE', 0);
INSERT INTO share_price (provider_query_id, isin, symbol, price, timestamp, open_high_close_low, volume) VALUES (8, 'IL0011267213', 'SSYS.OQ', '21.39', '2018-11-30', 'CLOSE', 0);
INSERT INTO share_price (provider_query_id, isin, symbol, price, timestamp, open_high_close_low, volume) VALUES (8, 'US8793601050', 'TDY.N', '224.58', '2018-11-30', 'CLOSE', 0);
INSERT INTO share_price (provider_query_id, isin, symbol, price, timestamp, open_high_close_low, volume) VALUES (8, 'CH0012100191', 'TECN.S', '205.2', '2018-11-30', 'CLOSE', 0);
INSERT INTO share_price (provider_query_id, isin, symbol, price, timestamp, open_high_close_low, volume) VALUES (8, 'US8807701029', 'TER.OQ', '35.69', '2018-11-30', 'CLOSE', 0);
INSERT INTO share_price (provider_query_id, isin, symbol, price, timestamp, open_high_close_low, volume) VALUES (8, 'US8962391004', 'TRMB.OQ', '38.03', '2018-11-30', 'CLOSE', 0);
INSERT INTO share_price (provider_query_id, isin, symbol, price, timestamp, open_high_close_low, volume) VALUES (8, 'CH0033361673', 'UBXN.S', '93.6', '2018-11-30', 'CLOSE', 0);
INSERT INTO share_price (provider_query_id, isin, symbol, price, timestamp, open_high_close_low, volume) VALUES (8, 'US92220P1057', 'VAR.N', '123.39', '2018-11-30', 'CLOSE', 0);
INSERT INTO share_price (provider_query_id, isin, symbol, price, timestamp, open_high_close_low, volume) VALUES (8, 'US9839191015', 'XLNX.OQ', '92.48', '2018-11-30', 'CLOSE', 0);
INSERT INTO share_price (provider_query_id, isin, symbol, price, timestamp, open_high_close_low, volume) VALUES (8, 'US9892071054', 'ZBRA.OQ', '179.8', '2018-11-30', 'CLOSE', 0);

INSERT INTO share_price (provider_query_id, isin, symbol, price, timestamp, open_high_close_low, volume) VALUES (8, 'KR7098460009', '098460.KQ', '84900', '2018-12-03', 'CLOSE', 0);
INSERT INTO share_price (provider_query_id, isin, symbol, price, timestamp, open_high_close_low, volume) VALUES (8, 'KYG014081064', '1590.TW', '356', '2018-12-03', 'CLOSE', 0);
INSERT INTO share_price (provider_query_id, isin, symbol, price, timestamp, open_high_close_low, volume) VALUES (8, 'TW0002049004', '2049.TW', '264', '2018-12-03', 'CLOSE', 0);
INSERT INTO share_price (provider_query_id, isin, symbol, price, timestamp, open_high_close_low, volume) VALUES (8, 'TW0002308004', '2308.TW', '130', '2018-12-03', 'CLOSE', 0);
INSERT INTO share_price (provider_query_id, isin, symbol, price, timestamp, open_high_close_low, volume) VALUES (8, 'TW0002395001', '2395.TW', '233', '2018-12-03', 'CLOSE', 0);
INSERT INTO share_price (provider_query_id, isin, symbol, price, timestamp, open_high_close_low, volume) VALUES (8, 'TW0003443008', '3443.TW', '216', '2018-12-03', 'CLOSE', 0);
INSERT INTO share_price (provider_query_id, isin, symbol, price, timestamp, open_high_close_low, volume) VALUES (8, 'JP3592600005', '6104.T', '2027', '2018-12-03', 'CLOSE', 0);
INSERT INTO share_price (provider_query_id, isin, symbol, price, timestamp, open_high_close_low, volume) VALUES (8, 'JP3102400003', '6118.T', '925', '2018-12-03', 'CLOSE', 0);
INSERT INTO share_price (provider_query_id, isin, symbol, price, timestamp, open_high_close_low, volume) VALUES (8, 'JP3809200003', '6134.T', '1513', '2018-12-03', 'CLOSE', 0);
INSERT INTO share_price (provider_query_id, isin, symbol, price, timestamp, open_high_close_low, volume) VALUES (8, 'JP3651210001', '6268.T', '3115', '2018-12-03', 'CLOSE', 0);
INSERT INTO share_price (provider_query_id, isin, symbol, price, timestamp, open_high_close_low, volume) VALUES (8, 'JP3162600005', '6273.T', '39910', '2018-12-03', 'CLOSE', 0);
INSERT INTO share_price (provider_query_id, isin, symbol, price, timestamp, open_high_close_low, volume) VALUES (8, 'JP3765150002', '6324.T', '4140', '2018-12-03', 'CLOSE', 0);
INSERT INTO share_price (provider_query_id, isin, symbol, price, timestamp, open_high_close_low, volume) VALUES (8, 'JP3497400006', '6383.T', '6030', '2018-12-03', 'CLOSE', 0);
INSERT INTO share_price (provider_query_id, isin, symbol, price, timestamp, open_high_close_low, volume) VALUES (8, 'JP3124400007', '6436.T', '2470', '2018-12-03', 'CLOSE', 0);
INSERT INTO share_price (provider_query_id, isin, symbol, price, timestamp, open_high_close_low, volume) VALUES (8, 'JP3813200007', '6474.T', '4925', '2018-12-03', 'CLOSE', 0);
INSERT INTO share_price (provider_query_id, isin, symbol, price, timestamp, open_high_close_low, volume) VALUES (8, 'JP3539250005', '6481.T', '2683', '2018-12-03', 'CLOSE', 0);
INSERT INTO share_price (provider_query_id, isin, symbol, price, timestamp, open_high_close_low, volume) VALUES (8, 'JP3944500002', '6482.T', '1193', '2018-12-03', 'CLOSE', 0);
INSERT INTO share_price (provider_query_id, isin, symbol, price, timestamp, open_high_close_low, volume) VALUES (8, 'JP3902400005', '6503.T', '1495.5', '2018-12-03', 'CLOSE', 0);
INSERT INTO share_price (provider_query_id, isin, symbol, price, timestamp, open_high_close_low, volume) VALUES (8, 'JP3932000007', '6506.T', '3655', '2018-12-03', 'CLOSE', 0);
INSERT INTO share_price (provider_query_id, isin, symbol, price, timestamp, open_high_close_low, volume) VALUES (8, 'JP3497800007', '6622.T', '2783', '2018-12-03', 'CLOSE', 0);
INSERT INTO share_price (provider_query_id, isin, symbol, price, timestamp, open_high_close_low, volume) VALUES (8, 'JP3197800000', '6645.T', '5040', '2018-12-03', 'CLOSE', 0);
INSERT INTO share_price (provider_query_id, isin, symbol, price, timestamp, open_high_close_low, volume) VALUES (8, 'JP3955000009', '6841.T', '2129', '2018-12-03', 'CLOSE', 0);
INSERT INTO share_price (provider_query_id, isin, symbol, price, timestamp, open_high_close_low, volume) VALUES (8, 'JP3236200006', '6861.T', '62950', '2018-12-03', 'CLOSE', 0);
INSERT INTO share_price (provider_query_id, isin, symbol, price, timestamp, open_high_close_low, volume) VALUES (8, 'JP3197700002', '6914.T', '2316', '2018-12-03', 'CLOSE', 0);
INSERT INTO share_price (provider_query_id, isin, symbol, price, timestamp, open_high_close_low, volume) VALUES (8, 'JP3802400006', '6954.T', '19595', '2018-12-03', 'CLOSE', 0);
INSERT INTO share_price (provider_query_id, isin, symbol, price, timestamp, open_high_close_low, volume) VALUES (8, 'JP3630400004', '7732.T', '1830', '2018-12-03', 'CLOSE', 0);
INSERT INTO share_price (provider_query_id, isin, symbol, price, timestamp, open_high_close_low, volume) VALUES (8, 'CH0012221716', 'ABBN.S', '20.3', '2018-12-03', 'CLOSE', 0);
INSERT INTO share_price (provider_query_id, isin, symbol, price, timestamp, open_high_close_low, volume) VALUES (8, 'US0527691069', 'ADSK.OQ', '148.02', '2018-12-03', 'CLOSE', 0);
INSERT INTO share_price (provider_query_id, isin, symbol, price, timestamp, open_high_close_low, volume) VALUES (8, 'DE000A111338', 'AM3D.DE', '12.84', '2018-12-03', 'CLOSE', 0);
INSERT INTO share_price (provider_query_id, isin, symbol, price, timestamp, open_high_close_low, volume) VALUES (8, 'KYG037AX1015', 'AMBA.OQ', '42.35', '2018-12-03', 'CLOSE', 0);
INSERT INTO share_price (provider_query_id, isin, symbol, price, timestamp, open_high_close_low, volume) VALUES (8, 'JE00B783TY65', 'APTV.N', '74.71', '2018-12-03', 'CLOSE', 0);
INSERT INTO share_price (provider_query_id, isin, symbol, price, timestamp, open_high_close_low, volume) VALUES (8, 'US0043971052', 'ARAY.OQ', '4', '2018-12-03', 'CLOSE', 0);
INSERT INTO share_price (provider_query_id, isin, symbol, price, timestamp, open_high_close_low, volume) VALUES (8, 'CA0019401052', 'ATA.TO', '17.51', '2018-12-03', 'CLOSE', 0);
INSERT INTO share_price (provider_query_id, isin, symbol, price, timestamp, open_high_close_low, volume) VALUES (8, 'US0080731088', 'AVAV.OQ', '73.31', '2018-12-03', 'CLOSE', 0);
INSERT INTO share_price (provider_query_id, isin, symbol, price, timestamp, open_high_close_low, volume) VALUES (8, 'US1143401024', 'BRKS.OQ', '30.36', '2018-12-03', 'CLOSE', 0);
INSERT INTO share_price (provider_query_id, isin, symbol, price, timestamp, open_high_close_low, volume) VALUES (8, 'US1273871087', 'CDNS.OQ', '46.22', '2018-12-03', 'CLOSE', 0);
INSERT INTO share_price (provider_query_id, isin, symbol, price, timestamp, open_high_close_low, volume) VALUES (8, 'FI0009013429', 'CGCBV.HE', '35.94', '2018-12-03', 'CLOSE', 0);
INSERT INTO share_price (provider_query_id, isin, symbol, price, timestamp, open_high_close_low, volume) VALUES (8, 'US1924221039', 'CGNX.OQ', '47.35', '2018-12-03', 'CLOSE', 0);
INSERT INTO share_price (provider_query_id, isin, symbol, price, timestamp, open_high_close_low, volume) VALUES (8, 'FR0000130650', 'DAST.PA', '111.65', '2018-12-03', 'CLOSE', 0);
INSERT INTO share_price (provider_query_id, isin, symbol, price, timestamp, open_high_close_low, volume) VALUES (8, 'US88554D2053', 'DDD.N', '12.65', '2018-12-03', 'CLOSE', 0);
INSERT INTO share_price (provider_query_id, isin, symbol, price, timestamp, open_high_close_low, volume) VALUES (8, 'US2441991054', 'DE.N', '162.21', '2018-12-03', 'CLOSE', 0);
INSERT INTO share_price (provider_query_id, isin, symbol, price, timestamp, open_high_close_low, volume) VALUES (8, 'DE0005565204', 'DUEG.DE', '34.45', '2018-12-03', 'CLOSE', 0);
INSERT INTO share_price (provider_query_id, isin, symbol, price, timestamp, open_high_close_low, volume) VALUES (8, 'SE0000163628', 'EKTAb.ST', '110.8', '2018-12-03', 'CLOSE', 0);
INSERT INTO share_price (provider_query_id, isin, symbol, price, timestamp, open_high_close_low, volume) VALUES (8, 'US3116421021', 'FARO.OQ', '50.14', '2018-12-03', 'CLOSE', 0);
INSERT INTO share_price (provider_query_id, isin, symbol, price, timestamp, open_high_close_low, volume) VALUES (8, 'US3024451011', 'FLIR.OQ', '46.33', '2018-12-03', 'CLOSE', 0);
INSERT INTO share_price (provider_query_id, isin, symbol, price, timestamp, open_high_close_low, volume) VALUES (8, 'DE0006602006', 'G1AG.DE', '24.61', '2018-12-03', 'CLOSE', 0);
INSERT INTO share_price (provider_query_id, isin, symbol, price, timestamp, open_high_close_low, volume) VALUES (8, 'SE0000103699', 'HEXAb.ST', '461.9', '2018-12-03', 'CLOSE', 0);
INSERT INTO share_price (provider_query_id, isin, symbol, price, timestamp, open_high_close_low, volume) VALUES (8, 'US42330P1075', 'HLX.N', '8.52', '2018-12-03', 'CLOSE', 0);
INSERT INTO share_price (provider_query_id, isin, symbol, price, timestamp, open_high_close_low, volume) VALUES (8, 'VGG456671053', 'HOLI.OQ', '20.5', '2018-12-03', 'CLOSE', 0);
INSERT INTO share_price (provider_query_id, isin, symbol, price, timestamp, open_high_close_low, volume) VALUES (8, 'US4523271090', 'ILMN.OQ', '350.25', '2018-12-03', 'CLOSE', 0);
INSERT INTO share_price (provider_query_id, isin, symbol, price, timestamp, open_high_close_low, volume) VALUES (8, 'US44980X1090', 'IPGP.OQ', '148.17', '2018-12-03', 'CLOSE', 0);
INSERT INTO share_price (provider_query_id, isin, symbol, price, timestamp, open_high_close_low, volume) VALUES (8, 'US4627261005', 'IRBT.OQ', '100.87', '2018-12-03', 'CLOSE', 0);
INSERT INTO share_price (provider_query_id, isin, symbol, price, timestamp, open_high_close_low, volume) VALUES (8, 'DE0005488100', 'ISRG.DE', '34.75', '2018-12-03', 'CLOSE', 0);
INSERT INTO share_price (provider_query_id, isin, symbol, price, timestamp, open_high_close_low, volume) VALUES (8, 'US46120E6023', 'ISRG.OQ', '548.93', '2018-12-03', 'CLOSE', 0);
INSERT INTO share_price (provider_query_id, isin, symbol, price, timestamp, open_high_close_low, volume) VALUES (8, 'US4778391049', 'JBT.N', '82.37', '2018-12-03', 'CLOSE', 0);
INSERT INTO share_price (provider_query_id, isin, symbol, price, timestamp, open_high_close_low, volume) VALUES (8, 'DE000A2NB601', 'JENGn.DE', '27.78', '2018-12-03', 'CLOSE', 0);
INSERT INTO share_price (provider_query_id, isin, symbol, price, timestamp, open_high_close_low, volume) VALUES (8, 'CH0100837282', 'KARN.S', '123.2', '2018-12-03', 'CLOSE', 0);
INSERT INTO share_price (provider_query_id, isin, symbol, price, timestamp, open_high_close_low, volume) VALUES (8, 'DE000KGX8881', 'KGX.DE', '50.76', '2018-12-03', 'CLOSE', 0);
INSERT INTO share_price (provider_query_id, isin, symbol, price, timestamp, open_high_close_low, volume) VALUES (8, 'DE0006335003', 'KRNG.DE', '75.45', '2018-12-03', 'CLOSE', 0);
INSERT INTO share_price (provider_query_id, isin, symbol, price, timestamp, open_high_close_low, volume) VALUES (8, 'US5339001068', 'LECO.OQ', '86.5', '2018-12-03', 'CLOSE', 0);
INSERT INTO share_price (provider_query_id, isin, symbol, price, timestamp, open_high_close_low, volume) VALUES (8, 'US5627501092', 'MANH.OQ', '49.5', '2018-12-03', 'CLOSE', 0);
INSERT INTO share_price (provider_query_id, isin, symbol, price, timestamp, open_high_close_low, volume) VALUES (8, 'CA57778L1031', 'MAXR.TO', '21.99', '2018-12-03', 'CLOSE', 0);
INSERT INTO share_price (provider_query_id, isin, symbol, price, timestamp, open_high_close_low, volume) VALUES (8, 'US5950171042', 'MCHP.OQ', '77.76', '2018-12-03', 'CLOSE', 0);
INSERT INTO share_price (provider_query_id, isin, symbol, price, timestamp, open_high_close_low, volume) VALUES (8, 'IL0011068553', 'MZOR.TA', '108.3', '2018-12-03', 'CLOSE', 0);
INSERT INTO share_price (provider_query_id, isin, symbol, price, timestamp, open_high_close_low, volume) VALUES (8, 'US6365181022', 'NATI.OQ', '49.67', '2018-12-03', 'CLOSE', 0);
INSERT INTO share_price (provider_query_id, isin, symbol, price, timestamp, open_high_close_low, volume) VALUES (8, 'US6556631025', 'NDSN.OQ', '121.91', '2018-12-03', 'CLOSE', 0);
INSERT INTO share_price (provider_query_id, isin, symbol, price, timestamp, open_high_close_low, volume) VALUES (8, 'CA67000B1040', 'NOVT.OQ', '65.14', '2018-12-03', 'CLOSE', 0);
INSERT INTO share_price (provider_query_id, isin, symbol, price, timestamp, open_high_close_low, volume) VALUES (8, 'US67020Y1001', 'NUAN.OQ', '16.15', '2018-12-03', 'CLOSE', 0);
INSERT INTO share_price (provider_query_id, isin, symbol, price, timestamp, open_high_close_low, volume) VALUES (8, 'US67066G1040', 'NVDA.OQ', '170.04', '2018-12-03', 'CLOSE', 0);
INSERT INTO share_price (provider_query_id, isin, symbol, price, timestamp, open_high_close_low, volume) VALUES (8, 'GB00B3MBS747', 'OCDO.L', '8.366', '2018-12-03', 'CLOSE', 0);
INSERT INTO share_price (provider_query_id, isin, symbol, price, timestamp, open_high_close_low, volume) VALUES (8, 'US6752321025', 'OII.N', '17.56', '2018-12-03', 'CLOSE', 0);
INSERT INTO share_price (provider_query_id, isin, symbol, price, timestamp, open_high_close_low, volume) VALUES (8, 'US69370C1009', 'PTC.OQ', '90.35', '2018-12-03', 'CLOSE', 0);
INSERT INTO share_price (provider_query_id, isin, symbol, price, timestamp, open_high_close_low, volume) VALUES (8, 'US7475251036', 'QCOM.OQ', '59.14', '2018-12-03', 'CLOSE', 0);
INSERT INTO share_price (provider_query_id, isin, symbol, price, timestamp, open_high_close_low, volume) VALUES (8, 'NL0012169213', 'QGEN.N', '36.3', '2018-12-03', 'CLOSE', 0);
INSERT INTO share_price (provider_query_id, isin, symbol, price, timestamp, open_high_close_low, volume) VALUES (8, 'US7542121089', 'RAVN.OQ', '40.94', '2018-12-03', 'CLOSE', 0);
INSERT INTO share_price (provider_query_id, isin, symbol, price, timestamp, open_high_close_low, volume) VALUES (8, 'US7739031091', 'ROK.N', '178.06', '2018-12-03', 'CLOSE', 0);
INSERT INTO share_price (provider_query_id, isin, symbol, price, timestamp, open_high_close_low, volume) VALUES (8, 'GB0007323586', 'RSW.L', '44.04', '2018-12-03', 'CLOSE', 0);
INSERT INTO share_price (provider_query_id, isin, symbol, price, timestamp, open_high_close_low, volume) VALUES (8, 'FR0000121972', 'SCHN.PA', '65.44', '2018-12-03', 'CLOSE', 0);
INSERT INTO share_price (provider_query_id, isin, symbol, price, timestamp, open_high_close_low, volume) VALUES (8, 'DE0007236101', 'SIEGn.DE', '104.04', '2018-12-03', 'CLOSE', 0);
INSERT INTO share_price (provider_query_id, isin, symbol, price, timestamp, open_high_close_low, volume) VALUES (8, 'IL0011267213', 'SSYS.OQ', '21.73', '2018-12-03', 'CLOSE', 0);
INSERT INTO share_price (provider_query_id, isin, symbol, price, timestamp, open_high_close_low, volume) VALUES (8, 'US8793601050', 'TDY.N', '227.71', '2018-12-03', 'CLOSE', 0);
INSERT INTO share_price (provider_query_id, isin, symbol, price, timestamp, open_high_close_low, volume) VALUES (8, 'CH0012100191', 'TECN.S', '206.4', '2018-12-03', 'CLOSE', 0);
INSERT INTO share_price (provider_query_id, isin, symbol, price, timestamp, open_high_close_low, volume) VALUES (8, 'US8807701029', 'TER.OQ', '35.96', '2018-12-03', 'CLOSE', 0);
INSERT INTO share_price (provider_query_id, isin, symbol, price, timestamp, open_high_close_low, volume) VALUES (8, 'US8962391004', 'TRMB.OQ', '39.24', '2018-12-03', 'CLOSE', 0);
INSERT INTO share_price (provider_query_id, isin, symbol, price, timestamp, open_high_close_low, volume) VALUES (8, 'CH0033361673', 'UBXN.S', '99.65', '2018-12-03', 'CLOSE', 0);
INSERT INTO share_price (provider_query_id, isin, symbol, price, timestamp, open_high_close_low, volume) VALUES (8, 'US92220P1057', 'VAR.N', '125.82', '2018-12-03', 'CLOSE', 0);
INSERT INTO share_price (provider_query_id, isin, symbol, price, timestamp, open_high_close_low, volume) VALUES (8, 'US9839191015', 'XLNX.OQ', '94.63', '2018-12-03', 'CLOSE', 0);
INSERT INTO share_price (provider_query_id, isin, symbol, price, timestamp, open_high_close_low, volume) VALUES (8, 'US9892071054', 'ZBRA.OQ', '181.37', '2018-12-03', 'CLOSE', 0);

INSERT INTO share_price (provider_query_id, isin, symbol, price, timestamp, open_high_close_low, volume) VALUES (8, 'KR7098460009', '098460.KQ', '84200', '2018-12-04', 'CLOSE', 0);
INSERT INTO share_price (provider_query_id, isin, symbol, price, timestamp, open_high_close_low, volume) VALUES (8, 'KYG014081064', '1590.TW', '356', '2018-12-04', 'CLOSE', 0);
INSERT INTO share_price (provider_query_id, isin, symbol, price, timestamp, open_high_close_low, volume) VALUES (8, 'TW0002049004', '2049.TW', '258', '2018-12-04', 'CLOSE', 0);
INSERT INTO share_price (provider_query_id, isin, symbol, price, timestamp, open_high_close_low, volume) VALUES (8, 'TW0002308004', '2308.TW', '130', '2018-12-04', 'CLOSE', 0);
INSERT INTO share_price (provider_query_id, isin, symbol, price, timestamp, open_high_close_low, volume) VALUES (8, 'TW0002395001', '2395.TW', '232', '2018-12-04', 'CLOSE', 0);
INSERT INTO share_price (provider_query_id, isin, symbol, price, timestamp, open_high_close_low, volume) VALUES (8, 'TW0003443008', '3443.TW', '216', '2018-12-04', 'CLOSE', 0);
INSERT INTO share_price (provider_query_id, isin, symbol, price, timestamp, open_high_close_low, volume) VALUES (8, 'JP3592600005', '6104.T', '2000', '2018-12-04', 'CLOSE', 0);
INSERT INTO share_price (provider_query_id, isin, symbol, price, timestamp, open_high_close_low, volume) VALUES (8, 'JP3102400003', '6118.T', '886', '2018-12-04', 'CLOSE', 0);
INSERT INTO share_price (provider_query_id, isin, symbol, price, timestamp, open_high_close_low, volume) VALUES (8, 'JP3809200003', '6134.T', '1492', '2018-12-04', 'CLOSE', 0);
INSERT INTO share_price (provider_query_id, isin, symbol, price, timestamp, open_high_close_low, volume) VALUES (8, 'JP3651210001', '6268.T', '2968', '2018-12-04', 'CLOSE', 0);
INSERT INTO share_price (provider_query_id, isin, symbol, price, timestamp, open_high_close_low, volume) VALUES (8, 'JP3162600005', '6273.T', '38580', '2018-12-04', 'CLOSE', 0);
INSERT INTO share_price (provider_query_id, isin, symbol, price, timestamp, open_high_close_low, volume) VALUES (8, 'JP3765150002', '6324.T', '4095', '2018-12-04', 'CLOSE', 0);
INSERT INTO share_price (provider_query_id, isin, symbol, price, timestamp, open_high_close_low, volume) VALUES (8, 'JP3497400006', '6383.T', '5990', '2018-12-04', 'CLOSE', 0);
INSERT INTO share_price (provider_query_id, isin, symbol, price, timestamp, open_high_close_low, volume) VALUES (8, 'JP3124400007', '6436.T', '2400', '2018-12-04', 'CLOSE', 0);
INSERT INTO share_price (provider_query_id, isin, symbol, price, timestamp, open_high_close_low, volume) VALUES (8, 'JP3813200007', '6474.T', '4775', '2018-12-04', 'CLOSE', 0);
INSERT INTO share_price (provider_query_id, isin, symbol, price, timestamp, open_high_close_low, volume) VALUES (8, 'JP3539250005', '6481.T', '2629', '2018-12-04', 'CLOSE', 0);
INSERT INTO share_price (provider_query_id, isin, symbol, price, timestamp, open_high_close_low, volume) VALUES (8, 'JP3944500002', '6482.T', '1151', '2018-12-04', 'CLOSE', 0);
INSERT INTO share_price (provider_query_id, isin, symbol, price, timestamp, open_high_close_low, volume) VALUES (8, 'JP3902400005', '6503.T', '1447.5', '2018-12-04', 'CLOSE', 0);
INSERT INTO share_price (provider_query_id, isin, symbol, price, timestamp, open_high_close_low, volume) VALUES (8, 'JP3932000007', '6506.T', '3530', '2018-12-04', 'CLOSE', 0);
INSERT INTO share_price (provider_query_id, isin, symbol, price, timestamp, open_high_close_low, volume) VALUES (8, 'JP3497800007', '6622.T', '2738', '2018-12-04', 'CLOSE', 0);
INSERT INTO share_price (provider_query_id, isin, symbol, price, timestamp, open_high_close_low, volume) VALUES (8, 'JP3197800000', '6645.T', '4920', '2018-12-04', 'CLOSE', 0);
INSERT INTO share_price (provider_query_id, isin, symbol, price, timestamp, open_high_close_low, volume) VALUES (8, 'JP3955000009', '6841.T', '2083', '2018-12-04', 'CLOSE', 0);
INSERT INTO share_price (provider_query_id, isin, symbol, price, timestamp, open_high_close_low, volume) VALUES (8, 'JP3236200006', '6861.T', '61420', '2018-12-04', 'CLOSE', 0);
INSERT INTO share_price (provider_query_id, isin, symbol, price, timestamp, open_high_close_low, volume) VALUES (8, 'JP3197700002', '6914.T', '2260', '2018-12-04', 'CLOSE', 0);
INSERT INTO share_price (provider_query_id, isin, symbol, price, timestamp, open_high_close_low, volume) VALUES (8, 'JP3802400006', '6954.T', '18590', '2018-12-04', 'CLOSE', 0);
INSERT INTO share_price (provider_query_id, isin, symbol, price, timestamp, open_high_close_low, volume) VALUES (8, 'JP3630400004', '7732.T', '1746', '2018-12-04', 'CLOSE', 0);
INSERT INTO share_price (provider_query_id, isin, symbol, price, timestamp, open_high_close_low, volume) VALUES (8, 'CH0012221716', 'ABBN.S', '20.08', '2018-12-04', 'CLOSE', 0);
INSERT INTO share_price (provider_query_id, isin, symbol, price, timestamp, open_high_close_low, volume) VALUES (8, 'US0527691069', 'ADSK.OQ', '139.84', '2018-12-04', 'CLOSE', 0);
INSERT INTO share_price (provider_query_id, isin, symbol, price, timestamp, open_high_close_low, volume) VALUES (8, 'DE000A111338', 'AM3D.DE', '12.6', '2018-12-04', 'CLOSE', 0);
INSERT INTO share_price (provider_query_id, isin, symbol, price, timestamp, open_high_close_low, volume) VALUES (8, 'KYG037AX1015', 'AMBA.OQ', '40.2', '2018-12-04', 'CLOSE', 0);
INSERT INTO share_price (provider_query_id, isin, symbol, price, timestamp, open_high_close_low, volume) VALUES (8, 'JE00B783TY65', 'APTV.N', '71.58', '2018-12-04', 'CLOSE', 0);
INSERT INTO share_price (provider_query_id, isin, symbol, price, timestamp, open_high_close_low, volume) VALUES (8, 'US0043971052', 'ARAY.OQ', '3.97', '2018-12-04', 'CLOSE', 0);
INSERT INTO share_price (provider_query_id, isin, symbol, price, timestamp, open_high_close_low, volume) VALUES (8, 'CA0019401052', 'ATA.TO', '16.69', '2018-12-04', 'CLOSE', 0);
INSERT INTO share_price (provider_query_id, isin, symbol, price, timestamp, open_high_close_low, volume) VALUES (8, 'US0080731088', 'AVAV.OQ', '71.08', '2018-12-04', 'CLOSE', 0);
INSERT INTO share_price (provider_query_id, isin, symbol, price, timestamp, open_high_close_low, volume) VALUES (8, 'US1143401024', 'BRKS.OQ', '28.17', '2018-12-04', 'CLOSE', 0);
INSERT INTO share_price (provider_query_id, isin, symbol, price, timestamp, open_high_close_low, volume) VALUES (8, 'US1273871087', 'CDNS.OQ', '44.73', '2018-12-04', 'CLOSE', 0);
INSERT INTO share_price (provider_query_id, isin, symbol, price, timestamp, open_high_close_low, volume) VALUES (8, 'FI0009013429', 'CGCBV.HE', '33.96', '2018-12-04', 'CLOSE', 0);
INSERT INTO share_price (provider_query_id, isin, symbol, price, timestamp, open_high_close_low, volume) VALUES (8, 'US1924221039', 'CGNX.OQ', '45.01', '2018-12-04', 'CLOSE', 0);
INSERT INTO share_price (provider_query_id, isin, symbol, price, timestamp, open_high_close_low, volume) VALUES (8, 'FR0000130650', 'DAST.PA', '107.4', '2018-12-04', 'CLOSE', 0);
INSERT INTO share_price (provider_query_id, isin, symbol, price, timestamp, open_high_close_low, volume) VALUES (8, 'US88554D2053', 'DDD.N', '12.05', '2018-12-04', 'CLOSE', 0);
INSERT INTO share_price (provider_query_id, isin, symbol, price, timestamp, open_high_close_low, volume) VALUES (8, 'US2441991054', 'DE.N', '151.59', '2018-12-04', 'CLOSE', 0);
INSERT INTO share_price (provider_query_id, isin, symbol, price, timestamp, open_high_close_low, volume) VALUES (8, 'DE0005565204', 'DUEG.DE', '32.54', '2018-12-04', 'CLOSE', 0);
INSERT INTO share_price (provider_query_id, isin, symbol, price, timestamp, open_high_close_low, volume) VALUES (8, 'SE0000163628', 'EKTAb.ST', '108.85', '2018-12-04', 'CLOSE', 0);
INSERT INTO share_price (provider_query_id, isin, symbol, price, timestamp, open_high_close_low, volume) VALUES (8, 'US3116421021', 'FARO.OQ', '47.07', '2018-12-04', 'CLOSE', 0);
INSERT INTO share_price (provider_query_id, isin, symbol, price, timestamp, open_high_close_low, volume) VALUES (8, 'US3024451011', 'FLIR.OQ', '44.86', '2018-12-04', 'CLOSE', 0);
INSERT INTO share_price (provider_query_id, isin, symbol, price, timestamp, open_high_close_low, volume) VALUES (8, 'DE0006602006', 'G1AG.DE', '23.39', '2018-12-04', 'CLOSE', 0);
INSERT INTO share_price (provider_query_id, isin, symbol, price, timestamp, open_high_close_low, volume) VALUES (8, 'SE0000103699', 'HEXAb.ST', '449.1', '2018-12-04', 'CLOSE', 0);
INSERT INTO share_price (provider_query_id, isin, symbol, price, timestamp, open_high_close_low, volume) VALUES (8, 'US42330P1075', 'HLX.N', '8.35', '2018-12-04', 'CLOSE', 0);
INSERT INTO share_price (provider_query_id, isin, symbol, price, timestamp, open_high_close_low, volume) VALUES (8, 'VGG456671053', 'HOLI.OQ', '20.4', '2018-12-04', 'CLOSE', 0);
INSERT INTO share_price (provider_query_id, isin, symbol, price, timestamp, open_high_close_low, volume) VALUES (8, 'US4523271090', 'ILMN.OQ', '334.21', '2018-12-04', 'CLOSE', 0);
INSERT INTO share_price (provider_query_id, isin, symbol, price, timestamp, open_high_close_low, volume) VALUES (8, 'US44980X1090', 'IPGP.OQ', '137.22', '2018-12-04', 'CLOSE', 0);
INSERT INTO share_price (provider_query_id, isin, symbol, price, timestamp, open_high_close_low, volume) VALUES (8, 'US4627261005', 'IRBT.OQ', '94.09', '2018-12-04', 'CLOSE', 0);
INSERT INTO share_price (provider_query_id, isin, symbol, price, timestamp, open_high_close_low, volume) VALUES (8, 'DE0005488100', 'ISRG.DE', '33.35', '2018-12-04', 'CLOSE', 0);
INSERT INTO share_price (provider_query_id, isin, symbol, price, timestamp, open_high_close_low, volume) VALUES (8, 'US46120E6023', 'ISRG.OQ', '518.82', '2018-12-04', 'CLOSE', 0);
INSERT INTO share_price (provider_query_id, isin, symbol, price, timestamp, open_high_close_low, volume) VALUES (8, 'US4778391049', 'JBT.N', '76.08', '2018-12-04', 'CLOSE', 0);
INSERT INTO share_price (provider_query_id, isin, symbol, price, timestamp, open_high_close_low, volume) VALUES (8, 'DE000A2NB601', 'JENGn.DE', '26.96', '2018-12-04', 'CLOSE', 0);
INSERT INTO share_price (provider_query_id, isin, symbol, price, timestamp, open_high_close_low, volume) VALUES (8, 'CH0100837282', 'KARN.S', '121.4', '2018-12-04', 'CLOSE', 0);
INSERT INTO share_price (provider_query_id, isin, symbol, price, timestamp, open_high_close_low, volume) VALUES (8, 'DE000KGX8881', 'KGX.DE', '51.32', '2018-12-04', 'CLOSE', 0);
INSERT INTO share_price (provider_query_id, isin, symbol, price, timestamp, open_high_close_low, volume) VALUES (8, 'DE0006335003', 'KRNG.DE', '73.3', '2018-12-04', 'CLOSE', 0);
INSERT INTO share_price (provider_query_id, isin, symbol, price, timestamp, open_high_close_low, volume) VALUES (8, 'US5339001068', 'LECO.OQ', '82.41', '2018-12-04', 'CLOSE', 0);
INSERT INTO share_price (provider_query_id, isin, symbol, price, timestamp, open_high_close_low, volume) VALUES (8, 'US5627501092', 'MANH.OQ', '48.26', '2018-12-04', 'CLOSE', 0);
INSERT INTO share_price (provider_query_id, isin, symbol, price, timestamp, open_high_close_low, volume) VALUES (8, 'CA57778L1031', 'MAXR.TO', '20.06', '2018-12-04', 'CLOSE', 0);
INSERT INTO share_price (provider_query_id, isin, symbol, price, timestamp, open_high_close_low, volume) VALUES (8, 'US5950171042', 'MCHP.OQ', '74.48', '2018-12-04', 'CLOSE', 0);
INSERT INTO share_price (provider_query_id, isin, symbol, price, timestamp, open_high_close_low, volume) VALUES (8, 'IL0011068553', 'MZOR.TA', '108.6', '2018-12-04', 'CLOSE', 0);
INSERT INTO share_price (provider_query_id, isin, symbol, price, timestamp, open_high_close_low, volume) VALUES (8, 'US6365181022', 'NATI.OQ', '48.92', '2018-12-04', 'CLOSE', 0);
INSERT INTO share_price (provider_query_id, isin, symbol, price, timestamp, open_high_close_low, volume) VALUES (8, 'US6556631025', 'NDSN.OQ', '116.13', '2018-12-04', 'CLOSE', 0);
INSERT INTO share_price (provider_query_id, isin, symbol, price, timestamp, open_high_close_low, volume) VALUES (8, 'CA67000B1040', 'NOVT.OQ', '61.35', '2018-12-04', 'CLOSE', 0);
INSERT INTO share_price (provider_query_id, isin, symbol, price, timestamp, open_high_close_low, volume) VALUES (8, 'US67020Y1001', 'NUAN.OQ', '15.68', '2018-12-04', 'CLOSE', 0);
INSERT INTO share_price (provider_query_id, isin, symbol, price, timestamp, open_high_close_low, volume) VALUES (8, 'US67066G1040', 'NVDA.OQ', '157.11', '2018-12-04', 'CLOSE', 0);
INSERT INTO share_price (provider_query_id, isin, symbol, price, timestamp, open_high_close_low, volume) VALUES (8, 'GB00B3MBS747', 'OCDO.L', '8.3', '2018-12-04', 'CLOSE', 0);
INSERT INTO share_price (provider_query_id, isin, symbol, price, timestamp, open_high_close_low, volume) VALUES (8, 'US6752321025', 'OII.N', '16.49', '2018-12-04', 'CLOSE', 0);
INSERT INTO share_price (provider_query_id, isin, symbol, price, timestamp, open_high_close_low, volume) VALUES (8, 'US69370C1009', 'PTC.OQ', '87.37', '2018-12-04', 'CLOSE', 0);
INSERT INTO share_price (provider_query_id, isin, symbol, price, timestamp, open_high_close_low, volume) VALUES (8, 'US7475251036', 'QCOM.OQ', '57.73', '2018-12-04', 'CLOSE', 0);
INSERT INTO share_price (provider_query_id, isin, symbol, price, timestamp, open_high_close_low, volume) VALUES (8, 'NL0012169213', 'QGEN.N', '35.43', '2018-12-04', 'CLOSE', 0);
INSERT INTO share_price (provider_query_id, isin, symbol, price, timestamp, open_high_close_low, volume) VALUES (8, 'US7542121089', 'RAVN.OQ', '38.71', '2018-12-04', 'CLOSE', 0);
INSERT INTO share_price (provider_query_id, isin, symbol, price, timestamp, open_high_close_low, volume) VALUES (8, 'US7739031091', 'ROK.N', '171.46', '2018-12-04', 'CLOSE', 0);
INSERT INTO share_price (provider_query_id, isin, symbol, price, timestamp, open_high_close_low, volume) VALUES (8, 'GB0007323586', 'RSW.L', '43.7', '2018-12-04', 'CLOSE', 0);
INSERT INTO share_price (provider_query_id, isin, symbol, price, timestamp, open_high_close_low, volume) VALUES (8, 'FR0000121972', 'SCHN.PA', '64.4', '2018-12-04', 'CLOSE', 0);
INSERT INTO share_price (provider_query_id, isin, symbol, price, timestamp, open_high_close_low, volume) VALUES (8, 'DE0007236101', 'SIEGn.DE', '103', '2018-12-04', 'CLOSE', 0);
INSERT INTO share_price (provider_query_id, isin, symbol, price, timestamp, open_high_close_low, volume) VALUES (8, 'IL0011267213', 'SSYS.OQ', '20.71', '2018-12-04', 'CLOSE', 0);
INSERT INTO share_price (provider_query_id, isin, symbol, price, timestamp, open_high_close_low, volume) VALUES (8, 'US8793601050', 'TDY.N', '215.15', '2018-12-04', 'CLOSE', 0);
INSERT INTO share_price (provider_query_id, isin, symbol, price, timestamp, open_high_close_low, volume) VALUES (8, 'CH0012100191', 'TECN.S', '204.6', '2018-12-04', 'CLOSE', 0);
INSERT INTO share_price (provider_query_id, isin, symbol, price, timestamp, open_high_close_low, volume) VALUES (8, 'US8807701029', 'TER.OQ', '34.49', '2018-12-04', 'CLOSE', 0);
INSERT INTO share_price (provider_query_id, isin, symbol, price, timestamp, open_high_close_low, volume) VALUES (8, 'US8962391004', 'TRMB.OQ', '37.06', '2018-12-04', 'CLOSE', 0);
INSERT INTO share_price (provider_query_id, isin, symbol, price, timestamp, open_high_close_low, volume) VALUES (8, 'CH0033361673', 'UBXN.S', '93.55', '2018-12-04', 'CLOSE', 0);
INSERT INTO share_price (provider_query_id, isin, symbol, price, timestamp, open_high_close_low, volume) VALUES (8, 'US92220P1057', 'VAR.N', '121.42', '2018-12-04', 'CLOSE', 0);
INSERT INTO share_price (provider_query_id, isin, symbol, price, timestamp, open_high_close_low, volume) VALUES (8, 'US9839191015', 'XLNX.OQ', '91.29', '2018-12-04', 'CLOSE', 0);
INSERT INTO share_price (provider_query_id, isin, symbol, price, timestamp, open_high_close_low, volume) VALUES (8, 'US9892071054', 'ZBRA.OQ', '171.02', '2018-12-04', 'CLOSE', 0);

INSERT INTO share_price (provider_query_id, isin, symbol, price, timestamp, open_high_close_low, volume) VALUES (8, 'KR7098460009', '098460.KQ', '81300', '2018-12-05', 'CLOSE', 0);
INSERT INTO share_price (provider_query_id, isin, symbol, price, timestamp, open_high_close_low, volume) VALUES (8, 'KYG014081064', '1590.TW', '335.5', '2018-12-05', 'CLOSE', 0);
INSERT INTO share_price (provider_query_id, isin, symbol, price, timestamp, open_high_close_low, volume) VALUES (8, 'TW0002049004', '2049.TW', '248.5', '2018-12-05', 'CLOSE', 0);
INSERT INTO share_price (provider_query_id, isin, symbol, price, timestamp, open_high_close_low, volume) VALUES (8, 'TW0002308004', '2308.TW', '129', '2018-12-05', 'CLOSE', 0);
INSERT INTO share_price (provider_query_id, isin, symbol, price, timestamp, open_high_close_low, volume) VALUES (8, 'TW0002395001', '2395.TW', '229.5', '2018-12-05', 'CLOSE', 0);
INSERT INTO share_price (provider_query_id, isin, symbol, price, timestamp, open_high_close_low, volume) VALUES (8, 'TW0003443008', '3443.TW', '199', '2018-12-05', 'CLOSE', 0);
INSERT INTO share_price (provider_query_id, isin, symbol, price, timestamp, open_high_close_low, volume) VALUES (8, 'JP3592600005', '6104.T', '1953', '2018-12-05', 'CLOSE', 0);
INSERT INTO share_price (provider_query_id, isin, symbol, price, timestamp, open_high_close_low, volume) VALUES (8, 'JP3102400003', '6118.T', '857', '2018-12-05', 'CLOSE', 0);
INSERT INTO share_price (provider_query_id, isin, symbol, price, timestamp, open_high_close_low, volume) VALUES (8, 'JP3809200003', '6134.T', '1450', '2018-12-05', 'CLOSE', 0);
INSERT INTO share_price (provider_query_id, isin, symbol, price, timestamp, open_high_close_low, volume) VALUES (8, 'JP3651210001', '6268.T', '2834', '2018-12-05', 'CLOSE', 0);
INSERT INTO share_price (provider_query_id, isin, symbol, price, timestamp, open_high_close_low, volume) VALUES (8, 'JP3162600005', '6273.T', '37380', '2018-12-05', 'CLOSE', 0);
INSERT INTO share_price (provider_query_id, isin, symbol, price, timestamp, open_high_close_low, volume) VALUES (8, 'JP3765150002', '6324.T', '3930', '2018-12-05', 'CLOSE', 0);
INSERT INTO share_price (provider_query_id, isin, symbol, price, timestamp, open_high_close_low, volume) VALUES (8, 'JP3497400006', '6383.T', '5830', '2018-12-05', 'CLOSE', 0);
INSERT INTO share_price (provider_query_id, isin, symbol, price, timestamp, open_high_close_low, volume) VALUES (8, 'JP3124400007', '6436.T', '2386', '2018-12-05', 'CLOSE', 0);
INSERT INTO share_price (provider_query_id, isin, symbol, price, timestamp, open_high_close_low, volume) VALUES (8, 'JP3813200007', '6474.T', '4635', '2018-12-05', 'CLOSE', 0);
INSERT INTO share_price (provider_query_id, isin, symbol, price, timestamp, open_high_close_low, volume) VALUES (8, 'JP3539250005', '6481.T', '2567', '2018-12-05', 'CLOSE', 0);
INSERT INTO share_price (provider_query_id, isin, symbol, price, timestamp, open_high_close_low, volume) VALUES (8, 'JP3944500002', '6482.T', '1126', '2018-12-05', 'CLOSE', 0);
INSERT INTO share_price (provider_query_id, isin, symbol, price, timestamp, open_high_close_low, volume) VALUES (8, 'JP3902400005', '6503.T', '1423.5', '2018-12-05', 'CLOSE', 0);
INSERT INTO share_price (provider_query_id, isin, symbol, price, timestamp, open_high_close_low, volume) VALUES (8, 'JP3932000007', '6506.T', '3490', '2018-12-05', 'CLOSE', 0);
INSERT INTO share_price (provider_query_id, isin, symbol, price, timestamp, open_high_close_low, volume) VALUES (8, 'JP3497800007', '6622.T', '2650', '2018-12-05', 'CLOSE', 0);
INSERT INTO share_price (provider_query_id, isin, symbol, price, timestamp, open_high_close_low, volume) VALUES (8, 'JP3197800000', '6645.T', '4785', '2018-12-05', 'CLOSE', 0);
INSERT INTO share_price (provider_query_id, isin, symbol, price, timestamp, open_high_close_low, volume) VALUES (8, 'JP3955000009', '6841.T', '2076', '2018-12-05', 'CLOSE', 0);
INSERT INTO share_price (provider_query_id, isin, symbol, price, timestamp, open_high_close_low, volume) VALUES (8, 'JP3236200006', '6861.T', '60900', '2018-12-05', 'CLOSE', 0);
INSERT INTO share_price (provider_query_id, isin, symbol, price, timestamp, open_high_close_low, volume) VALUES (8, 'JP3197700002', '6914.T', '2202', '2018-12-05', 'CLOSE', 0);
INSERT INTO share_price (provider_query_id, isin, symbol, price, timestamp, open_high_close_low, volume) VALUES (8, 'JP3802400006', '6954.T', '17955', '2018-12-05', 'CLOSE', 0);
INSERT INTO share_price (provider_query_id, isin, symbol, price, timestamp, open_high_close_low, volume) VALUES (8, 'JP3630400004', '7732.T', '1723', '2018-12-05', 'CLOSE', 0);
INSERT INTO share_price (provider_query_id, isin, symbol, price, timestamp, open_high_close_low, volume) VALUES (8, 'CH0012221716', 'ABBN.S', '19.605', '2018-12-05', 'CLOSE', 0);
INSERT INTO share_price (provider_query_id, isin, symbol, price, timestamp, open_high_close_low, volume) VALUES (8, 'US0527691069', 'ADSK.OQ', '139.84', '2018-12-05', 'CLOSE', 0);
INSERT INTO share_price (provider_query_id, isin, symbol, price, timestamp, open_high_close_low, volume) VALUES (8, 'DE000A111338', 'AM3D.DE', '12.4', '2018-12-05', 'CLOSE', 0);
INSERT INTO share_price (provider_query_id, isin, symbol, price, timestamp, open_high_close_low, volume) VALUES (8, 'KYG037AX1015', 'AMBA.OQ', '40.2', '2018-12-05', 'CLOSE', 0);
INSERT INTO share_price (provider_query_id, isin, symbol, price, timestamp, open_high_close_low, volume) VALUES (8, 'JE00B783TY65', 'APTV.N', '71.58', '2018-12-05', 'CLOSE', 0);
INSERT INTO share_price (provider_query_id, isin, symbol, price, timestamp, open_high_close_low, volume) VALUES (8, 'US0043971052', 'ARAY.OQ', '3.97', '2018-12-05', 'CLOSE', 0);
INSERT INTO share_price (provider_query_id, isin, symbol, price, timestamp, open_high_close_low, volume) VALUES (8, 'CA0019401052', 'ATA.TO', '16.8', '2018-12-05', 'CLOSE', 0);
INSERT INTO share_price (provider_query_id, isin, symbol, price, timestamp, open_high_close_low, volume) VALUES (8, 'US0080731088', 'AVAV.OQ', '71.08', '2018-12-05', 'CLOSE', 0);
INSERT INTO share_price (provider_query_id, isin, symbol, price, timestamp, open_high_close_low, volume) VALUES (8, 'US1143401024', 'BRKS.OQ', '28.17', '2018-12-05', 'CLOSE', 0);
INSERT INTO share_price (provider_query_id, isin, symbol, price, timestamp, open_high_close_low, volume) VALUES (8, 'US1273871087', 'CDNS.OQ', '44.73', '2018-12-05', 'CLOSE', 0);
INSERT INTO share_price (provider_query_id, isin, symbol, price, timestamp, open_high_close_low, volume) VALUES (8, 'FI0009013429', 'CGCBV.HE', '32.48', '2018-12-05', 'CLOSE', 0);
INSERT INTO share_price (provider_query_id, isin, symbol, price, timestamp, open_high_close_low, volume) VALUES (8, 'US1924221039', 'CGNX.OQ', '45.01', '2018-12-05', 'CLOSE', 0);
INSERT INTO share_price (provider_query_id, isin, symbol, price, timestamp, open_high_close_low, volume) VALUES (8, 'FR0000130650', 'DAST.PA', '106.05', '2018-12-05', 'CLOSE', 0);
INSERT INTO share_price (provider_query_id, isin, symbol, price, timestamp, open_high_close_low, volume) VALUES (8, 'US88554D2053', 'DDD.N', '12.05', '2018-12-05', 'CLOSE', 0);
INSERT INTO share_price (provider_query_id, isin, symbol, price, timestamp, open_high_close_low, volume) VALUES (8, 'US2441991054', 'DE.N', '151.59', '2018-12-05', 'CLOSE', 0);
INSERT INTO share_price (provider_query_id, isin, symbol, price, timestamp, open_high_close_low, volume) VALUES (8, 'DE0005565204', 'DUEG.DE', '33.03', '2018-12-05', 'CLOSE', 0);
INSERT INTO share_price (provider_query_id, isin, symbol, price, timestamp, open_high_close_low, volume) VALUES (8, 'SE0000163628', 'EKTAb.ST', '112.6', '2018-12-05', 'CLOSE', 0);
INSERT INTO share_price (provider_query_id, isin, symbol, price, timestamp, open_high_close_low, volume) VALUES (8, 'US3116421021', 'FARO.OQ', '47.07', '2018-12-05', 'CLOSE', 0);
INSERT INTO share_price (provider_query_id, isin, symbol, price, timestamp, open_high_close_low, volume) VALUES (8, 'US3024451011', 'FLIR.OQ', '44.86', '2018-12-05', 'CLOSE', 0);
INSERT INTO share_price (provider_query_id, isin, symbol, price, timestamp, open_high_close_low, volume) VALUES (8, 'DE0006602006', 'G1AG.DE', '23.46', '2018-12-05', 'CLOSE', 0);
INSERT INTO share_price (provider_query_id, isin, symbol, price, timestamp, open_high_close_low, volume) VALUES (8, 'SE0000103699', 'HEXAb.ST', '439.9', '2018-12-05', 'CLOSE', 0);
INSERT INTO share_price (provider_query_id, isin, symbol, price, timestamp, open_high_close_low, volume) VALUES (8, 'US42330P1075', 'HLX.N', '8.35', '2018-12-05', 'CLOSE', 0);
INSERT INTO share_price (provider_query_id, isin, symbol, price, timestamp, open_high_close_low, volume) VALUES (8, 'VGG456671053', 'HOLI.OQ', '20.4', '2018-12-05', 'CLOSE', 0);
INSERT INTO share_price (provider_query_id, isin, symbol, price, timestamp, open_high_close_low, volume) VALUES (8, 'US4523271090', 'ILMN.OQ', '334.21', '2018-12-05', 'CLOSE', 0);
INSERT INTO share_price (provider_query_id, isin, symbol, price, timestamp, open_high_close_low, volume) VALUES (8, 'US44980X1090', 'IPGP.OQ', '137.22', '2018-12-05', 'CLOSE', 0);
INSERT INTO share_price (provider_query_id, isin, symbol, price, timestamp, open_high_close_low, volume) VALUES (8, 'US4627261005', 'IRBT.OQ', '94.09', '2018-12-05', 'CLOSE', 0);
INSERT INTO share_price (provider_query_id, isin, symbol, price, timestamp, open_high_close_low, volume) VALUES (8, 'DE0005488100', 'ISRG.DE', '32.65', '2018-12-05', 'CLOSE', 0);
INSERT INTO share_price (provider_query_id, isin, symbol, price, timestamp, open_high_close_low, volume) VALUES (8, 'US46120E6023', 'ISRG.OQ', '518.82', '2018-12-05', 'CLOSE', 0);
INSERT INTO share_price (provider_query_id, isin, symbol, price, timestamp, open_high_close_low, volume) VALUES (8, 'US4778391049', 'JBT.N', '76.08', '2018-12-05', 'CLOSE', 0);
INSERT INTO share_price (provider_query_id, isin, symbol, price, timestamp, open_high_close_low, volume) VALUES (8, 'DE000A2NB601', 'JENGn.DE', '26.58', '2018-12-05', 'CLOSE', 0);
INSERT INTO share_price (provider_query_id, isin, symbol, price, timestamp, open_high_close_low, volume) VALUES (8, 'CH0100837282', 'KARN.S', '120.2', '2018-12-05', 'CLOSE', 0);
INSERT INTO share_price (provider_query_id, isin, symbol, price, timestamp, open_high_close_low, volume) VALUES (8, 'DE000KGX8881', 'KGX.DE', '51.9', '2018-12-05', 'CLOSE', 0);
INSERT INTO share_price (provider_query_id, isin, symbol, price, timestamp, open_high_close_low, volume) VALUES (8, 'DE0006335003', 'KRNG.DE', '75.1', '2018-12-05', 'CLOSE', 0);
INSERT INTO share_price (provider_query_id, isin, symbol, price, timestamp, open_high_close_low, volume) VALUES (8, 'US5339001068', 'LECO.OQ', '82.41', '2018-12-05', 'CLOSE', 0);
INSERT INTO share_price (provider_query_id, isin, symbol, price, timestamp, open_high_close_low, volume) VALUES (8, 'US5627501092', 'MANH.OQ', '48.26', '2018-12-05', 'CLOSE', 0);
INSERT INTO share_price (provider_query_id, isin, symbol, price, timestamp, open_high_close_low, volume) VALUES (8, 'CA57778L1031', 'MAXR.TO', '18.89', '2018-12-05', 'CLOSE', 0);
INSERT INTO share_price (provider_query_id, isin, symbol, price, timestamp, open_high_close_low, volume) VALUES (8, 'US5950171042', 'MCHP.OQ', '74.48', '2018-12-05', 'CLOSE', 0);
INSERT INTO share_price (provider_query_id, isin, symbol, price, timestamp, open_high_close_low, volume) VALUES (8, 'IL0011068553', 'MZOR.TA', '109', '2018-12-05', 'CLOSE', 0);
INSERT INTO share_price (provider_query_id, isin, symbol, price, timestamp, open_high_close_low, volume) VALUES (8, 'US6365181022', 'NATI.OQ', '48.92', '2018-12-05', 'CLOSE', 0);
INSERT INTO share_price (provider_query_id, isin, symbol, price, timestamp, open_high_close_low, volume) VALUES (8, 'US6556631025', 'NDSN.OQ', '116.13', '2018-12-05', 'CLOSE', 0);
INSERT INTO share_price (provider_query_id, isin, symbol, price, timestamp, open_high_close_low, volume) VALUES (8, 'CA67000B1040', 'NOVT.OQ', '61.35', '2018-12-05', 'CLOSE', 0);
INSERT INTO share_price (provider_query_id, isin, symbol, price, timestamp, open_high_close_low, volume) VALUES (8, 'US67020Y1001', 'NUAN.OQ', '15.68', '2018-12-05', 'CLOSE', 0);
INSERT INTO share_price (provider_query_id, isin, symbol, price, timestamp, open_high_close_low, volume) VALUES (8, 'US67066G1040', 'NVDA.OQ', '157.11', '2018-12-05', 'CLOSE', 0);
INSERT INTO share_price (provider_query_id, isin, symbol, price, timestamp, open_high_close_low, volume) VALUES (8, 'GB00B3MBS747', 'OCDO.L', '8.216', '2018-12-05', 'CLOSE', 0);
INSERT INTO share_price (provider_query_id, isin, symbol, price, timestamp, open_high_close_low, volume) VALUES (8, 'US6752321025', 'OII.N', '16.49', '2018-12-05', 'CLOSE', 0);
INSERT INTO share_price (provider_query_id, isin, symbol, price, timestamp, open_high_close_low, volume) VALUES (8, 'US69370C1009', 'PTC.OQ', '87.37', '2018-12-05', 'CLOSE', 0);
INSERT INTO share_price (provider_query_id, isin, symbol, price, timestamp, open_high_close_low, volume) VALUES (8, 'US7475251036', 'QCOM.OQ', '57.73', '2018-12-05', 'CLOSE', 0);
INSERT INTO share_price (provider_query_id, isin, symbol, price, timestamp, open_high_close_low, volume) VALUES (8, 'NL0012169213', 'QGEN.N', '35.43', '2018-12-05', 'CLOSE', 0);
INSERT INTO share_price (provider_query_id, isin, symbol, price, timestamp, open_high_close_low, volume) VALUES (8, 'US7542121089', 'RAVN.OQ', '38.71', '2018-12-05', 'CLOSE', 0);
INSERT INTO share_price (provider_query_id, isin, symbol, price, timestamp, open_high_close_low, volume) VALUES (8, 'US7739031091', 'ROK.N', '171.46', '2018-12-05', 'CLOSE', 0);
INSERT INTO share_price (provider_query_id, isin, symbol, price, timestamp, open_high_close_low, volume) VALUES (8, 'GB0007323586', 'RSW.L', '43.1', '2018-12-05', 'CLOSE', 0);
INSERT INTO share_price (provider_query_id, isin, symbol, price, timestamp, open_high_close_low, volume) VALUES (8, 'FR0000121972', 'SCHN.PA', '63.52', '2018-12-05', 'CLOSE', 0);
INSERT INTO share_price (provider_query_id, isin, symbol, price, timestamp, open_high_close_low, volume) VALUES (8, 'DE0007236101', 'SIEGn.DE', '101', '2018-12-05', 'CLOSE', 0);
INSERT INTO share_price (provider_query_id, isin, symbol, price, timestamp, open_high_close_low, volume) VALUES (8, 'IL0011267213', 'SSYS.OQ', '20.71', '2018-12-05', 'CLOSE', 0);
INSERT INTO share_price (provider_query_id, isin, symbol, price, timestamp, open_high_close_low, volume) VALUES (8, 'US8793601050', 'TDY.N', '215.15', '2018-12-05', 'CLOSE', 0);
INSERT INTO share_price (provider_query_id, isin, symbol, price, timestamp, open_high_close_low, volume) VALUES (8, 'CH0012100191', 'TECN.S', '199.2', '2018-12-05', 'CLOSE', 0);
INSERT INTO share_price (provider_query_id, isin, symbol, price, timestamp, open_high_close_low, volume) VALUES (8, 'US8807701029', 'TER.OQ', '34.49', '2018-12-05', 'CLOSE', 0);
INSERT INTO share_price (provider_query_id, isin, symbol, price, timestamp, open_high_close_low, volume) VALUES (8, 'US8962391004', 'TRMB.OQ', '37.06', '2018-12-05', 'CLOSE', 0);
INSERT INTO share_price (provider_query_id, isin, symbol, price, timestamp, open_high_close_low, volume) VALUES (8, 'CH0033361673', 'UBXN.S', '91.85', '2018-12-05', 'CLOSE', 0);
INSERT INTO share_price (provider_query_id, isin, symbol, price, timestamp, open_high_close_low, volume) VALUES (8, 'US92220P1057', 'VAR.N', '121.42', '2018-12-05', 'CLOSE', 0);
INSERT INTO share_price (provider_query_id, isin, symbol, price, timestamp, open_high_close_low, volume) VALUES (8, 'US9839191015', 'XLNX.OQ', '91.29', '2018-12-05', 'CLOSE', 0);
INSERT INTO share_price (provider_query_id, isin, symbol, price, timestamp, open_high_close_low, volume) VALUES (8, 'US9892071054', 'ZBRA.OQ', '171.02', '2018-12-05', 'CLOSE', 0);

INSERT INTO share_price (provider_query_id, isin, symbol, price, timestamp, open_high_close_low, volume) VALUES (8, 'KR7098460009', '098460.KQ', '81700', '2018-12-06', 'CLOSE', 0);
INSERT INTO share_price (provider_query_id, isin, symbol, price, timestamp, open_high_close_low, volume) VALUES (8, 'KYG014081064', '1590.TW', '331.5', '2018-12-06', 'CLOSE', 0);
INSERT INTO share_price (provider_query_id, isin, symbol, price, timestamp, open_high_close_low, volume) VALUES (8, 'TW0002049004', '2049.TW', '236', '2018-12-06', 'CLOSE', 0);
INSERT INTO share_price (provider_query_id, isin, symbol, price, timestamp, open_high_close_low, volume) VALUES (8, 'TW0002308004', '2308.TW', '127.5', '2018-12-06', 'CLOSE', 0);
INSERT INTO share_price (provider_query_id, isin, symbol, price, timestamp, open_high_close_low, volume) VALUES (8, 'TW0002395001', '2395.TW', '225.5', '2018-12-06', 'CLOSE', 0);
INSERT INTO share_price (provider_query_id, isin, symbol, price, timestamp, open_high_close_low, volume) VALUES (8, 'TW0003443008', '3443.TW', '196', '2018-12-06', 'CLOSE', 0);
INSERT INTO share_price (provider_query_id, isin, symbol, price, timestamp, open_high_close_low, volume) VALUES (8, 'JP3592600005', '6104.T', '1907', '2018-12-06', 'CLOSE', 0);
INSERT INTO share_price (provider_query_id, isin, symbol, price, timestamp, open_high_close_low, volume) VALUES (8, 'JP3102400003', '6118.T', '837', '2018-12-06', 'CLOSE', 0);
INSERT INTO share_price (provider_query_id, isin, symbol, price, timestamp, open_high_close_low, volume) VALUES (8, 'JP3809200003', '6134.T', '1421', '2018-12-06', 'CLOSE', 0);
INSERT INTO share_price (provider_query_id, isin, symbol, price, timestamp, open_high_close_low, volume) VALUES (8, 'JP3651210001', '6268.T', '2738', '2018-12-06', 'CLOSE', 0);
INSERT INTO share_price (provider_query_id, isin, symbol, price, timestamp, open_high_close_low, volume) VALUES (8, 'JP3162600005', '6273.T', '35720', '2018-12-06', 'CLOSE', 0);
INSERT INTO share_price (provider_query_id, isin, symbol, price, timestamp, open_high_close_low, volume) VALUES (8, 'JP3765150002', '6324.T', '3830', '2018-12-06', 'CLOSE', 0);
INSERT INTO share_price (provider_query_id, isin, symbol, price, timestamp, open_high_close_low, volume) VALUES (8, 'JP3497400006', '6383.T', '5690', '2018-12-06', 'CLOSE', 0);
INSERT INTO share_price (provider_query_id, isin, symbol, price, timestamp, open_high_close_low, volume) VALUES (8, 'JP3124400007', '6436.T', '2315', '2018-12-06', 'CLOSE', 0);
INSERT INTO share_price (provider_query_id, isin, symbol, price, timestamp, open_high_close_low, volume) VALUES (8, 'JP3813200007', '6474.T', '4510', '2018-12-06', 'CLOSE', 0);
INSERT INTO share_price (provider_query_id, isin, symbol, price, timestamp, open_high_close_low, volume) VALUES (8, 'JP3539250005', '6481.T', '2471', '2018-12-06', 'CLOSE', 0);
INSERT INTO share_price (provider_query_id, isin, symbol, price, timestamp, open_high_close_low, volume) VALUES (8, 'JP3944500002', '6482.T', '1096', '2018-12-06', 'CLOSE', 0);
INSERT INTO share_price (provider_query_id, isin, symbol, price, timestamp, open_high_close_low, volume) VALUES (8, 'JP3902400005', '6503.T', '1366.5', '2018-12-06', 'CLOSE', 0);
INSERT INTO share_price (provider_query_id, isin, symbol, price, timestamp, open_high_close_low, volume) VALUES (8, 'JP3932000007', '6506.T', '3305', '2018-12-06', 'CLOSE', 0);
INSERT INTO share_price (provider_query_id, isin, symbol, price, timestamp, open_high_close_low, volume) VALUES (8, 'JP3497800007', '6622.T', '2707', '2018-12-06', 'CLOSE', 0);
INSERT INTO share_price (provider_query_id, isin, symbol, price, timestamp, open_high_close_low, volume) VALUES (8, 'JP3197800000', '6645.T', '4595', '2018-12-06', 'CLOSE', 0);
INSERT INTO share_price (provider_query_id, isin, symbol, price, timestamp, open_high_close_low, volume) VALUES (8, 'JP3955000009', '6841.T', '2022', '2018-12-06', 'CLOSE', 0);
INSERT INTO share_price (provider_query_id, isin, symbol, price, timestamp, open_high_close_low, volume) VALUES (8, 'JP3236200006', '6861.T', '59230', '2018-12-06', 'CLOSE', 0);
INSERT INTO share_price (provider_query_id, isin, symbol, price, timestamp, open_high_close_low, volume) VALUES (8, 'JP3197700002', '6914.T', '2115', '2018-12-06', 'CLOSE', 0);
INSERT INTO share_price (provider_query_id, isin, symbol, price, timestamp, open_high_close_low, volume) VALUES (8, 'JP3802400006', '6954.T', '17750', '2018-12-06', 'CLOSE', 0);
INSERT INTO share_price (provider_query_id, isin, symbol, price, timestamp, open_high_close_low, volume) VALUES (8, 'JP3630400004', '7732.T', '1654', '2018-12-06', 'CLOSE', 0);
INSERT INTO share_price (provider_query_id, isin, symbol, price, timestamp, open_high_close_low, volume) VALUES (8, 'CH0012221716', 'ABBN.S', '18.875', '2018-12-06', 'CLOSE', 0);
INSERT INTO share_price (provider_query_id, isin, symbol, price, timestamp, open_high_close_low, volume) VALUES (8, 'US0527691069', 'ADSK.OQ', '140.14', '2018-12-06', 'CLOSE', 0);
INSERT INTO share_price (provider_query_id, isin, symbol, price, timestamp, open_high_close_low, volume) VALUES (8, 'DE000A111338', 'AM3D.DE', '11.1', '2018-12-06', 'CLOSE', 0);
INSERT INTO share_price (provider_query_id, isin, symbol, price, timestamp, open_high_close_low, volume) VALUES (8, 'KYG037AX1015', 'AMBA.OQ', '39.4', '2018-12-06', 'CLOSE', 0);
INSERT INTO share_price (provider_query_id, isin, symbol, price, timestamp, open_high_close_low, volume) VALUES (8, 'JE00B783TY65', 'APTV.N', '69.87', '2018-12-06', 'CLOSE', 0);
INSERT INTO share_price (provider_query_id, isin, symbol, price, timestamp, open_high_close_low, volume) VALUES (8, 'US0043971052', 'ARAY.OQ', '3.93', '2018-12-06', 'CLOSE', 0);
INSERT INTO share_price (provider_query_id, isin, symbol, price, timestamp, open_high_close_low, volume) VALUES (8, 'CA0019401052', 'ATA.TO', '16.4', '2018-12-06', 'CLOSE', 0);
INSERT INTO share_price (provider_query_id, isin, symbol, price, timestamp, open_high_close_low, volume) VALUES (8, 'US0080731088', 'AVAV.OQ', '71.85', '2018-12-06', 'CLOSE', 0);
INSERT INTO share_price (provider_query_id, isin, symbol, price, timestamp, open_high_close_low, volume) VALUES (8, 'US1143401024', 'BRKS.OQ', '27.6', '2018-12-06', 'CLOSE', 0);
INSERT INTO share_price (provider_query_id, isin, symbol, price, timestamp, open_high_close_low, volume) VALUES (8, 'US1273871087', 'CDNS.OQ', '44', '2018-12-06', 'CLOSE', 0);
INSERT INTO share_price (provider_query_id, isin, symbol, price, timestamp, open_high_close_low, volume) VALUES (8, 'FI0009013429', 'CGCBV.HE', '32.48', '2018-12-06', 'CLOSE', 0);
INSERT INTO share_price (provider_query_id, isin, symbol, price, timestamp, open_high_close_low, volume) VALUES (8, 'US1924221039', 'CGNX.OQ', '43.92', '2018-12-06', 'CLOSE', 0);
INSERT INTO share_price (provider_query_id, isin, symbol, price, timestamp, open_high_close_low, volume) VALUES (8, 'FR0000130650', 'DAST.PA', '104.7', '2018-12-06', 'CLOSE', 0);
INSERT INTO share_price (provider_query_id, isin, symbol, price, timestamp, open_high_close_low, volume) VALUES (8, 'US88554D2053', 'DDD.N', '12.18', '2018-12-06', 'CLOSE', 0);
INSERT INTO share_price (provider_query_id, isin, symbol, price, timestamp, open_high_close_low, volume) VALUES (8, 'US2441991054', 'DE.N', '154.39', '2018-12-06', 'CLOSE', 0);
INSERT INTO share_price (provider_query_id, isin, symbol, price, timestamp, open_high_close_low, volume) VALUES (8, 'DE0005565204', 'DUEG.DE', '30.67', '2018-12-06', 'CLOSE', 0);
INSERT INTO share_price (provider_query_id, isin, symbol, price, timestamp, open_high_close_low, volume) VALUES (8, 'SE0000163628', 'EKTAb.ST', '108.85', '2018-12-06', 'CLOSE', 0);
INSERT INTO share_price (provider_query_id, isin, symbol, price, timestamp, open_high_close_low, volume) VALUES (8, 'US3116421021', 'FARO.OQ', '45.69', '2018-12-06', 'CLOSE', 0);
INSERT INTO share_price (provider_query_id, isin, symbol, price, timestamp, open_high_close_low, volume) VALUES (8, 'US3024451011', 'FLIR.OQ', '44.74', '2018-12-06', 'CLOSE', 0);
INSERT INTO share_price (provider_query_id, isin, symbol, price, timestamp, open_high_close_low, volume) VALUES (8, 'DE0006602006', 'G1AG.DE', '22.39', '2018-12-06', 'CLOSE', 0);
INSERT INTO share_price (provider_query_id, isin, symbol, price, timestamp, open_high_close_low, volume) VALUES (8, 'SE0000103699', 'HEXAb.ST', '415.4', '2018-12-06', 'CLOSE', 0);
INSERT INTO share_price (provider_query_id, isin, symbol, price, timestamp, open_high_close_low, volume) VALUES (8, 'US42330P1075', 'HLX.N', '7.39', '2018-12-06', 'CLOSE', 0);
INSERT INTO share_price (provider_query_id, isin, symbol, price, timestamp, open_high_close_low, volume) VALUES (8, 'VGG456671053', 'HOLI.OQ', '19.93', '2018-12-06', 'CLOSE', 0);
INSERT INTO share_price (provider_query_id, isin, symbol, price, timestamp, open_high_close_low, volume) VALUES (8, 'US4523271090', 'ILMN.OQ', '334.32', '2018-12-06', 'CLOSE', 0);
INSERT INTO share_price (provider_query_id, isin, symbol, price, timestamp, open_high_close_low, volume) VALUES (8, 'US44980X1090', 'IPGP.OQ', '131.38', '2018-12-06', 'CLOSE', 0);
INSERT INTO share_price (provider_query_id, isin, symbol, price, timestamp, open_high_close_low, volume) VALUES (8, 'US4627261005', 'IRBT.OQ', '91.71', '2018-12-06', 'CLOSE', 0);
INSERT INTO share_price (provider_query_id, isin, symbol, price, timestamp, open_high_close_low, volume) VALUES (8, 'DE0005488100', 'ISRG.DE', '31.4', '2018-12-06', 'CLOSE', 0);
INSERT INTO share_price (provider_query_id, isin, symbol, price, timestamp, open_high_close_low, volume) VALUES (8, 'US46120E6023', 'ISRG.OQ', '519.09', '2018-12-06', 'CLOSE', 0);
INSERT INTO share_price (provider_query_id, isin, symbol, price, timestamp, open_high_close_low, volume) VALUES (8, 'US4778391049', 'JBT.N', '77.75', '2018-12-06', 'CLOSE', 0);
INSERT INTO share_price (provider_query_id, isin, symbol, price, timestamp, open_high_close_low, volume) VALUES (8, 'DE000A2NB601', 'JENGn.DE', '25.96', '2018-12-06', 'CLOSE', 0);
INSERT INTO share_price (provider_query_id, isin, symbol, price, timestamp, open_high_close_low, volume) VALUES (8, 'CH0100837282', 'KARN.S', '117.6', '2018-12-06', 'CLOSE', 0);
INSERT INTO share_price (provider_query_id, isin, symbol, price, timestamp, open_high_close_low, volume) VALUES (8, 'DE000KGX8881', 'KGX.DE', '47.27', '2018-12-06', 'CLOSE', 0);
INSERT INTO share_price (provider_query_id, isin, symbol, price, timestamp, open_high_close_low, volume) VALUES (8, 'DE0006335003', 'KRNG.DE', '73.4', '2018-12-06', 'CLOSE', 0);
INSERT INTO share_price (provider_query_id, isin, symbol, price, timestamp, open_high_close_low, volume) VALUES (8, 'US5339001068', 'LECO.OQ', '82.71', '2018-12-06', 'CLOSE', 0);
INSERT INTO share_price (provider_query_id, isin, symbol, price, timestamp, open_high_close_low, volume) VALUES (8, 'US5627501092', 'MANH.OQ', '48', '2018-12-06', 'CLOSE', 0);
INSERT INTO share_price (provider_query_id, isin, symbol, price, timestamp, open_high_close_low, volume) VALUES (8, 'CA57778L1031', 'MAXR.TO', '19.65', '2018-12-06', 'CLOSE', 0);
INSERT INTO share_price (provider_query_id, isin, symbol, price, timestamp, open_high_close_low, volume) VALUES (8, 'US5950171042', 'MCHP.OQ', '73.4', '2018-12-06', 'CLOSE', 0);
INSERT INTO share_price (provider_query_id, isin, symbol, price, timestamp, open_high_close_low, volume) VALUES (8, 'IL0011068553', 'MZOR.TA', '108.5', '2018-12-06', 'CLOSE', 0);
INSERT INTO share_price (provider_query_id, isin, symbol, price, timestamp, open_high_close_low, volume) VALUES (8, 'US6365181022', 'NATI.OQ', '48.31', '2018-12-06', 'CLOSE', 0);
INSERT INTO share_price (provider_query_id, isin, symbol, price, timestamp, open_high_close_low, volume) VALUES (8, 'US6556631025', 'NDSN.OQ', '115.51', '2018-12-06', 'CLOSE', 0);
INSERT INTO share_price (provider_query_id, isin, symbol, price, timestamp, open_high_close_low, volume) VALUES (8, 'CA67000B1040', 'NOVT.OQ', '60.69', '2018-12-06', 'CLOSE', 0);
INSERT INTO share_price (provider_query_id, isin, symbol, price, timestamp, open_high_close_low, volume) VALUES (8, 'US67020Y1001', 'NUAN.OQ', '15.61', '2018-12-06', 'CLOSE', 0);
INSERT INTO share_price (provider_query_id, isin, symbol, price, timestamp, open_high_close_low, volume) VALUES (8, 'US67066G1040', 'NVDA.OQ', '158.29', '2018-12-06', 'CLOSE', 0);
INSERT INTO share_price (provider_query_id, isin, symbol, price, timestamp, open_high_close_low, volume) VALUES (8, 'GB00B3MBS747', 'OCDO.L', '7.908', '2018-12-06', 'CLOSE', 0);
INSERT INTO share_price (provider_query_id, isin, symbol, price, timestamp, open_high_close_low, volume) VALUES (8, 'US6752321025', 'OII.N', '15.74', '2018-12-06', 'CLOSE', 0);
INSERT INTO share_price (provider_query_id, isin, symbol, price, timestamp, open_high_close_low, volume) VALUES (8, 'US69370C1009', 'PTC.OQ', '87.52', '2018-12-06', 'CLOSE', 0);
INSERT INTO share_price (provider_query_id, isin, symbol, price, timestamp, open_high_close_low, volume) VALUES (8, 'US7475251036', 'QCOM.OQ', '57.11', '2018-12-06', 'CLOSE', 0);
INSERT INTO share_price (provider_query_id, isin, symbol, price, timestamp, open_high_close_low, volume) VALUES (8, 'NL0012169213', 'QGEN.N', '35.44', '2018-12-06', 'CLOSE', 0);
INSERT INTO share_price (provider_query_id, isin, symbol, price, timestamp, open_high_close_low, volume) VALUES (8, 'US7542121089', 'RAVN.OQ', '39.42', '2018-12-06', 'CLOSE', 0);
INSERT INTO share_price (provider_query_id, isin, symbol, price, timestamp, open_high_close_low, volume) VALUES (8, 'US7739031091', 'ROK.N', '167.25', '2018-12-06', 'CLOSE', 0);
INSERT INTO share_price (provider_query_id, isin, symbol, price, timestamp, open_high_close_low, volume) VALUES (8, 'GB0007323586', 'RSW.L', '41.8', '2018-12-06', 'CLOSE', 0);
INSERT INTO share_price (provider_query_id, isin, symbol, price, timestamp, open_high_close_low, volume) VALUES (8, 'FR0000121972', 'SCHN.PA', '60.72', '2018-12-06', 'CLOSE', 0);
INSERT INTO share_price (provider_query_id, isin, symbol, price, timestamp, open_high_close_low, volume) VALUES (8, 'DE0007236101', 'SIEGn.DE', '97.67', '2018-12-06', 'CLOSE', 0);
INSERT INTO share_price (provider_query_id, isin, symbol, price, timestamp, open_high_close_low, volume) VALUES (8, 'IL0011267213', 'SSYS.OQ', '20.75', '2018-12-06', 'CLOSE', 0);
INSERT INTO share_price (provider_query_id, isin, symbol, price, timestamp, open_high_close_low, volume) VALUES (8, 'US8793601050', 'TDY.N', '208.67', '2018-12-06', 'CLOSE', 0);
INSERT INTO share_price (provider_query_id, isin, symbol, price, timestamp, open_high_close_low, volume) VALUES (8, 'CH0012100191', 'TECN.S', '192.7', '2018-12-06', 'CLOSE', 0);
INSERT INTO share_price (provider_query_id, isin, symbol, price, timestamp, open_high_close_low, volume) VALUES (8, 'US8807701029', 'TER.OQ', '33.81', '2018-12-06', 'CLOSE', 0);
INSERT INTO share_price (provider_query_id, isin, symbol, price, timestamp, open_high_close_low, volume) VALUES (8, 'US8962391004', 'TRMB.OQ', '36.92', '2018-12-06', 'CLOSE', 0);
INSERT INTO share_price (provider_query_id, isin, symbol, price, timestamp, open_high_close_low, volume) VALUES (8, 'CH0033361673', 'UBXN.S', '89.15', '2018-12-06', 'CLOSE', 0);
INSERT INTO share_price (provider_query_id, isin, symbol, price, timestamp, open_high_close_low, volume) VALUES (8, 'US92220P1057', 'VAR.N', '120.84', '2018-12-06', 'CLOSE', 0);
INSERT INTO share_price (provider_query_id, isin, symbol, price, timestamp, open_high_close_low, volume) VALUES (8, 'US9839191015', 'XLNX.OQ', '89.01', '2018-12-06', 'CLOSE', 0);
INSERT INTO share_price (provider_query_id, isin, symbol, price, timestamp, open_high_close_low, volume) VALUES (8, 'US9892071054', 'ZBRA.OQ', '172.58', '2018-12-06', 'CLOSE', 0);

INSERT INTO share_price (provider_query_id, isin, symbol, price, timestamp, open_high_close_low, volume) VALUES (8, 'KR7098460009', '098460.KQ', '83500', '2018-12-07', 'CLOSE', 0);
INSERT INTO share_price (provider_query_id, isin, symbol, price, timestamp, open_high_close_low, volume) VALUES (8, 'KYG014081064', '1590.TW', '319', '2018-12-07', 'CLOSE', 0);
INSERT INTO share_price (provider_query_id, isin, symbol, price, timestamp, open_high_close_low, volume) VALUES (8, 'TW0002049004', '2049.TW', '234.5', '2018-12-07', 'CLOSE', 0);
INSERT INTO share_price (provider_query_id, isin, symbol, price, timestamp, open_high_close_low, volume) VALUES (8, 'TW0002308004', '2308.TW', '127.5', '2018-12-07', 'CLOSE', 0);
INSERT INTO share_price (provider_query_id, isin, symbol, price, timestamp, open_high_close_low, volume) VALUES (8, 'TW0002395001', '2395.TW', '230.5', '2018-12-07', 'CLOSE', 0);
INSERT INTO share_price (provider_query_id, isin, symbol, price, timestamp, open_high_close_low, volume) VALUES (8, 'TW0003443008', '3443.TW', '192.5', '2018-12-07', 'CLOSE', 0);
INSERT INTO share_price (provider_query_id, isin, symbol, price, timestamp, open_high_close_low, volume) VALUES (8, 'JP3592600005', '6104.T', '1893', '2018-12-07', 'CLOSE', 0);
INSERT INTO share_price (provider_query_id, isin, symbol, price, timestamp, open_high_close_low, volume) VALUES (8, 'JP3102400003', '6118.T', '834', '2018-12-07', 'CLOSE', 0);
INSERT INTO share_price (provider_query_id, isin, symbol, price, timestamp, open_high_close_low, volume) VALUES (8, 'JP3809200003', '6134.T', '1427', '2018-12-07', 'CLOSE', 0);
INSERT INTO share_price (provider_query_id, isin, symbol, price, timestamp, open_high_close_low, volume) VALUES (8, 'JP3651210001', '6268.T', '2731', '2018-12-07', 'CLOSE', 0);
INSERT INTO share_price (provider_query_id, isin, symbol, price, timestamp, open_high_close_low, volume) VALUES (8, 'JP3162600005', '6273.T', '35950', '2018-12-07', 'CLOSE', 0);
INSERT INTO share_price (provider_query_id, isin, symbol, price, timestamp, open_high_close_low, volume) VALUES (8, 'JP3765150002', '6324.T', '3755', '2018-12-07', 'CLOSE', 0);
INSERT INTO share_price (provider_query_id, isin, symbol, price, timestamp, open_high_close_low, volume) VALUES (8, 'JP3497400006', '6383.T', '5670', '2018-12-07', 'CLOSE', 0);
INSERT INTO share_price (provider_query_id, isin, symbol, price, timestamp, open_high_close_low, volume) VALUES (8, 'JP3124400007', '6436.T', '2340', '2018-12-07', 'CLOSE', 0);
INSERT INTO share_price (provider_query_id, isin, symbol, price, timestamp, open_high_close_low, volume) VALUES (8, 'JP3813200007', '6474.T', '4455', '2018-12-07', 'CLOSE', 0);
INSERT INTO share_price (provider_query_id, isin, symbol, price, timestamp, open_high_close_low, volume) VALUES (8, 'JP3539250005', '6481.T', '2431', '2018-12-07', 'CLOSE', 0);
INSERT INTO share_price (provider_query_id, isin, symbol, price, timestamp, open_high_close_low, volume) VALUES (8, 'JP3944500002', '6482.T', '1100', '2018-12-07', 'CLOSE', 0);
INSERT INTO share_price (provider_query_id, isin, symbol, price, timestamp, open_high_close_low, volume) VALUES (8, 'JP3902400005', '6503.T', '1367', '2018-12-07', 'CLOSE', 0);
INSERT INTO share_price (provider_query_id, isin, symbol, price, timestamp, open_high_close_low, volume) VALUES (8, 'JP3932000007', '6506.T', '3275', '2018-12-07', 'CLOSE', 0);
INSERT INTO share_price (provider_query_id, isin, symbol, price, timestamp, open_high_close_low, volume) VALUES (8, 'JP3497800007', '6622.T', '2618', '2018-12-07', 'CLOSE', 0);
INSERT INTO share_price (provider_query_id, isin, symbol, price, timestamp, open_high_close_low, volume) VALUES (8, 'JP3197800000', '6645.T', '4515', '2018-12-07', 'CLOSE', 0);
INSERT INTO share_price (provider_query_id, isin, symbol, price, timestamp, open_high_close_low, volume) VALUES (8, 'JP3955000009', '6841.T', '2053', '2018-12-07', 'CLOSE', 0);
INSERT INTO share_price (provider_query_id, isin, symbol, price, timestamp, open_high_close_low, volume) VALUES (8, 'JP3236200006', '6861.T', '60000', '2018-12-07', 'CLOSE', 0);
INSERT INTO share_price (provider_query_id, isin, symbol, price, timestamp, open_high_close_low, volume) VALUES (8, 'JP3197700002', '6914.T', '2112', '2018-12-07', 'CLOSE', 0);
INSERT INTO share_price (provider_query_id, isin, symbol, price, timestamp, open_high_close_low, volume) VALUES (8, 'JP3802400006', '6954.T', '17730', '2018-12-07', 'CLOSE', 0);
INSERT INTO share_price (provider_query_id, isin, symbol, price, timestamp, open_high_close_low, volume) VALUES (8, 'JP3630400004', '7732.T', '1687', '2018-12-07', 'CLOSE', 0);
INSERT INTO share_price (provider_query_id, isin, symbol, price, timestamp, open_high_close_low, volume) VALUES (8, 'CH0012221716', 'ABBN.S', '18.945', '2018-12-07', 'CLOSE', 0);
INSERT INTO share_price (provider_query_id, isin, symbol, price, timestamp, open_high_close_low, volume) VALUES (8, 'US0527691069', 'ADSK.OQ', '132.57', '2018-12-07', 'CLOSE', 0);
INSERT INTO share_price (provider_query_id, isin, symbol, price, timestamp, open_high_close_low, volume) VALUES (8, 'DE000A111338', 'AM3D.DE', '10.94', '2018-12-07', 'CLOSE', 0);
INSERT INTO share_price (provider_query_id, isin, symbol, price, timestamp, open_high_close_low, volume) VALUES (8, 'KYG037AX1015', 'AMBA.OQ', '38.09', '2018-12-07', 'CLOSE', 0);
INSERT INTO share_price (provider_query_id, isin, symbol, price, timestamp, open_high_close_low, volume) VALUES (8, 'JE00B783TY65', 'APTV.N', '67.09', '2018-12-07', 'CLOSE', 0);
INSERT INTO share_price (provider_query_id, isin, symbol, price, timestamp, open_high_close_low, volume) VALUES (8, 'US0043971052', 'ARAY.OQ', '3.85', '2018-12-07', 'CLOSE', 0);
INSERT INTO share_price (provider_query_id, isin, symbol, price, timestamp, open_high_close_low, volume) VALUES (8, 'CA0019401052', 'ATA.TO', '16.45', '2018-12-07', 'CLOSE', 0);
INSERT INTO share_price (provider_query_id, isin, symbol, price, timestamp, open_high_close_low, volume) VALUES (8, 'US0080731088', 'AVAV.OQ', '69.81', '2018-12-07', 'CLOSE', 0);
INSERT INTO share_price (provider_query_id, isin, symbol, price, timestamp, open_high_close_low, volume) VALUES (8, 'US1143401024', 'BRKS.OQ', '26.37', '2018-12-07', 'CLOSE', 0);
INSERT INTO share_price (provider_query_id, isin, symbol, price, timestamp, open_high_close_low, volume) VALUES (8, 'US1273871087', 'CDNS.OQ', '42.67', '2018-12-07', 'CLOSE', 0);
INSERT INTO share_price (provider_query_id, isin, symbol, price, timestamp, open_high_close_low, volume) VALUES (8, 'FI0009013429', 'CGCBV.HE', '31.46', '2018-12-07', 'CLOSE', 0);
INSERT INTO share_price (provider_query_id, isin, symbol, price, timestamp, open_high_close_low, volume) VALUES (8, 'US1924221039', 'CGNX.OQ', '41.4', '2018-12-07', 'CLOSE', 0);
INSERT INTO share_price (provider_query_id, isin, symbol, price, timestamp, open_high_close_low, volume) VALUES (8, 'FR0000130650', 'DAST.PA', '104.75', '2018-12-07', 'CLOSE', 0);
INSERT INTO share_price (provider_query_id, isin, symbol, price, timestamp, open_high_close_low, volume) VALUES (8, 'US88554D2053', 'DDD.N', '11.57', '2018-12-07', 'CLOSE', 0);
INSERT INTO share_price (provider_query_id, isin, symbol, price, timestamp, open_high_close_low, volume) VALUES (8, 'US2441991054', 'DE.N', '147.26', '2018-12-07', 'CLOSE', 0);
INSERT INTO share_price (provider_query_id, isin, symbol, price, timestamp, open_high_close_low, volume) VALUES (8, 'DE0005565204', 'DUEG.DE', '30.89', '2018-12-07', 'CLOSE', 0);
INSERT INTO share_price (provider_query_id, isin, symbol, price, timestamp, open_high_close_low, volume) VALUES (8, 'SE0000163628', 'EKTAb.ST', '114.65', '2018-12-07', 'CLOSE', 0);
INSERT INTO share_price (provider_query_id, isin, symbol, price, timestamp, open_high_close_low, volume) VALUES (8, 'US3116421021', 'FARO.OQ', '43.88', '2018-12-07', 'CLOSE', 0);
INSERT INTO share_price (provider_query_id, isin, symbol, price, timestamp, open_high_close_low, volume) VALUES (8, 'US3024451011', 'FLIR.OQ', '43.33', '2018-12-07', 'CLOSE', 0);
INSERT INTO share_price (provider_query_id, isin, symbol, price, timestamp, open_high_close_low, volume) VALUES (8, 'DE0006602006', 'G1AG.DE', '22.27', '2018-12-07', 'CLOSE', 0);
INSERT INTO share_price (provider_query_id, isin, symbol, price, timestamp, open_high_close_low, volume) VALUES (8, 'SE0000103699', 'HEXAb.ST', '417', '2018-12-07', 'CLOSE', 0);
INSERT INTO share_price (provider_query_id, isin, symbol, price, timestamp, open_high_close_low, volume) VALUES (8, 'US42330P1075', 'HLX.N', '7.23', '2018-12-07', 'CLOSE', 0);
INSERT INTO share_price (provider_query_id, isin, symbol, price, timestamp, open_high_close_low, volume) VALUES (8, 'VGG456671053', 'HOLI.OQ', '19.03', '2018-12-07', 'CLOSE', 0);
INSERT INTO share_price (provider_query_id, isin, symbol, price, timestamp, open_high_close_low, volume) VALUES (8, 'US4523271090', 'ILMN.OQ', '321.41', '2018-12-07', 'CLOSE', 0);
INSERT INTO share_price (provider_query_id, isin, symbol, price, timestamp, open_high_close_low, volume) VALUES (8, 'US44980X1090', 'IPGP.OQ', '124.35', '2018-12-07', 'CLOSE', 0);
INSERT INTO share_price (provider_query_id, isin, symbol, price, timestamp, open_high_close_low, volume) VALUES (8, 'US4627261005', 'IRBT.OQ', '90.83', '2018-12-07', 'CLOSE', 0);
INSERT INTO share_price (provider_query_id, isin, symbol, price, timestamp, open_high_close_low, volume) VALUES (8, 'DE0005488100', 'ISRG.DE', '31.4', '2018-12-07', 'CLOSE', 0);
INSERT INTO share_price (provider_query_id, isin, symbol, price, timestamp, open_high_close_low, volume) VALUES (8, 'US46120E6023', 'ISRG.OQ', '491.69', '2018-12-07', 'CLOSE', 0);
INSERT INTO share_price (provider_query_id, isin, symbol, price, timestamp, open_high_close_low, volume) VALUES (8, 'US4778391049', 'JBT.N', '74.62', '2018-12-07', 'CLOSE', 0);
INSERT INTO share_price (provider_query_id, isin, symbol, price, timestamp, open_high_close_low, volume) VALUES (8, 'DE000A2NB601', 'JENGn.DE', '26.54', '2018-12-07', 'CLOSE', 0);
INSERT INTO share_price (provider_query_id, isin, symbol, price, timestamp, open_high_close_low, volume) VALUES (8, 'CH0100837282', 'KARN.S', '115', '2018-12-07', 'CLOSE', 0);
INSERT INTO share_price (provider_query_id, isin, symbol, price, timestamp, open_high_close_low, volume) VALUES (8, 'DE000KGX8881', 'KGX.DE', '47.58', '2018-12-07', 'CLOSE', 0);
INSERT INTO share_price (provider_query_id, isin, symbol, price, timestamp, open_high_close_low, volume) VALUES (8, 'DE0006335003', 'KRNG.DE', '73.15', '2018-12-07', 'CLOSE', 0);
INSERT INTO share_price (provider_query_id, isin, symbol, price, timestamp, open_high_close_low, volume) VALUES (8, 'US5339001068', 'LECO.OQ', '79.97', '2018-12-07', 'CLOSE', 0);
INSERT INTO share_price (provider_query_id, isin, symbol, price, timestamp, open_high_close_low, volume) VALUES (8, 'US5627501092', 'MANH.OQ', '46.86', '2018-12-07', 'CLOSE', 0);
INSERT INTO share_price (provider_query_id, isin, symbol, price, timestamp, open_high_close_low, volume) VALUES (8, 'CA57778L1031', 'MAXR.TO', '18.8', '2018-12-07', 'CLOSE', 0);
INSERT INTO share_price (provider_query_id, isin, symbol, price, timestamp, open_high_close_low, volume) VALUES (8, 'US5950171042', 'MCHP.OQ', '70.26', '2018-12-07', 'CLOSE', 0);
INSERT INTO share_price (provider_query_id, isin, symbol, price, timestamp, open_high_close_low, volume) VALUES (8, 'IL0011068553', 'MZOR.TA', '108.5', '2018-12-07', 'CLOSE', 0);
INSERT INTO share_price (provider_query_id, isin, symbol, price, timestamp, open_high_close_low, volume) VALUES (8, 'US6365181022', 'NATI.OQ', '47', '2018-12-07', 'CLOSE', 0);
INSERT INTO share_price (provider_query_id, isin, symbol, price, timestamp, open_high_close_low, volume) VALUES (8, 'US6556631025', 'NDSN.OQ', '113.47', '2018-12-07', 'CLOSE', 0);
INSERT INTO share_price (provider_query_id, isin, symbol, price, timestamp, open_high_close_low, volume) VALUES (8, 'CA67000B1040', 'NOVT.OQ', '59.58', '2018-12-07', 'CLOSE', 0);
INSERT INTO share_price (provider_query_id, isin, symbol, price, timestamp, open_high_close_low, volume) VALUES (8, 'US67020Y1001', 'NUAN.OQ', '15.13', '2018-12-07', 'CLOSE', 0);
INSERT INTO share_price (provider_query_id, isin, symbol, price, timestamp, open_high_close_low, volume) VALUES (8, 'US67066G1040', 'NVDA.OQ', '147.61', '2018-12-07', 'CLOSE', 0);
INSERT INTO share_price (provider_query_id, isin, symbol, price, timestamp, open_high_close_low, volume) VALUES (8, 'GB00B3MBS747', 'OCDO.L', '8.028', '2018-12-07', 'CLOSE', 0);
INSERT INTO share_price (provider_query_id, isin, symbol, price, timestamp, open_high_close_low, volume) VALUES (8, 'US6752321025', 'OII.N', '15.59', '2018-12-07', 'CLOSE', 0);
INSERT INTO share_price (provider_query_id, isin, symbol, price, timestamp, open_high_close_low, volume) VALUES (8, 'US69370C1009', 'PTC.OQ', '83.78', '2018-12-07', 'CLOSE', 0);
INSERT INTO share_price (provider_query_id, isin, symbol, price, timestamp, open_high_close_low, volume) VALUES (8, 'US7475251036', 'QCOM.OQ', '55.99', '2018-12-07', 'CLOSE', 0);
INSERT INTO share_price (provider_query_id, isin, symbol, price, timestamp, open_high_close_low, volume) VALUES (8, 'NL0012169213', 'QGEN.N', '35.17', '2018-12-07', 'CLOSE', 0);
INSERT INTO share_price (provider_query_id, isin, symbol, price, timestamp, open_high_close_low, volume) VALUES (8, 'US7542121089', 'RAVN.OQ', '37.63', '2018-12-07', 'CLOSE', 0);
INSERT INTO share_price (provider_query_id, isin, symbol, price, timestamp, open_high_close_low, volume) VALUES (8, 'US7739031091', 'ROK.N', '161.55', '2018-12-07', 'CLOSE', 0);
INSERT INTO share_price (provider_query_id, isin, symbol, price, timestamp, open_high_close_low, volume) VALUES (8, 'GB0007323586', 'RSW.L', '41.82', '2018-12-07', 'CLOSE', 0);
INSERT INTO share_price (provider_query_id, isin, symbol, price, timestamp, open_high_close_low, volume) VALUES (8, 'FR0000121972', 'SCHN.PA', '61.36', '2018-12-07', 'CLOSE', 0);
INSERT INTO share_price (provider_query_id, isin, symbol, price, timestamp, open_high_close_low, volume) VALUES (8, 'DE0007236101', 'SIEGn.DE', '97.69', '2018-12-07', 'CLOSE', 0);
INSERT INTO share_price (provider_query_id, isin, symbol, price, timestamp, open_high_close_low, volume) VALUES (8, 'IL0011267213', 'SSYS.OQ', '20.25', '2018-12-07', 'CLOSE', 0);
INSERT INTO share_price (provider_query_id, isin, symbol, price, timestamp, open_high_close_low, volume) VALUES (8, 'US8793601050', 'TDY.N', '204.02', '2018-12-07', 'CLOSE', 0);
INSERT INTO share_price (provider_query_id, isin, symbol, price, timestamp, open_high_close_low, volume) VALUES (8, 'CH0012100191', 'TECN.S', '193.6', '2018-12-07', 'CLOSE', 0);
INSERT INTO share_price (provider_query_id, isin, symbol, price, timestamp, open_high_close_low, volume) VALUES (8, 'US8807701029', 'TER.OQ', '32.61', '2018-12-07', 'CLOSE', 0);
INSERT INTO share_price (provider_query_id, isin, symbol, price, timestamp, open_high_close_low, volume) VALUES (8, 'US8962391004', 'TRMB.OQ', '35.49', '2018-12-07', 'CLOSE', 0);
INSERT INTO share_price (provider_query_id, isin, symbol, price, timestamp, open_high_close_low, volume) VALUES (8, 'CH0033361673', 'UBXN.S', '85.8', '2018-12-07', 'CLOSE', 0);
INSERT INTO share_price (provider_query_id, isin, symbol, price, timestamp, open_high_close_low, volume) VALUES (8, 'US92220P1057', 'VAR.N', '118.81', '2018-12-07', 'CLOSE', 0);
INSERT INTO share_price (provider_query_id, isin, symbol, price, timestamp, open_high_close_low, volume) VALUES (8, 'US9839191015', 'XLNX.OQ', '87.23', '2018-12-07', 'CLOSE', 0);
INSERT INTO share_price (provider_query_id, isin, symbol, price, timestamp, open_high_close_low, volume) VALUES (8, 'US9892071054', 'ZBRA.OQ', '165.34', '2018-12-07', 'CLOSE', 0);

INSERT INTO share_price (provider_query_id, isin, symbol, price, timestamp, open_high_close_low, volume) VALUES (8, 'KR7098460009', '098460.KQ', '80700', '2018-12-10', 'CLOSE', 0);
INSERT INTO share_price (provider_query_id, isin, symbol, price, timestamp, open_high_close_low, volume) VALUES (8, 'KYG014081064', '1590.TW', '330', '2018-12-10', 'CLOSE', 0);
INSERT INTO share_price (provider_query_id, isin, symbol, price, timestamp, open_high_close_low, volume) VALUES (8, 'TW0002049004', '2049.TW', '236.5', '2018-12-10', 'CLOSE', 0);
INSERT INTO share_price (provider_query_id, isin, symbol, price, timestamp, open_high_close_low, volume) VALUES (8, 'TW0002308004', '2308.TW', '126.5', '2018-12-10', 'CLOSE', 0);
INSERT INTO share_price (provider_query_id, isin, symbol, price, timestamp, open_high_close_low, volume) VALUES (8, 'TW0002395001', '2395.TW', '223.5', '2018-12-10', 'CLOSE', 0);
INSERT INTO share_price (provider_query_id, isin, symbol, price, timestamp, open_high_close_low, volume) VALUES (8, 'TW0003443008', '3443.TW', '186', '2018-12-10', 'CLOSE', 0);
INSERT INTO share_price (provider_query_id, isin, symbol, price, timestamp, open_high_close_low, volume) VALUES (8, 'JP3592600005', '6104.T', '1919', '2018-12-10', 'CLOSE', 0);
INSERT INTO share_price (provider_query_id, isin, symbol, price, timestamp, open_high_close_low, volume) VALUES (8, 'JP3102400003', '6118.T', '823', '2018-12-10', 'CLOSE', 0);
INSERT INTO share_price (provider_query_id, isin, symbol, price, timestamp, open_high_close_low, volume) VALUES (8, 'JP3809200003', '6134.T', '1380', '2018-12-10', 'CLOSE', 0);
INSERT INTO share_price (provider_query_id, isin, symbol, price, timestamp, open_high_close_low, volume) VALUES (8, 'JP3651210001', '6268.T', '2650', '2018-12-10', 'CLOSE', 0);
INSERT INTO share_price (provider_query_id, isin, symbol, price, timestamp, open_high_close_low, volume) VALUES (8, 'JP3162600005', '6273.T', '34720', '2018-12-10', 'CLOSE', 0);
INSERT INTO share_price (provider_query_id, isin, symbol, price, timestamp, open_high_close_low, volume) VALUES (8, 'JP3765150002', '6324.T', '3620', '2018-12-10', 'CLOSE', 0);
INSERT INTO share_price (provider_query_id, isin, symbol, price, timestamp, open_high_close_low, volume) VALUES (8, 'JP3497400006', '6383.T', '5600', '2018-12-10', 'CLOSE', 0);
INSERT INTO share_price (provider_query_id, isin, symbol, price, timestamp, open_high_close_low, volume) VALUES (8, 'JP3124400007', '6436.T', '2312', '2018-12-10', 'CLOSE', 0);
INSERT INTO share_price (provider_query_id, isin, symbol, price, timestamp, open_high_close_low, volume) VALUES (8, 'JP3813200007', '6474.T', '4380', '2018-12-10', 'CLOSE', 0);
INSERT INTO share_price (provider_query_id, isin, symbol, price, timestamp, open_high_close_low, volume) VALUES (8, 'JP3539250005', '6481.T', '2400', '2018-12-10', 'CLOSE', 0);
INSERT INTO share_price (provider_query_id, isin, symbol, price, timestamp, open_high_close_low, volume) VALUES (8, 'JP3944500002', '6482.T', '1081', '2018-12-10', 'CLOSE', 0);
INSERT INTO share_price (provider_query_id, isin, symbol, price, timestamp, open_high_close_low, volume) VALUES (8, 'JP3902400005', '6503.T', '1343.5', '2018-12-10', 'CLOSE', 0);
INSERT INTO share_price (provider_query_id, isin, symbol, price, timestamp, open_high_close_low, volume) VALUES (8, 'JP3932000007', '6506.T', '3180', '2018-12-10', 'CLOSE', 0);
INSERT INTO share_price (provider_query_id, isin, symbol, price, timestamp, open_high_close_low, volume) VALUES (8, 'JP3497800007', '6622.T', '2510', '2018-12-10', 'CLOSE', 0);
INSERT INTO share_price (provider_query_id, isin, symbol, price, timestamp, open_high_close_low, volume) VALUES (8, 'JP3197800000', '6645.T', '4455', '2018-12-10', 'CLOSE', 0);
INSERT INTO share_price (provider_query_id, isin, symbol, price, timestamp, open_high_close_low, volume) VALUES (8, 'JP3955000009', '6841.T', '2028', '2018-12-10', 'CLOSE', 0);
INSERT INTO share_price (provider_query_id, isin, symbol, price, timestamp, open_high_close_low, volume) VALUES (8, 'JP3236200006', '6861.T', '57860', '2018-12-10', 'CLOSE', 0);
INSERT INTO share_price (provider_query_id, isin, symbol, price, timestamp, open_high_close_low, volume) VALUES (8, 'JP3197700002', '6914.T', '2040', '2018-12-10', 'CLOSE', 0);
INSERT INTO share_price (provider_query_id, isin, symbol, price, timestamp, open_high_close_low, volume) VALUES (8, 'JP3802400006', '6954.T', '17390', '2018-12-10', 'CLOSE', 0);
INSERT INTO share_price (provider_query_id, isin, symbol, price, timestamp, open_high_close_low, volume) VALUES (8, 'JP3630400004', '7732.T', '1670', '2018-12-10', 'CLOSE', 0);
INSERT INTO share_price (provider_query_id, isin, symbol, price, timestamp, open_high_close_low, volume) VALUES (8, 'CH0012221716', 'ABBN.S', '18.615', '2018-12-10', 'CLOSE', 0);
INSERT INTO share_price (provider_query_id, isin, symbol, price, timestamp, open_high_close_low, volume) VALUES (8, 'US0527691069', 'ADSK.OQ', '135.02', '2018-12-10', 'CLOSE', 0);
INSERT INTO share_price (provider_query_id, isin, symbol, price, timestamp, open_high_close_low, volume) VALUES (8, 'DE000A111338', 'AM3D.DE', '9.92', '2018-12-10', 'CLOSE', 0);
INSERT INTO share_price (provider_query_id, isin, symbol, price, timestamp, open_high_close_low, volume) VALUES (8, 'KYG037AX1015', 'AMBA.OQ', '38.68', '2018-12-10', 'CLOSE', 0);
INSERT INTO share_price (provider_query_id, isin, symbol, price, timestamp, open_high_close_low, volume) VALUES (8, 'JE00B783TY65', 'APTV.N', '65.33', '2018-12-10', 'CLOSE', 0);
INSERT INTO share_price (provider_query_id, isin, symbol, price, timestamp, open_high_close_low, volume) VALUES (8, 'US0043971052', 'ARAY.OQ', '3.97', '2018-12-10', 'CLOSE', 0);
INSERT INTO share_price (provider_query_id, isin, symbol, price, timestamp, open_high_close_low, volume) VALUES (8, 'CA0019401052', 'ATA.TO', '15.79', '2018-12-10', 'CLOSE', 0);
INSERT INTO share_price (provider_query_id, isin, symbol, price, timestamp, open_high_close_low, volume) VALUES (8, 'US0080731088', 'AVAV.OQ', '72', '2018-12-10', 'CLOSE', 0);
INSERT INTO share_price (provider_query_id, isin, symbol, price, timestamp, open_high_close_low, volume) VALUES (8, 'US1143401024', 'BRKS.OQ', '26.73', '2018-12-10', 'CLOSE', 0);
INSERT INTO share_price (provider_query_id, isin, symbol, price, timestamp, open_high_close_low, volume) VALUES (8, 'US1273871087', 'CDNS.OQ', '43.38', '2018-12-10', 'CLOSE', 0);
INSERT INTO share_price (provider_query_id, isin, symbol, price, timestamp, open_high_close_low, volume) VALUES (8, 'FI0009013429', 'CGCBV.HE', '30.34', '2018-12-10', 'CLOSE', 0);
INSERT INTO share_price (provider_query_id, isin, symbol, price, timestamp, open_high_close_low, volume) VALUES (8, 'US1924221039', 'CGNX.OQ', '41.34', '2018-12-10', 'CLOSE', 0);
INSERT INTO share_price (provider_query_id, isin, symbol, price, timestamp, open_high_close_low, volume) VALUES (8, 'FR0000130650', 'DAST.PA', '103.45', '2018-12-10', 'CLOSE', 0);
INSERT INTO share_price (provider_query_id, isin, symbol, price, timestamp, open_high_close_low, volume) VALUES (8, 'US88554D2053', 'DDD.N', '11.5', '2018-12-10', 'CLOSE', 0);
INSERT INTO share_price (provider_query_id, isin, symbol, price, timestamp, open_high_close_low, volume) VALUES (8, 'US2441991054', 'DE.N', '147.03', '2018-12-10', 'CLOSE', 0);
INSERT INTO share_price (provider_query_id, isin, symbol, price, timestamp, open_high_close_low, volume) VALUES (8, 'DE0005565204', 'DUEG.DE', '29.77', '2018-12-10', 'CLOSE', 0);
INSERT INTO share_price (provider_query_id, isin, symbol, price, timestamp, open_high_close_low, volume) VALUES (8, 'SE0000163628', 'EKTAb.ST', '115.3', '2018-12-10', 'CLOSE', 0);
INSERT INTO share_price (provider_query_id, isin, symbol, price, timestamp, open_high_close_low, volume) VALUES (8, 'US3116421021', 'FARO.OQ', '43.66', '2018-12-10', 'CLOSE', 0);
INSERT INTO share_price (provider_query_id, isin, symbol, price, timestamp, open_high_close_low, volume) VALUES (8, 'US3024451011', 'FLIR.OQ', '44.05', '2018-12-10', 'CLOSE', 0);
INSERT INTO share_price (provider_query_id, isin, symbol, price, timestamp, open_high_close_low, volume) VALUES (8, 'DE0006602006', 'G1AG.DE', '22.07', '2018-12-10', 'CLOSE', 0);
INSERT INTO share_price (provider_query_id, isin, symbol, price, timestamp, open_high_close_low, volume) VALUES (8, 'SE0000103699', 'HEXAb.ST', '413.9', '2018-12-10', 'CLOSE', 0);
INSERT INTO share_price (provider_query_id, isin, symbol, price, timestamp, open_high_close_low, volume) VALUES (8, 'US42330P1075', 'HLX.N', '6.87', '2018-12-10', 'CLOSE', 0);
INSERT INTO share_price (provider_query_id, isin, symbol, price, timestamp, open_high_close_low, volume) VALUES (8, 'VGG456671053', 'HOLI.OQ', '18.93', '2018-12-10', 'CLOSE', 0);
INSERT INTO share_price (provider_query_id, isin, symbol, price, timestamp, open_high_close_low, volume) VALUES (8, 'US4523271090', 'ILMN.OQ', '323.05', '2018-12-10', 'CLOSE', 0);
INSERT INTO share_price (provider_query_id, isin, symbol, price, timestamp, open_high_close_low, volume) VALUES (8, 'US44980X1090', 'IPGP.OQ', '123.1', '2018-12-10', 'CLOSE', 0);
INSERT INTO share_price (provider_query_id, isin, symbol, price, timestamp, open_high_close_low, volume) VALUES (8, 'US4627261005', 'IRBT.OQ', '91.01', '2018-12-10', 'CLOSE', 0);
INSERT INTO share_price (provider_query_id, isin, symbol, price, timestamp, open_high_close_low, volume) VALUES (8, 'DE0005488100', 'ISRG.DE', '29.75', '2018-12-10', 'CLOSE', 0);
INSERT INTO share_price (provider_query_id, isin, symbol, price, timestamp, open_high_close_low, volume) VALUES (8, 'US46120E6023', 'ISRG.OQ', '498.11', '2018-12-10', 'CLOSE', 0);
INSERT INTO share_price (provider_query_id, isin, symbol, price, timestamp, open_high_close_low, volume) VALUES (8, 'US4778391049', 'JBT.N', '73.9', '2018-12-10', 'CLOSE', 0);
INSERT INTO share_price (provider_query_id, isin, symbol, price, timestamp, open_high_close_low, volume) VALUES (8, 'DE000A2NB601', 'JENGn.DE', '25.2', '2018-12-10', 'CLOSE', 0);
INSERT INTO share_price (provider_query_id, isin, symbol, price, timestamp, open_high_close_low, volume) VALUES (8, 'CH0100837282', 'KARN.S', '111', '2018-12-10', 'CLOSE', 0);
INSERT INTO share_price (provider_query_id, isin, symbol, price, timestamp, open_high_close_low, volume) VALUES (8, 'DE000KGX8881', 'KGX.DE', '45.63', '2018-12-10', 'CLOSE', 0);
INSERT INTO share_price (provider_query_id, isin, symbol, price, timestamp, open_high_close_low, volume) VALUES (8, 'DE0006335003', 'KRNG.DE', '72.05', '2018-12-10', 'CLOSE', 0);
INSERT INTO share_price (provider_query_id, isin, symbol, price, timestamp, open_high_close_low, volume) VALUES (8, 'US5339001068', 'LECO.OQ', '79.58', '2018-12-10', 'CLOSE', 0);
INSERT INTO share_price (provider_query_id, isin, symbol, price, timestamp, open_high_close_low, volume) VALUES (8, 'US5627501092', 'MANH.OQ', '46.12', '2018-12-10', 'CLOSE', 0);
INSERT INTO share_price (provider_query_id, isin, symbol, price, timestamp, open_high_close_low, volume) VALUES (8, 'CA57778L1031', 'MAXR.TO', '18.19', '2018-12-10', 'CLOSE', 0);
INSERT INTO share_price (provider_query_id, isin, symbol, price, timestamp, open_high_close_low, volume) VALUES (8, 'US5950171042', 'MCHP.OQ', '71.9', '2018-12-10', 'CLOSE', 0);
INSERT INTO share_price (provider_query_id, isin, symbol, price, timestamp, open_high_close_low, volume) VALUES (8, 'IL0011068553', 'MZOR.TA', '108.6', '2018-12-10', 'CLOSE', 0);
INSERT INTO share_price (provider_query_id, isin, symbol, price, timestamp, open_high_close_low, volume) VALUES (8, 'US6365181022', 'NATI.OQ', '47.38', '2018-12-10', 'CLOSE', 0);
INSERT INTO share_price (provider_query_id, isin, symbol, price, timestamp, open_high_close_low, volume) VALUES (8, 'US6556631025', 'NDSN.OQ', '113.1', '2018-12-10', 'CLOSE', 0);
INSERT INTO share_price (provider_query_id, isin, symbol, price, timestamp, open_high_close_low, volume) VALUES (8, 'CA67000B1040', 'NOVT.OQ', '61.09', '2018-12-10', 'CLOSE', 0);
INSERT INTO share_price (provider_query_id, isin, symbol, price, timestamp, open_high_close_low, volume) VALUES (8, 'US67020Y1001', 'NUAN.OQ', '15.05', '2018-12-10', 'CLOSE', 0);
INSERT INTO share_price (provider_query_id, isin, symbol, price, timestamp, open_high_close_low, volume) VALUES (8, 'US67066G1040', 'NVDA.OQ', '151.86', '2018-12-10', 'CLOSE', 0);
INSERT INTO share_price (provider_query_id, isin, symbol, price, timestamp, open_high_close_low, volume) VALUES (8, 'GB00B3MBS747', 'OCDO.L', '7.898', '2018-12-10', 'CLOSE', 0);
INSERT INTO share_price (provider_query_id, isin, symbol, price, timestamp, open_high_close_low, volume) VALUES (8, 'US6752321025', 'OII.N', '15.05', '2018-12-10', 'CLOSE', 0);
INSERT INTO share_price (provider_query_id, isin, symbol, price, timestamp, open_high_close_low, volume) VALUES (8, 'US69370C1009', 'PTC.OQ', '85.32', '2018-12-10', 'CLOSE', 0);
INSERT INTO share_price (provider_query_id, isin, symbol, price, timestamp, open_high_close_low, volume) VALUES (8, 'US7475251036', 'QCOM.OQ', '57.24', '2018-12-10', 'CLOSE', 0);
INSERT INTO share_price (provider_query_id, isin, symbol, price, timestamp, open_high_close_low, volume) VALUES (8, 'NL0012169213', 'QGEN.N', '35.36', '2018-12-10', 'CLOSE', 0);
INSERT INTO share_price (provider_query_id, isin, symbol, price, timestamp, open_high_close_low, volume) VALUES (8, 'US7542121089', 'RAVN.OQ', '37.26', '2018-12-10', 'CLOSE', 0);
INSERT INTO share_price (provider_query_id, isin, symbol, price, timestamp, open_high_close_low, volume) VALUES (8, 'US7739031091', 'ROK.N', '160.16', '2018-12-10', 'CLOSE', 0);
INSERT INTO share_price (provider_query_id, isin, symbol, price, timestamp, open_high_close_low, volume) VALUES (8, 'GB0007323586', 'RSW.L', '41.26', '2018-12-10', 'CLOSE', 0);
INSERT INTO share_price (provider_query_id, isin, symbol, price, timestamp, open_high_close_low, volume) VALUES (8, 'FR0000121972', 'SCHN.PA', '61.06', '2018-12-10', 'CLOSE', 0);
INSERT INTO share_price (provider_query_id, isin, symbol, price, timestamp, open_high_close_low, volume) VALUES (8, 'DE0007236101', 'SIEGn.DE', '96.96', '2018-12-10', 'CLOSE', 0);
INSERT INTO share_price (provider_query_id, isin, symbol, price, timestamp, open_high_close_low, volume) VALUES (8, 'IL0011267213', 'SSYS.OQ', '20.14', '2018-12-10', 'CLOSE', 0);
INSERT INTO share_price (provider_query_id, isin, symbol, price, timestamp, open_high_close_low, volume) VALUES (8, 'US8793601050', 'TDY.N', '203.84', '2018-12-10', 'CLOSE', 0);
INSERT INTO share_price (provider_query_id, isin, symbol, price, timestamp, open_high_close_low, volume) VALUES (8, 'CH0012100191', 'TECN.S', '188.6', '2018-12-10', 'CLOSE', 0);
INSERT INTO share_price (provider_query_id, isin, symbol, price, timestamp, open_high_close_low, volume) VALUES (8, 'US8807701029', 'TER.OQ', '32.87', '2018-12-10', 'CLOSE', 0);
INSERT INTO share_price (provider_query_id, isin, symbol, price, timestamp, open_high_close_low, volume) VALUES (8, 'US8962391004', 'TRMB.OQ', '35.65', '2018-12-10', 'CLOSE', 0);
INSERT INTO share_price (provider_query_id, isin, symbol, price, timestamp, open_high_close_low, volume) VALUES (8, 'CH0033361673', 'UBXN.S', '82.8', '2018-12-10', 'CLOSE', 0);
INSERT INTO share_price (provider_query_id, isin, symbol, price, timestamp, open_high_close_low, volume) VALUES (8, 'US92220P1057', 'VAR.N', '119.5', '2018-12-10', 'CLOSE', 0);
INSERT INTO share_price (provider_query_id, isin, symbol, price, timestamp, open_high_close_low, volume) VALUES (8, 'US9839191015', 'XLNX.OQ', '87.63', '2018-12-10', 'CLOSE', 0);
INSERT INTO share_price (provider_query_id, isin, symbol, price, timestamp, open_high_close_low, volume) VALUES (8, 'US9892071054', 'ZBRA.OQ', '167.87', '2018-12-10', 'CLOSE', 0);

INSERT INTO share_price (provider_query_id, isin, symbol, price, timestamp, open_high_close_low, volume) VALUES (8, 'KR7098460009', '098460.KQ', '83000', '2018-12-11', 'CLOSE', 0);
INSERT INTO share_price (provider_query_id, isin, symbol, price, timestamp, open_high_close_low, volume) VALUES (8, 'KYG014081064', '1590.TW', '335', '2018-12-11', 'CLOSE', 0);
INSERT INTO share_price (provider_query_id, isin, symbol, price, timestamp, open_high_close_low, volume) VALUES (8, 'TW0002049004', '2049.TW', '239', '2018-12-11', 'CLOSE', 0);
INSERT INTO share_price (provider_query_id, isin, symbol, price, timestamp, open_high_close_low, volume) VALUES (8, 'TW0002308004', '2308.TW', '128', '2018-12-11', 'CLOSE', 0);
INSERT INTO share_price (provider_query_id, isin, symbol, price, timestamp, open_high_close_low, volume) VALUES (8, 'TW0002395001', '2395.TW', '226', '2018-12-11', 'CLOSE', 0);
INSERT INTO share_price (provider_query_id, isin, symbol, price, timestamp, open_high_close_low, volume) VALUES (8, 'TW0003443008', '3443.TW', '190.5', '2018-12-11', 'CLOSE', 0);
INSERT INTO share_price (provider_query_id, isin, symbol, price, timestamp, open_high_close_low, volume) VALUES (8, 'JP3592600005', '6104.T', '1889', '2018-12-11', 'CLOSE', 0);
INSERT INTO share_price (provider_query_id, isin, symbol, price, timestamp, open_high_close_low, volume) VALUES (8, 'JP3102400003', '6118.T', '808', '2018-12-11', 'CLOSE', 0);
INSERT INTO share_price (provider_query_id, isin, symbol, price, timestamp, open_high_close_low, volume) VALUES (8, 'JP3809200003', '6134.T', '1323', '2018-12-11', 'CLOSE', 0);
INSERT INTO share_price (provider_query_id, isin, symbol, price, timestamp, open_high_close_low, volume) VALUES (8, 'JP3651210001', '6268.T', '2590', '2018-12-11', 'CLOSE', 0);
INSERT INTO share_price (provider_query_id, isin, symbol, price, timestamp, open_high_close_low, volume) VALUES (8, 'JP3162600005', '6273.T', '33810', '2018-12-11', 'CLOSE', 0);
INSERT INTO share_price (provider_query_id, isin, symbol, price, timestamp, open_high_close_low, volume) VALUES (8, 'JP3765150002', '6324.T', '3475', '2018-12-11', 'CLOSE', 0);
INSERT INTO share_price (provider_query_id, isin, symbol, price, timestamp, open_high_close_low, volume) VALUES (8, 'JP3497400006', '6383.T', '5520', '2018-12-11', 'CLOSE', 0);
INSERT INTO share_price (provider_query_id, isin, symbol, price, timestamp, open_high_close_low, volume) VALUES (8, 'JP3124400007', '6436.T', '2335', '2018-12-11', 'CLOSE', 0);
INSERT INTO share_price (provider_query_id, isin, symbol, price, timestamp, open_high_close_low, volume) VALUES (8, 'JP3813200007', '6474.T', '4250', '2018-12-11', 'CLOSE', 0);
INSERT INTO share_price (provider_query_id, isin, symbol, price, timestamp, open_high_close_low, volume) VALUES (8, 'JP3539250005', '6481.T', '2318', '2018-12-11', 'CLOSE', 0);
INSERT INTO share_price (provider_query_id, isin, symbol, price, timestamp, open_high_close_low, volume) VALUES (8, 'JP3944500002', '6482.T', '1058', '2018-12-11', 'CLOSE', 0);
INSERT INTO share_price (provider_query_id, isin, symbol, price, timestamp, open_high_close_low, volume) VALUES (8, 'JP3902400005', '6503.T', '1305', '2018-12-11', 'CLOSE', 0);
INSERT INTO share_price (provider_query_id, isin, symbol, price, timestamp, open_high_close_low, volume) VALUES (8, 'JP3932000007', '6506.T', '3055', '2018-12-11', 'CLOSE', 0);
INSERT INTO share_price (provider_query_id, isin, symbol, price, timestamp, open_high_close_low, volume) VALUES (8, 'JP3497800007', '6622.T', '2414', '2018-12-11', 'CLOSE', 0);
INSERT INTO share_price (provider_query_id, isin, symbol, price, timestamp, open_high_close_low, volume) VALUES (8, 'JP3197800000', '6645.T', '4340', '2018-12-11', 'CLOSE', 0);
INSERT INTO share_price (provider_query_id, isin, symbol, price, timestamp, open_high_close_low, volume) VALUES (8, 'JP3955000009', '6841.T', '1976', '2018-12-11', 'CLOSE', 0);
INSERT INTO share_price (provider_query_id, isin, symbol, price, timestamp, open_high_close_low, volume) VALUES (8, 'JP3236200006', '6861.T', '56000', '2018-12-11', 'CLOSE', 0);
INSERT INTO share_price (provider_query_id, isin, symbol, price, timestamp, open_high_close_low, volume) VALUES (8, 'JP3197700002', '6914.T', '2002', '2018-12-11', 'CLOSE', 0);
INSERT INTO share_price (provider_query_id, isin, symbol, price, timestamp, open_high_close_low, volume) VALUES (8, 'JP3802400006', '6954.T', '17020', '2018-12-11', 'CLOSE', 0);
INSERT INTO share_price (provider_query_id, isin, symbol, price, timestamp, open_high_close_low, volume) VALUES (8, 'JP3630400004', '7732.T', '1622', '2018-12-11', 'CLOSE', 0);
INSERT INTO share_price (provider_query_id, isin, symbol, price, timestamp, open_high_close_low, volume) VALUES (8, 'CH0012221716', 'ABBN.S', '18.985', '2018-12-11', 'CLOSE', 0);
INSERT INTO share_price (provider_query_id, isin, symbol, price, timestamp, open_high_close_low, volume) VALUES (8, 'US0527691069', 'ADSK.OQ', '133.87', '2018-12-11', 'CLOSE', 0);
INSERT INTO share_price (provider_query_id, isin, symbol, price, timestamp, open_high_close_low, volume) VALUES (8, 'DE000A111338', 'AM3D.DE', '10.4', '2018-12-11', 'CLOSE', 0);
INSERT INTO share_price (provider_query_id, isin, symbol, price, timestamp, open_high_close_low, volume) VALUES (8, 'KYG037AX1015', 'AMBA.OQ', '39.05', '2018-12-11', 'CLOSE', 0);
INSERT INTO share_price (provider_query_id, isin, symbol, price, timestamp, open_high_close_low, volume) VALUES (8, 'JE00B783TY65', 'APTV.N', '66.76', '2018-12-11', 'CLOSE', 0);
INSERT INTO share_price (provider_query_id, isin, symbol, price, timestamp, open_high_close_low, volume) VALUES (8, 'US0043971052', 'ARAY.OQ', '3.91', '2018-12-11', 'CLOSE', 0);
INSERT INTO share_price (provider_query_id, isin, symbol, price, timestamp, open_high_close_low, volume) VALUES (8, 'CA0019401052', 'ATA.TO', '15.9', '2018-12-11', 'CLOSE', 0);
INSERT INTO share_price (provider_query_id, isin, symbol, price, timestamp, open_high_close_low, volume) VALUES (8, 'US0080731088', 'AVAV.OQ', '72.57', '2018-12-11', 'CLOSE', 0);
INSERT INTO share_price (provider_query_id, isin, symbol, price, timestamp, open_high_close_low, volume) VALUES (8, 'US1143401024', 'BRKS.OQ', '27.21', '2018-12-11', 'CLOSE', 0);
INSERT INTO share_price (provider_query_id, isin, symbol, price, timestamp, open_high_close_low, volume) VALUES (8, 'US1273871087', 'CDNS.OQ', '43.83', '2018-12-11', 'CLOSE', 0);
INSERT INTO share_price (provider_query_id, isin, symbol, price, timestamp, open_high_close_low, volume) VALUES (8, 'FI0009013429', 'CGCBV.HE', '30.3', '2018-12-11', 'CLOSE', 0);
INSERT INTO share_price (provider_query_id, isin, symbol, price, timestamp, open_high_close_low, volume) VALUES (8, 'US1924221039', 'CGNX.OQ', '40.73', '2018-12-11', 'CLOSE', 0);
INSERT INTO share_price (provider_query_id, isin, symbol, price, timestamp, open_high_close_low, volume) VALUES (8, 'FR0000130650', 'DAST.PA', '108.6', '2018-12-11', 'CLOSE', 0);
INSERT INTO share_price (provider_query_id, isin, symbol, price, timestamp, open_high_close_low, volume) VALUES (8, 'US88554D2053', 'DDD.N', '11.4', '2018-12-11', 'CLOSE', 0);
INSERT INTO share_price (provider_query_id, isin, symbol, price, timestamp, open_high_close_low, volume) VALUES (8, 'US2441991054', 'DE.N', '147', '2018-12-11', 'CLOSE', 0);
INSERT INTO share_price (provider_query_id, isin, symbol, price, timestamp, open_high_close_low, volume) VALUES (8, 'DE0005565204', 'DUEG.DE', '30.3', '2018-12-11', 'CLOSE', 0);
INSERT INTO share_price (provider_query_id, isin, symbol, price, timestamp, open_high_close_low, volume) VALUES (8, 'SE0000163628', 'EKTAb.ST', '112.9', '2018-12-11', 'CLOSE', 0);
INSERT INTO share_price (provider_query_id, isin, symbol, price, timestamp, open_high_close_low, volume) VALUES (8, 'US3116421021', 'FARO.OQ', '43.68', '2018-12-11', 'CLOSE', 0);
INSERT INTO share_price (provider_query_id, isin, symbol, price, timestamp, open_high_close_low, volume) VALUES (8, 'US3024451011', 'FLIR.OQ', '44.08', '2018-12-11', 'CLOSE', 0);
INSERT INTO share_price (provider_query_id, isin, symbol, price, timestamp, open_high_close_low, volume) VALUES (8, 'DE0006602006', 'G1AG.DE', '22.45', '2018-12-11', 'CLOSE', 0);
INSERT INTO share_price (provider_query_id, isin, symbol, price, timestamp, open_high_close_low, volume) VALUES (8, 'SE0000103699', 'HEXAb.ST', '422', '2018-12-11', 'CLOSE', 0);
INSERT INTO share_price (provider_query_id, isin, symbol, price, timestamp, open_high_close_low, volume) VALUES (8, 'US42330P1075', 'HLX.N', '6.82', '2018-12-11', 'CLOSE', 0);
INSERT INTO share_price (provider_query_id, isin, symbol, price, timestamp, open_high_close_low, volume) VALUES (8, 'VGG456671053', 'HOLI.OQ', '19.01', '2018-12-11', 'CLOSE', 0);
INSERT INTO share_price (provider_query_id, isin, symbol, price, timestamp, open_high_close_low, volume) VALUES (8, 'US4523271090', 'ILMN.OQ', '328.9', '2018-12-11', 'CLOSE', 0);
INSERT INTO share_price (provider_query_id, isin, symbol, price, timestamp, open_high_close_low, volume) VALUES (8, 'US44980X1090', 'IPGP.OQ', '121.71', '2018-12-11', 'CLOSE', 0);
INSERT INTO share_price (provider_query_id, isin, symbol, price, timestamp, open_high_close_low, volume) VALUES (8, 'US4627261005', 'IRBT.OQ', '88.52', '2018-12-11', 'CLOSE', 0);
INSERT INTO share_price (provider_query_id, isin, symbol, price, timestamp, open_high_close_low, volume) VALUES (8, 'DE0005488100', 'ISRG.DE', '30.5', '2018-12-11', 'CLOSE', 0);
INSERT INTO share_price (provider_query_id, isin, symbol, price, timestamp, open_high_close_low, volume) VALUES (8, 'US46120E6023', 'ISRG.OQ', '508.06', '2018-12-11', 'CLOSE', 0);
INSERT INTO share_price (provider_query_id, isin, symbol, price, timestamp, open_high_close_low, volume) VALUES (8, 'US4778391049', 'JBT.N', '72.35', '2018-12-11', 'CLOSE', 0);
INSERT INTO share_price (provider_query_id, isin, symbol, price, timestamp, open_high_close_low, volume) VALUES (8, 'DE000A2NB601', 'JENGn.DE', '24.76', '2018-12-11', 'CLOSE', 0);
INSERT INTO share_price (provider_query_id, isin, symbol, price, timestamp, open_high_close_low, volume) VALUES (8, 'CH0100837282', 'KARN.S', '115', '2018-12-11', 'CLOSE', 0);
INSERT INTO share_price (provider_query_id, isin, symbol, price, timestamp, open_high_close_low, volume) VALUES (8, 'DE000KGX8881', 'KGX.DE', '46.77', '2018-12-11', 'CLOSE', 0);
INSERT INTO share_price (provider_query_id, isin, symbol, price, timestamp, open_high_close_low, volume) VALUES (8, 'DE0006335003', 'KRNG.DE', '74.5', '2018-12-11', 'CLOSE', 0);
INSERT INTO share_price (provider_query_id, isin, symbol, price, timestamp, open_high_close_low, volume) VALUES (8, 'US5339001068', 'LECO.OQ', '80.47', '2018-12-11', 'CLOSE', 0);
INSERT INTO share_price (provider_query_id, isin, symbol, price, timestamp, open_high_close_low, volume) VALUES (8, 'US5627501092', 'MANH.OQ', '46.17', '2018-12-11', 'CLOSE', 0);
INSERT INTO share_price (provider_query_id, isin, symbol, price, timestamp, open_high_close_low, volume) VALUES (8, 'CA57778L1031', 'MAXR.TO', '16.94', '2018-12-11', 'CLOSE', 0);
INSERT INTO share_price (provider_query_id, isin, symbol, price, timestamp, open_high_close_low, volume) VALUES (8, 'US5950171042', 'MCHP.OQ', '72.2', '2018-12-11', 'CLOSE', 0);
INSERT INTO share_price (provider_query_id, isin, symbol, price, timestamp, open_high_close_low, volume) VALUES (8, 'IL0011068553', 'MZOR.TA', '109', '2018-12-11', 'CLOSE', 0);
INSERT INTO share_price (provider_query_id, isin, symbol, price, timestamp, open_high_close_low, volume) VALUES (8, 'US6365181022', 'NATI.OQ', '47.35', '2018-12-11', 'CLOSE', 0);
INSERT INTO share_price (provider_query_id, isin, symbol, price, timestamp, open_high_close_low, volume) VALUES (8, 'US6556631025', 'NDSN.OQ', '110.68', '2018-12-11', 'CLOSE', 0);
INSERT INTO share_price (provider_query_id, isin, symbol, price, timestamp, open_high_close_low, volume) VALUES (8, 'CA67000B1040', 'NOVT.OQ', '60.83', '2018-12-11', 'CLOSE', 0);
INSERT INTO share_price (provider_query_id, isin, symbol, price, timestamp, open_high_close_low, volume) VALUES (8, 'US67020Y1001', 'NUAN.OQ', '14.96', '2018-12-11', 'CLOSE', 0);
INSERT INTO share_price (provider_query_id, isin, symbol, price, timestamp, open_high_close_low, volume) VALUES (8, 'US67066G1040', 'NVDA.OQ', '148.19', '2018-12-11', 'CLOSE', 0);
INSERT INTO share_price (provider_query_id, isin, symbol, price, timestamp, open_high_close_low, volume) VALUES (8, 'GB00B3MBS747', 'OCDO.L', '7.96', '2018-12-11', 'CLOSE', 0);
INSERT INTO share_price (provider_query_id, isin, symbol, price, timestamp, open_high_close_low, volume) VALUES (8, 'US6752321025', 'OII.N', '14.65', '2018-12-11', 'CLOSE', 0);
INSERT INTO share_price (provider_query_id, isin, symbol, price, timestamp, open_high_close_low, volume) VALUES (8, 'US69370C1009', 'PTC.OQ', '85.68', '2018-12-11', 'CLOSE', 0);
INSERT INTO share_price (provider_query_id, isin, symbol, price, timestamp, open_high_close_low, volume) VALUES (8, 'US7475251036', 'QCOM.OQ', '57.35', '2018-12-11', 'CLOSE', 0);
INSERT INTO share_price (provider_query_id, isin, symbol, price, timestamp, open_high_close_low, volume) VALUES (8, 'NL0012169213', 'QGEN.N', '35.04', '2018-12-11', 'CLOSE', 0);
INSERT INTO share_price (provider_query_id, isin, symbol, price, timestamp, open_high_close_low, volume) VALUES (8, 'US7542121089', 'RAVN.OQ', '37.12', '2018-12-11', 'CLOSE', 0);
INSERT INTO share_price (provider_query_id, isin, symbol, price, timestamp, open_high_close_low, volume) VALUES (8, 'US7739031091', 'ROK.N', '157.95', '2018-12-11', 'CLOSE', 0);
INSERT INTO share_price (provider_query_id, isin, symbol, price, timestamp, open_high_close_low, volume) VALUES (8, 'GB0007323586', 'RSW.L', '39.6', '2018-12-11', 'CLOSE', 0);
INSERT INTO share_price (provider_query_id, isin, symbol, price, timestamp, open_high_close_low, volume) VALUES (8, 'FR0000121972', 'SCHN.PA', '61.74', '2018-12-11', 'CLOSE', 0);
INSERT INTO share_price (provider_query_id, isin, symbol, price, timestamp, open_high_close_low, volume) VALUES (8, 'DE0007236101', 'SIEGn.DE', '97.9', '2018-12-11', 'CLOSE', 0);
INSERT INTO share_price (provider_query_id, isin, symbol, price, timestamp, open_high_close_low, volume) VALUES (8, 'IL0011267213', 'SSYS.OQ', '20.3', '2018-12-11', 'CLOSE', 0);
INSERT INTO share_price (provider_query_id, isin, symbol, price, timestamp, open_high_close_low, volume) VALUES (8, 'US8793601050', 'TDY.N', '201.21', '2018-12-11', 'CLOSE', 0);
INSERT INTO share_price (provider_query_id, isin, symbol, price, timestamp, open_high_close_low, volume) VALUES (8, 'CH0012100191', 'TECN.S', '189.1', '2018-12-11', 'CLOSE', 0);
INSERT INTO share_price (provider_query_id, isin, symbol, price, timestamp, open_high_close_low, volume) VALUES (8, 'US8807701029', 'TER.OQ', '32.96', '2018-12-11', 'CLOSE', 0);
INSERT INTO share_price (provider_query_id, isin, symbol, price, timestamp, open_high_close_low, volume) VALUES (8, 'US8962391004', 'TRMB.OQ', '35.11', '2018-12-11', 'CLOSE', 0);
INSERT INTO share_price (provider_query_id, isin, symbol, price, timestamp, open_high_close_low, volume) VALUES (8, 'CH0033361673', 'UBXN.S', '86.45', '2018-12-11', 'CLOSE', 0);
INSERT INTO share_price (provider_query_id, isin, symbol, price, timestamp, open_high_close_low, volume) VALUES (8, 'US92220P1057', 'VAR.N', '119.15', '2018-12-11', 'CLOSE', 0);
INSERT INTO share_price (provider_query_id, isin, symbol, price, timestamp, open_high_close_low, volume) VALUES (8, 'US9839191015', 'XLNX.OQ', '88.13', '2018-12-11', 'CLOSE', 0);
INSERT INTO share_price (provider_query_id, isin, symbol, price, timestamp, open_high_close_low, volume) VALUES (8, 'US9892071054', 'ZBRA.OQ', '169.97', '2018-12-11', 'CLOSE', 0);

INSERT INTO share_price (provider_query_id, isin, symbol, price, timestamp, open_high_close_low, volume) VALUES (8, 'KR7098460009', '098460.KQ', '84500', '2018-12-12', 'CLOSE', 0);
INSERT INTO share_price (provider_query_id, isin, symbol, price, timestamp, open_high_close_low, volume) VALUES (8, 'KYG014081064', '1590.TW', '330.5', '2018-12-12', 'CLOSE', 0);
INSERT INTO share_price (provider_query_id, isin, symbol, price, timestamp, open_high_close_low, volume) VALUES (8, 'TW0002049004', '2049.TW', '242', '2018-12-12', 'CLOSE', 0);
INSERT INTO share_price (provider_query_id, isin, symbol, price, timestamp, open_high_close_low, volume) VALUES (8, 'TW0002308004', '2308.TW', '128.5', '2018-12-12', 'CLOSE', 0);
INSERT INTO share_price (provider_query_id, isin, symbol, price, timestamp, open_high_close_low, volume) VALUES (8, 'TW0002395001', '2395.TW', '225.5', '2018-12-12', 'CLOSE', 0);
INSERT INTO share_price (provider_query_id, isin, symbol, price, timestamp, open_high_close_low, volume) VALUES (8, 'TW0003443008', '3443.TW', '201.5', '2018-12-12', 'CLOSE', 0);
INSERT INTO share_price (provider_query_id, isin, symbol, price, timestamp, open_high_close_low, volume) VALUES (8, 'JP3592600005', '6104.T', '1922', '2018-12-12', 'CLOSE', 0);
INSERT INTO share_price (provider_query_id, isin, symbol, price, timestamp, open_high_close_low, volume) VALUES (8, 'JP3102400003', '6118.T', '824', '2018-12-12', 'CLOSE', 0);
INSERT INTO share_price (provider_query_id, isin, symbol, price, timestamp, open_high_close_low, volume) VALUES (8, 'JP3809200003', '6134.T', '1336', '2018-12-12', 'CLOSE', 0);
INSERT INTO share_price (provider_query_id, isin, symbol, price, timestamp, open_high_close_low, volume) VALUES (8, 'JP3651210001', '6268.T', '2650', '2018-12-12', 'CLOSE', 0);
INSERT INTO share_price (provider_query_id, isin, symbol, price, timestamp, open_high_close_low, volume) VALUES (8, 'JP3162600005', '6273.T', '35270', '2018-12-12', 'CLOSE', 0);
INSERT INTO share_price (provider_query_id, isin, symbol, price, timestamp, open_high_close_low, volume) VALUES (8, 'JP3765150002', '6324.T', '3570', '2018-12-12', 'CLOSE', 0);
INSERT INTO share_price (provider_query_id, isin, symbol, price, timestamp, open_high_close_low, volume) VALUES (8, 'JP3497400006', '6383.T', '5680', '2018-12-12', 'CLOSE', 0);
INSERT INTO share_price (provider_query_id, isin, symbol, price, timestamp, open_high_close_low, volume) VALUES (8, 'JP3124400007', '6436.T', '2386', '2018-12-12', 'CLOSE', 0);
INSERT INTO share_price (provider_query_id, isin, symbol, price, timestamp, open_high_close_low, volume) VALUES (8, 'JP3813200007', '6474.T', '4340', '2018-12-12', 'CLOSE', 0);
INSERT INTO share_price (provider_query_id, isin, symbol, price, timestamp, open_high_close_low, volume) VALUES (8, 'JP3539250005', '6481.T', '2373', '2018-12-12', 'CLOSE', 0);
INSERT INTO share_price (provider_query_id, isin, symbol, price, timestamp, open_high_close_low, volume) VALUES (8, 'JP3944500002', '6482.T', '1041', '2018-12-12', 'CLOSE', 0);
INSERT INTO share_price (provider_query_id, isin, symbol, price, timestamp, open_high_close_low, volume) VALUES (8, 'JP3902400005', '6503.T', '1338.5', '2018-12-12', 'CLOSE', 0);
INSERT INTO share_price (provider_query_id, isin, symbol, price, timestamp, open_high_close_low, volume) VALUES (8, 'JP3932000007', '6506.T', '3120', '2018-12-12', 'CLOSE', 0);
INSERT INTO share_price (provider_query_id, isin, symbol, price, timestamp, open_high_close_low, volume) VALUES (8, 'JP3497800007', '6622.T', '2461', '2018-12-12', 'CLOSE', 0);
INSERT INTO share_price (provider_query_id, isin, symbol, price, timestamp, open_high_close_low, volume) VALUES (8, 'JP3197800000', '6645.T', '4390', '2018-12-12', 'CLOSE', 0);
INSERT INTO share_price (provider_query_id, isin, symbol, price, timestamp, open_high_close_low, volume) VALUES (8, 'JP3955000009', '6841.T', '2071', '2018-12-12', 'CLOSE', 0);
INSERT INTO share_price (provider_query_id, isin, symbol, price, timestamp, open_high_close_low, volume) VALUES (8, 'JP3236200006', '6861.T', '58450', '2018-12-12', 'CLOSE', 0);
INSERT INTO share_price (provider_query_id, isin, symbol, price, timestamp, open_high_close_low, volume) VALUES (8, 'JP3197700002', '6914.T', '2035', '2018-12-12', 'CLOSE', 0);
INSERT INTO share_price (provider_query_id, isin, symbol, price, timestamp, open_high_close_low, volume) VALUES (8, 'JP3802400006', '6954.T', '17225', '2018-12-12', 'CLOSE', 0);
INSERT INTO share_price (provider_query_id, isin, symbol, price, timestamp, open_high_close_low, volume) VALUES (8, 'JP3630400004', '7732.T', '1699', '2018-12-12', 'CLOSE', 0);
INSERT INTO share_price (provider_query_id, isin, symbol, price, timestamp, open_high_close_low, volume) VALUES (8, 'CH0012221716', 'ABBN.S', '19.75', '2018-12-12', 'CLOSE', 0);
INSERT INTO share_price (provider_query_id, isin, symbol, price, timestamp, open_high_close_low, volume) VALUES (8, 'US0527691069', 'ADSK.OQ', '137.79', '2018-12-12', 'CLOSE', 0);
INSERT INTO share_price (provider_query_id, isin, symbol, price, timestamp, open_high_close_low, volume) VALUES (8, 'DE000A111338', 'AM3D.DE', '11.14', '2018-12-12', 'CLOSE', 0);
INSERT INTO share_price (provider_query_id, isin, symbol, price, timestamp, open_high_close_low, volume) VALUES (8, 'KYG037AX1015', 'AMBA.OQ', '39.02', '2018-12-12', 'CLOSE', 0);
INSERT INTO share_price (provider_query_id, isin, symbol, price, timestamp, open_high_close_low, volume) VALUES (8, 'JE00B783TY65', 'APTV.N', '67.37', '2018-12-12', 'CLOSE', 0);
INSERT INTO share_price (provider_query_id, isin, symbol, price, timestamp, open_high_close_low, volume) VALUES (8, 'US0043971052', 'ARAY.OQ', '3.88', '2018-12-12', 'CLOSE', 0);
INSERT INTO share_price (provider_query_id, isin, symbol, price, timestamp, open_high_close_low, volume) VALUES (8, 'CA0019401052', 'ATA.TO', '16.24', '2018-12-12', 'CLOSE', 0);
INSERT INTO share_price (provider_query_id, isin, symbol, price, timestamp, open_high_close_low, volume) VALUES (8, 'US0080731088', 'AVAV.OQ', '73.79', '2018-12-12', 'CLOSE', 0);
INSERT INTO share_price (provider_query_id, isin, symbol, price, timestamp, open_high_close_low, volume) VALUES (8, 'US1143401024', 'BRKS.OQ', '27.54', '2018-12-12', 'CLOSE', 0);
INSERT INTO share_price (provider_query_id, isin, symbol, price, timestamp, open_high_close_low, volume) VALUES (8, 'US1273871087', 'CDNS.OQ', '44.39', '2018-12-12', 'CLOSE', 0);
INSERT INTO share_price (provider_query_id, isin, symbol, price, timestamp, open_high_close_low, volume) VALUES (8, 'FI0009013429', 'CGCBV.HE', '31.64', '2018-12-12', 'CLOSE', 0);
INSERT INTO share_price (provider_query_id, isin, symbol, price, timestamp, open_high_close_low, volume) VALUES (8, 'US1924221039', 'CGNX.OQ', '41.85', '2018-12-12', 'CLOSE', 0);
INSERT INTO share_price (provider_query_id, isin, symbol, price, timestamp, open_high_close_low, volume) VALUES (8, 'FR0000130650', 'DAST.PA', '111.1', '2018-12-12', 'CLOSE', 0);
INSERT INTO share_price (provider_query_id, isin, symbol, price, timestamp, open_high_close_low, volume) VALUES (8, 'US88554D2053', 'DDD.N', '11.57', '2018-12-12', 'CLOSE', 0);
INSERT INTO share_price (provider_query_id, isin, symbol, price, timestamp, open_high_close_low, volume) VALUES (8, 'US2441991054', 'DE.N', '148.14', '2018-12-12', 'CLOSE', 0);
INSERT INTO share_price (provider_query_id, isin, symbol, price, timestamp, open_high_close_low, volume) VALUES (8, 'DE0005565204', 'DUEG.DE', '32.12', '2018-12-12', 'CLOSE', 0);
INSERT INTO share_price (provider_query_id, isin, symbol, price, timestamp, open_high_close_low, volume) VALUES (8, 'SE0000163628', 'EKTAb.ST', '116.5', '2018-12-12', 'CLOSE', 0);
INSERT INTO share_price (provider_query_id, isin, symbol, price, timestamp, open_high_close_low, volume) VALUES (8, 'US3116421021', 'FARO.OQ', '44.98', '2018-12-12', 'CLOSE', 0);
INSERT INTO share_price (provider_query_id, isin, symbol, price, timestamp, open_high_close_low, volume) VALUES (8, 'US3024451011', 'FLIR.OQ', '44.21', '2018-12-12', 'CLOSE', 0);
INSERT INTO share_price (provider_query_id, isin, symbol, price, timestamp, open_high_close_low, volume) VALUES (8, 'DE0006602006', 'G1AG.DE', '22.75', '2018-12-12', 'CLOSE', 0);
INSERT INTO share_price (provider_query_id, isin, symbol, price, timestamp, open_high_close_low, volume) VALUES (8, 'SE0000103699', 'HEXAb.ST', '430', '2018-12-12', 'CLOSE', 0);
INSERT INTO share_price (provider_query_id, isin, symbol, price, timestamp, open_high_close_low, volume) VALUES (8, 'US42330P1075', 'HLX.N', '7.09', '2018-12-12', 'CLOSE', 0);
INSERT INTO share_price (provider_query_id, isin, symbol, price, timestamp, open_high_close_low, volume) VALUES (8, 'VGG456671053', 'HOLI.OQ', '19.25', '2018-12-12', 'CLOSE', 0);
INSERT INTO share_price (provider_query_id, isin, symbol, price, timestamp, open_high_close_low, volume) VALUES (8, 'US4523271090', 'ILMN.OQ', '336.92', '2018-12-12', 'CLOSE', 0);
INSERT INTO share_price (provider_query_id, isin, symbol, price, timestamp, open_high_close_low, volume) VALUES (8, 'US44980X1090', 'IPGP.OQ', '122.3', '2018-12-12', 'CLOSE', 0);
INSERT INTO share_price (provider_query_id, isin, symbol, price, timestamp, open_high_close_low, volume) VALUES (8, 'US4627261005', 'IRBT.OQ', '91.44', '2018-12-12', 'CLOSE', 0);
INSERT INTO share_price (provider_query_id, isin, symbol, price, timestamp, open_high_close_low, volume) VALUES (8, 'DE0005488100', 'ISRG.DE', '30.6', '2018-12-12', 'CLOSE', 0);
INSERT INTO share_price (provider_query_id, isin, symbol, price, timestamp, open_high_close_low, volume) VALUES (8, 'US46120E6023', 'ISRG.OQ', '515.63', '2018-12-12', 'CLOSE', 0);
INSERT INTO share_price (provider_query_id, isin, symbol, price, timestamp, open_high_close_low, volume) VALUES (8, 'US4778391049', 'JBT.N', '73.42', '2018-12-12', 'CLOSE', 0);
INSERT INTO share_price (provider_query_id, isin, symbol, price, timestamp, open_high_close_low, volume) VALUES (8, 'DE000A2NB601', 'JENGn.DE', '25.3', '2018-12-12', 'CLOSE', 0);
INSERT INTO share_price (provider_query_id, isin, symbol, price, timestamp, open_high_close_low, volume) VALUES (8, 'CH0100837282', 'KARN.S', '117', '2018-12-12', 'CLOSE', 0);
INSERT INTO share_price (provider_query_id, isin, symbol, price, timestamp, open_high_close_low, volume) VALUES (8, 'DE000KGX8881', 'KGX.DE', '47.81', '2018-12-12', 'CLOSE', 0);
INSERT INTO share_price (provider_query_id, isin, symbol, price, timestamp, open_high_close_low, volume) VALUES (8, 'DE0006335003', 'KRNG.DE', '74.1', '2018-12-12', 'CLOSE', 0);
INSERT INTO share_price (provider_query_id, isin, symbol, price, timestamp, open_high_close_low, volume) VALUES (8, 'US5339001068', 'LECO.OQ', '81.72', '2018-12-12', 'CLOSE', 0);
INSERT INTO share_price (provider_query_id, isin, symbol, price, timestamp, open_high_close_low, volume) VALUES (8, 'US5627501092', 'MANH.OQ', '46.75', '2018-12-12', 'CLOSE', 0);
INSERT INTO share_price (provider_query_id, isin, symbol, price, timestamp, open_high_close_low, volume) VALUES (8, 'CA57778L1031', 'MAXR.TO', '18.23', '2018-12-12', 'CLOSE', 0);
INSERT INTO share_price (provider_query_id, isin, symbol, price, timestamp, open_high_close_low, volume) VALUES (8, 'US5950171042', 'MCHP.OQ', '73.58', '2018-12-12', 'CLOSE', 0);
INSERT INTO share_price (provider_query_id, isin, symbol, price, timestamp, open_high_close_low, volume) VALUES (8, 'IL0011068553', 'MZOR.TA', '109.2', '2018-12-12', 'CLOSE', 0);
INSERT INTO share_price (provider_query_id, isin, symbol, price, timestamp, open_high_close_low, volume) VALUES (8, 'US6365181022', 'NATI.OQ', '46.99', '2018-12-12', 'CLOSE', 0);
INSERT INTO share_price (provider_query_id, isin, symbol, price, timestamp, open_high_close_low, volume) VALUES (8, 'US6556631025', 'NDSN.OQ', '112.07', '2018-12-12', 'CLOSE', 0);
INSERT INTO share_price (provider_query_id, isin, symbol, price, timestamp, open_high_close_low, volume) VALUES (8, 'CA67000B1040', 'NOVT.OQ', '61.97', '2018-12-12', 'CLOSE', 0);
INSERT INTO share_price (provider_query_id, isin, symbol, price, timestamp, open_high_close_low, volume) VALUES (8, 'US67020Y1001', 'NUAN.OQ', '15.22', '2018-12-12', 'CLOSE', 0);
INSERT INTO share_price (provider_query_id, isin, symbol, price, timestamp, open_high_close_low, volume) VALUES (8, 'US67066G1040', 'NVDA.OQ', '148.9', '2018-12-12', 'CLOSE', 0);
INSERT INTO share_price (provider_query_id, isin, symbol, price, timestamp, open_high_close_low, volume) VALUES (8, 'GB00B3MBS747', 'OCDO.L', '7.936', '2018-12-12', 'CLOSE', 0);
INSERT INTO share_price (provider_query_id, isin, symbol, price, timestamp, open_high_close_low, volume) VALUES (8, 'US6752321025', 'OII.N', '15.22', '2018-12-12', 'CLOSE', 0);
INSERT INTO share_price (provider_query_id, isin, symbol, price, timestamp, open_high_close_low, volume) VALUES (8, 'US69370C1009', 'PTC.OQ', '86.95', '2018-12-12', 'CLOSE', 0);
INSERT INTO share_price (provider_query_id, isin, symbol, price, timestamp, open_high_close_low, volume) VALUES (8, 'US7475251036', 'QCOM.OQ', '57.72', '2018-12-12', 'CLOSE', 0);
INSERT INTO share_price (provider_query_id, isin, symbol, price, timestamp, open_high_close_low, volume) VALUES (8, 'NL0012169213', 'QGEN.N', '35.06', '2018-12-12', 'CLOSE', 0);
INSERT INTO share_price (provider_query_id, isin, symbol, price, timestamp, open_high_close_low, volume) VALUES (8, 'US7542121089', 'RAVN.OQ', '38.23', '2018-12-12', 'CLOSE', 0);
INSERT INTO share_price (provider_query_id, isin, symbol, price, timestamp, open_high_close_low, volume) VALUES (8, 'US7739031091', 'ROK.N', '159.14', '2018-12-12', 'CLOSE', 0);
INSERT INTO share_price (provider_query_id, isin, symbol, price, timestamp, open_high_close_low, volume) VALUES (8, 'GB0007323586', 'RSW.L', '39.5', '2018-12-12', 'CLOSE', 0);
INSERT INTO share_price (provider_query_id, isin, symbol, price, timestamp, open_high_close_low, volume) VALUES (8, 'FR0000121972', 'SCHN.PA', '63.18', '2018-12-12', 'CLOSE', 0);
INSERT INTO share_price (provider_query_id, isin, symbol, price, timestamp, open_high_close_low, volume) VALUES (8, 'DE0007236101', 'SIEGn.DE', '99.51', '2018-12-12', 'CLOSE', 0);
INSERT INTO share_price (provider_query_id, isin, symbol, price, timestamp, open_high_close_low, volume) VALUES (8, 'IL0011267213', 'SSYS.OQ', '20.7', '2018-12-12', 'CLOSE', 0);
INSERT INTO share_price (provider_query_id, isin, symbol, price, timestamp, open_high_close_low, volume) VALUES (8, 'US8793601050', 'TDY.N', '205.99', '2018-12-12', 'CLOSE', 0);
INSERT INTO share_price (provider_query_id, isin, symbol, price, timestamp, open_high_close_low, volume) VALUES (8, 'CH0012100191', 'TECN.S', '192.8', '2018-12-12', 'CLOSE', 0);
INSERT INTO share_price (provider_query_id, isin, symbol, price, timestamp, open_high_close_low, volume) VALUES (8, 'US8807701029', 'TER.OQ', '33.36', '2018-12-12', 'CLOSE', 0);
INSERT INTO share_price (provider_query_id, isin, symbol, price, timestamp, open_high_close_low, volume) VALUES (8, 'US8962391004', 'TRMB.OQ', '35.24', '2018-12-12', 'CLOSE', 0);
INSERT INTO share_price (provider_query_id, isin, symbol, price, timestamp, open_high_close_low, volume) VALUES (8, 'CH0033361673', 'UBXN.S', '83.7', '2018-12-12', 'CLOSE', 0);
INSERT INTO share_price (provider_query_id, isin, symbol, price, timestamp, open_high_close_low, volume) VALUES (8, 'US92220P1057', 'VAR.N', '120.86', '2018-12-12', 'CLOSE', 0);
INSERT INTO share_price (provider_query_id, isin, symbol, price, timestamp, open_high_close_low, volume) VALUES (8, 'US9839191015', 'XLNX.OQ', '90.54', '2018-12-12', 'CLOSE', 0);
INSERT INTO share_price (provider_query_id, isin, symbol, price, timestamp, open_high_close_low, volume) VALUES (8, 'US9892071054', 'ZBRA.OQ', '173.51', '2018-12-12', 'CLOSE', 0);

INSERT INTO share_price (provider_query_id, isin, symbol, price, timestamp, open_high_close_low, volume) VALUES (8, 'KR7098460009', '098460.KQ', '85100', '2018-12-13', 'CLOSE', 0);
INSERT INTO share_price (provider_query_id, isin, symbol, price, timestamp, open_high_close_low, volume) VALUES (8, 'KYG014081064', '1590.TW', '353', '2018-12-13', 'CLOSE', 0);
INSERT INTO share_price (provider_query_id, isin, symbol, price, timestamp, open_high_close_low, volume) VALUES (8, 'TW0002049004', '2049.TW', '242', '2018-12-13', 'CLOSE', 0);
INSERT INTO share_price (provider_query_id, isin, symbol, price, timestamp, open_high_close_low, volume) VALUES (8, 'TW0002308004', '2308.TW', '131', '2018-12-13', 'CLOSE', 0);
INSERT INTO share_price (provider_query_id, isin, symbol, price, timestamp, open_high_close_low, volume) VALUES (8, 'TW0002395001', '2395.TW', '228', '2018-12-13', 'CLOSE', 0);
INSERT INTO share_price (provider_query_id, isin, symbol, price, timestamp, open_high_close_low, volume) VALUES (8, 'TW0003443008', '3443.TW', '203', '2018-12-13', 'CLOSE', 0);
INSERT INTO share_price (provider_query_id, isin, symbol, price, timestamp, open_high_close_low, volume) VALUES (8, 'JP3592600005', '6104.T', '2007', '2018-12-13', 'CLOSE', 0);
INSERT INTO share_price (provider_query_id, isin, symbol, price, timestamp, open_high_close_low, volume) VALUES (8, 'JP3102400003', '6118.T', '840', '2018-12-13', 'CLOSE', 0);
INSERT INTO share_price (provider_query_id, isin, symbol, price, timestamp, open_high_close_low, volume) VALUES (8, 'JP3809200003', '6134.T', '1358', '2018-12-13', 'CLOSE', 0);
INSERT INTO share_price (provider_query_id, isin, symbol, price, timestamp, open_high_close_low, volume) VALUES (8, 'JP3651210001', '6268.T', '2667', '2018-12-13', 'CLOSE', 0);
INSERT INTO share_price (provider_query_id, isin, symbol, price, timestamp, open_high_close_low, volume) VALUES (8, 'JP3162600005', '6273.T', '35750', '2018-12-13', 'CLOSE', 0);
INSERT INTO share_price (provider_query_id, isin, symbol, price, timestamp, open_high_close_low, volume) VALUES (8, 'JP3765150002', '6324.T', '3525', '2018-12-13', 'CLOSE', 0);
INSERT INTO share_price (provider_query_id, isin, symbol, price, timestamp, open_high_close_low, volume) VALUES (8, 'JP3497400006', '6383.T', '5780', '2018-12-13', 'CLOSE', 0);
INSERT INTO share_price (provider_query_id, isin, symbol, price, timestamp, open_high_close_low, volume) VALUES (8, 'JP3124400007', '6436.T', '2392', '2018-12-13', 'CLOSE', 0);
INSERT INTO share_price (provider_query_id, isin, symbol, price, timestamp, open_high_close_low, volume) VALUES (8, 'JP3813200007', '6474.T', '4390', '2018-12-13', 'CLOSE', 0);
INSERT INTO share_price (provider_query_id, isin, symbol, price, timestamp, open_high_close_low, volume) VALUES (8, 'JP3539250005', '6481.T', '2416', '2018-12-13', 'CLOSE', 0);
INSERT INTO share_price (provider_query_id, isin, symbol, price, timestamp, open_high_close_low, volume) VALUES (8, 'JP3944500002', '6482.T', '1045', '2018-12-13', 'CLOSE', 0);
INSERT INTO share_price (provider_query_id, isin, symbol, price, timestamp, open_high_close_low, volume) VALUES (8, 'JP3902400005', '6503.T', '1329.5', '2018-12-13', 'CLOSE', 0);
INSERT INTO share_price (provider_query_id, isin, symbol, price, timestamp, open_high_close_low, volume) VALUES (8, 'JP3932000007', '6506.T', '3115', '2018-12-13', 'CLOSE', 0);
INSERT INTO share_price (provider_query_id, isin, symbol, price, timestamp, open_high_close_low, volume) VALUES (8, 'JP3497800007', '6622.T', '2525', '2018-12-13', 'CLOSE', 0);
INSERT INTO share_price (provider_query_id, isin, symbol, price, timestamp, open_high_close_low, volume) VALUES (8, 'JP3197800000', '6645.T', '4580', '2018-12-13', 'CLOSE', 0);
INSERT INTO share_price (provider_query_id, isin, symbol, price, timestamp, open_high_close_low, volume) VALUES (8, 'JP3955000009', '6841.T', '2124', '2018-12-13', 'CLOSE', 0);
INSERT INTO share_price (provider_query_id, isin, symbol, price, timestamp, open_high_close_low, volume) VALUES (8, 'JP3236200006', '6861.T', '57940', '2018-12-13', 'CLOSE', 0);
INSERT INTO share_price (provider_query_id, isin, symbol, price, timestamp, open_high_close_low, volume) VALUES (8, 'JP3197700002', '6914.T', '2071', '2018-12-13', 'CLOSE', 0);
INSERT INTO share_price (provider_query_id, isin, symbol, price, timestamp, open_high_close_low, volume) VALUES (8, 'JP3802400006', '6954.T', '17470', '2018-12-13', 'CLOSE', 0);
INSERT INTO share_price (provider_query_id, isin, symbol, price, timestamp, open_high_close_low, volume) VALUES (8, 'JP3630400004', '7732.T', '1729', '2018-12-13', 'CLOSE', 0);
INSERT INTO share_price (provider_query_id, isin, symbol, price, timestamp, open_high_close_low, volume) VALUES (8, 'CH0012221716', 'ABBN.S', '19.77', '2018-12-13', 'CLOSE', 0);
INSERT INTO share_price (provider_query_id, isin, symbol, price, timestamp, open_high_close_low, volume) VALUES (8, 'US0527691069', 'ADSK.OQ', '135.57', '2018-12-13', 'CLOSE', 0);
INSERT INTO share_price (provider_query_id, isin, symbol, price, timestamp, open_high_close_low, volume) VALUES (8, 'DE000A111338', 'AM3D.DE', '11.64', '2018-12-13', 'CLOSE', 0);
INSERT INTO share_price (provider_query_id, isin, symbol, price, timestamp, open_high_close_low, volume) VALUES (8, 'KYG037AX1015', 'AMBA.OQ', '38.08', '2018-12-13', 'CLOSE', 0);
INSERT INTO share_price (provider_query_id, isin, symbol, price, timestamp, open_high_close_low, volume) VALUES (8, 'JE00B783TY65', 'APTV.N', '66.69', '2018-12-13', 'CLOSE', 0);
INSERT INTO share_price (provider_query_id, isin, symbol, price, timestamp, open_high_close_low, volume) VALUES (8, 'US0043971052', 'ARAY.OQ', '3.79', '2018-12-13', 'CLOSE', 0);
INSERT INTO share_price (provider_query_id, isin, symbol, price, timestamp, open_high_close_low, volume) VALUES (8, 'CA0019401052', 'ATA.TO', '15.89', '2018-12-13', 'CLOSE', 0);
INSERT INTO share_price (provider_query_id, isin, symbol, price, timestamp, open_high_close_low, volume) VALUES (8, 'US0080731088', 'AVAV.OQ', '73.42', '2018-12-13', 'CLOSE', 0);
INSERT INTO share_price (provider_query_id, isin, symbol, price, timestamp, open_high_close_low, volume) VALUES (8, 'US1143401024', 'BRKS.OQ', '27.03', '2018-12-13', 'CLOSE', 0);
INSERT INTO share_price (provider_query_id, isin, symbol, price, timestamp, open_high_close_low, volume) VALUES (8, 'US1273871087', 'CDNS.OQ', '44.11', '2018-12-13', 'CLOSE', 0);
INSERT INTO share_price (provider_query_id, isin, symbol, price, timestamp, open_high_close_low, volume) VALUES (8, 'FI0009013429', 'CGCBV.HE', '31.06', '2018-12-13', 'CLOSE', 0);
INSERT INTO share_price (provider_query_id, isin, symbol, price, timestamp, open_high_close_low, volume) VALUES (8, 'US1924221039', 'CGNX.OQ', '39.77', '2018-12-13', 'CLOSE', 0);
INSERT INTO share_price (provider_query_id, isin, symbol, price, timestamp, open_high_close_low, volume) VALUES (8, 'FR0000130650', 'DAST.PA', '109.6', '2018-12-13', 'CLOSE', 0);
INSERT INTO share_price (provider_query_id, isin, symbol, price, timestamp, open_high_close_low, volume) VALUES (8, 'US88554D2053', 'DDD.N', '11.11', '2018-12-13', 'CLOSE', 0);
INSERT INTO share_price (provider_query_id, isin, symbol, price, timestamp, open_high_close_low, volume) VALUES (8, 'US2441991054', 'DE.N', '148.31', '2018-12-13', 'CLOSE', 0);
INSERT INTO share_price (provider_query_id, isin, symbol, price, timestamp, open_high_close_low, volume) VALUES (8, 'DE0005565204', 'DUEG.DE', '31.88', '2018-12-13', 'CLOSE', 0);
INSERT INTO share_price (provider_query_id, isin, symbol, price, timestamp, open_high_close_low, volume) VALUES (8, 'SE0000163628', 'EKTAb.ST', '114.75', '2018-12-13', 'CLOSE', 0);
INSERT INTO share_price (provider_query_id, isin, symbol, price, timestamp, open_high_close_low, volume) VALUES (8, 'US3116421021', 'FARO.OQ', '43.52', '2018-12-13', 'CLOSE', 0);
INSERT INTO share_price (provider_query_id, isin, symbol, price, timestamp, open_high_close_low, volume) VALUES (8, 'US3024451011', 'FLIR.OQ', '43.9', '2018-12-13', 'CLOSE', 0);
INSERT INTO share_price (provider_query_id, isin, symbol, price, timestamp, open_high_close_low, volume) VALUES (8, 'DE0006602006', 'G1AG.DE', '22.58', '2018-12-13', 'CLOSE', 0);
INSERT INTO share_price (provider_query_id, isin, symbol, price, timestamp, open_high_close_low, volume) VALUES (8, 'SE0000103699', 'HEXAb.ST', '425.8', '2018-12-13', 'CLOSE', 0);
INSERT INTO share_price (provider_query_id, isin, symbol, price, timestamp, open_high_close_low, volume) VALUES (8, 'US42330P1075', 'HLX.N', '6.64', '2018-12-13', 'CLOSE', 0);
INSERT INTO share_price (provider_query_id, isin, symbol, price, timestamp, open_high_close_low, volume) VALUES (8, 'VGG456671053', 'HOLI.OQ', '18.95', '2018-12-13', 'CLOSE', 0);
INSERT INTO share_price (provider_query_id, isin, symbol, price, timestamp, open_high_close_low, volume) VALUES (8, 'US4523271090', 'ILMN.OQ', '334.62', '2018-12-13', 'CLOSE', 0);
INSERT INTO share_price (provider_query_id, isin, symbol, price, timestamp, open_high_close_low, volume) VALUES (8, 'US44980X1090', 'IPGP.OQ', '120.2', '2018-12-13', 'CLOSE', 0);
INSERT INTO share_price (provider_query_id, isin, symbol, price, timestamp, open_high_close_low, volume) VALUES (8, 'US4627261005', 'IRBT.OQ', '87.69', '2018-12-13', 'CLOSE', 0);
INSERT INTO share_price (provider_query_id, isin, symbol, price, timestamp, open_high_close_low, volume) VALUES (8, 'DE0005488100', 'ISRG.DE', '30.2', '2018-12-13', 'CLOSE', 0);
INSERT INTO share_price (provider_query_id, isin, symbol, price, timestamp, open_high_close_low, volume) VALUES (8, 'US46120E6023', 'ISRG.OQ', '512.25', '2018-12-13', 'CLOSE', 0);
INSERT INTO share_price (provider_query_id, isin, symbol, price, timestamp, open_high_close_low, volume) VALUES (8, 'US4778391049', 'JBT.N', '71.96', '2018-12-13', 'CLOSE', 0);
INSERT INTO share_price (provider_query_id, isin, symbol, price, timestamp, open_high_close_low, volume) VALUES (8, 'DE000A2NB601', 'JENGn.DE', '25.28', '2018-12-13', 'CLOSE', 0);
INSERT INTO share_price (provider_query_id, isin, symbol, price, timestamp, open_high_close_low, volume) VALUES (8, 'CH0100837282', 'KARN.S', '116', '2018-12-13', 'CLOSE', 0);
INSERT INTO share_price (provider_query_id, isin, symbol, price, timestamp, open_high_close_low, volume) VALUES (8, 'DE000KGX8881', 'KGX.DE', '45.77', '2018-12-13', 'CLOSE', 0);
INSERT INTO share_price (provider_query_id, isin, symbol, price, timestamp, open_high_close_low, volume) VALUES (8, 'DE0006335003', 'KRNG.DE', '71.75', '2018-12-13', 'CLOSE', 0);
INSERT INTO share_price (provider_query_id, isin, symbol, price, timestamp, open_high_close_low, volume) VALUES (8, 'US5339001068', 'LECO.OQ', '81.03', '2018-12-13', 'CLOSE', 0);
INSERT INTO share_price (provider_query_id, isin, symbol, price, timestamp, open_high_close_low, volume) VALUES (8, 'US5627501092', 'MANH.OQ', '46.49', '2018-12-13', 'CLOSE', 0);
INSERT INTO share_price (provider_query_id, isin, symbol, price, timestamp, open_high_close_low, volume) VALUES (8, 'CA57778L1031', 'MAXR.TO', '17.2', '2018-12-13', 'CLOSE', 0);
INSERT INTO share_price (provider_query_id, isin, symbol, price, timestamp, open_high_close_low, volume) VALUES (8, 'US5950171042', 'MCHP.OQ', '72.43', '2018-12-13', 'CLOSE', 0);
INSERT INTO share_price (provider_query_id, isin, symbol, price, timestamp, open_high_close_low, volume) VALUES (8, 'IL0011068553', 'MZOR.TA', '109.5', '2018-12-13', 'CLOSE', 0);
INSERT INTO share_price (provider_query_id, isin, symbol, price, timestamp, open_high_close_low, volume) VALUES (8, 'US6365181022', 'NATI.OQ', '46.92', '2018-12-13', 'CLOSE', 0);
INSERT INTO share_price (provider_query_id, isin, symbol, price, timestamp, open_high_close_low, volume) VALUES (8, 'US6556631025', 'NDSN.OQ', '119.16', '2018-12-13', 'CLOSE', 0);
INSERT INTO share_price (provider_query_id, isin, symbol, price, timestamp, open_high_close_low, volume) VALUES (8, 'CA67000B1040', 'NOVT.OQ', '61.45', '2018-12-13', 'CLOSE', 0);
INSERT INTO share_price (provider_query_id, isin, symbol, price, timestamp, open_high_close_low, volume) VALUES (8, 'US67020Y1001', 'NUAN.OQ', '15.02', '2018-12-13', 'CLOSE', 0);
INSERT INTO share_price (provider_query_id, isin, symbol, price, timestamp, open_high_close_low, volume) VALUES (8, 'US67066G1040', 'NVDA.OQ', '148.89', '2018-12-13', 'CLOSE', 0);
INSERT INTO share_price (provider_query_id, isin, symbol, price, timestamp, open_high_close_low, volume) VALUES (8, 'GB00B3MBS747', 'OCDO.L', '8.044', '2018-12-13', 'CLOSE', 0);
INSERT INTO share_price (provider_query_id, isin, symbol, price, timestamp, open_high_close_low, volume) VALUES (8, 'US6752321025', 'OII.N', '14.58', '2018-12-13', 'CLOSE', 0);
INSERT INTO share_price (provider_query_id, isin, symbol, price, timestamp, open_high_close_low, volume) VALUES (8, 'US69370C1009', 'PTC.OQ', '86.78', '2018-12-13', 'CLOSE', 0);
INSERT INTO share_price (provider_query_id, isin, symbol, price, timestamp, open_high_close_low, volume) VALUES (8, 'US7475251036', 'QCOM.OQ', '58.09', '2018-12-13', 'CLOSE', 0);
INSERT INTO share_price (provider_query_id, isin, symbol, price, timestamp, open_high_close_low, volume) VALUES (8, 'NL0012169213', 'QGEN.N', '35.02', '2018-12-13', 'CLOSE', 0);
INSERT INTO share_price (provider_query_id, isin, symbol, price, timestamp, open_high_close_low, volume) VALUES (8, 'US7542121089', 'RAVN.OQ', '37.06', '2018-12-13', 'CLOSE', 0);
INSERT INTO share_price (provider_query_id, isin, symbol, price, timestamp, open_high_close_low, volume) VALUES (8, 'US7739031091', 'ROK.N', '157.2', '2018-12-13', 'CLOSE', 0);
INSERT INTO share_price (provider_query_id, isin, symbol, price, timestamp, open_high_close_low, volume) VALUES (8, 'GB0007323586', 'RSW.L', '39.18', '2018-12-13', 'CLOSE', 0);
INSERT INTO share_price (provider_query_id, isin, symbol, price, timestamp, open_high_close_low, volume) VALUES (8, 'FR0000121972', 'SCHN.PA', '62.84', '2018-12-13', 'CLOSE', 0);
INSERT INTO share_price (provider_query_id, isin, symbol, price, timestamp, open_high_close_low, volume) VALUES (8, 'DE0007236101', 'SIEGn.DE', '100.44', '2018-12-13', 'CLOSE', 0);
INSERT INTO share_price (provider_query_id, isin, symbol, price, timestamp, open_high_close_low, volume) VALUES (8, 'IL0011267213', 'SSYS.OQ', '20.12', '2018-12-13', 'CLOSE', 0);
INSERT INTO share_price (provider_query_id, isin, symbol, price, timestamp, open_high_close_low, volume) VALUES (8, 'US8793601050', 'TDY.N', '204.1', '2018-12-13', 'CLOSE', 0);
INSERT INTO share_price (provider_query_id, isin, symbol, price, timestamp, open_high_close_low, volume) VALUES (8, 'CH0012100191', 'TECN.S', '194.5', '2018-12-13', 'CLOSE', 0);
INSERT INTO share_price (provider_query_id, isin, symbol, price, timestamp, open_high_close_low, volume) VALUES (8, 'US8807701029', 'TER.OQ', '33', '2018-12-13', 'CLOSE', 0);
INSERT INTO share_price (provider_query_id, isin, symbol, price, timestamp, open_high_close_low, volume) VALUES (8, 'US8962391004', 'TRMB.OQ', '34.91', '2018-12-13', 'CLOSE', 0);
INSERT INTO share_price (provider_query_id, isin, symbol, price, timestamp, open_high_close_low, volume) VALUES (8, 'CH0033361673', 'UBXN.S', '82.35', '2018-12-13', 'CLOSE', 0);
INSERT INTO share_price (provider_query_id, isin, symbol, price, timestamp, open_high_close_low, volume) VALUES (8, 'US92220P1057', 'VAR.N', '121.48', '2018-12-13', 'CLOSE', 0);
INSERT INTO share_price (provider_query_id, isin, symbol, price, timestamp, open_high_close_low, volume) VALUES (8, 'US9839191015', 'XLNX.OQ', '89.13', '2018-12-13', 'CLOSE', 0);
INSERT INTO share_price (provider_query_id, isin, symbol, price, timestamp, open_high_close_low, volume) VALUES (8, 'US9892071054', 'ZBRA.OQ', '172.79', '2018-12-13', 'CLOSE', 0);

INSERT INTO share_price (provider_query_id, isin, symbol, price, timestamp, open_high_close_low, volume) VALUES (8, 'KR7098460009', '098460.KQ', '83800', '2018-12-14', 'CLOSE', 0);
INSERT INTO share_price (provider_query_id, isin, symbol, price, timestamp, open_high_close_low, volume) VALUES (8, 'KYG014081064', '1590.TW', '349', '2018-12-14', 'CLOSE', 0);
INSERT INTO share_price (provider_query_id, isin, symbol, price, timestamp, open_high_close_low, volume) VALUES (8, 'TW0002049004', '2049.TW', '236.5', '2018-12-14', 'CLOSE', 0);
INSERT INTO share_price (provider_query_id, isin, symbol, price, timestamp, open_high_close_low, volume) VALUES (8, 'TW0002308004', '2308.TW', '131.5', '2018-12-14', 'CLOSE', 0);
INSERT INTO share_price (provider_query_id, isin, symbol, price, timestamp, open_high_close_low, volume) VALUES (8, 'TW0002395001', '2395.TW', '221', '2018-12-14', 'CLOSE', 0);
INSERT INTO share_price (provider_query_id, isin, symbol, price, timestamp, open_high_close_low, volume) VALUES (8, 'TW0003443008', '3443.TW', '204', '2018-12-14', 'CLOSE', 0);
INSERT INTO share_price (provider_query_id, isin, symbol, price, timestamp, open_high_close_low, volume) VALUES (8, 'JP3592600005', '6104.T', '1980', '2018-12-14', 'CLOSE', 0);
INSERT INTO share_price (provider_query_id, isin, symbol, price, timestamp, open_high_close_low, volume) VALUES (8, 'JP3102400003', '6118.T', '828', '2018-12-14', 'CLOSE', 0);
INSERT INTO share_price (provider_query_id, isin, symbol, price, timestamp, open_high_close_low, volume) VALUES (8, 'JP3809200003', '6134.T', '1314', '2018-12-14', 'CLOSE', 0);
INSERT INTO share_price (provider_query_id, isin, symbol, price, timestamp, open_high_close_low, volume) VALUES (8, 'JP3651210001', '6268.T', '2584', '2018-12-14', 'CLOSE', 0);
INSERT INTO share_price (provider_query_id, isin, symbol, price, timestamp, open_high_close_low, volume) VALUES (8, 'JP3162600005', '6273.T', '34840', '2018-12-14', 'CLOSE', 0);
INSERT INTO share_price (provider_query_id, isin, symbol, price, timestamp, open_high_close_low, volume) VALUES (8, 'JP3765150002', '6324.T', '3430', '2018-12-14', 'CLOSE', 0);
INSERT INTO share_price (provider_query_id, isin, symbol, price, timestamp, open_high_close_low, volume) VALUES (8, 'JP3497400006', '6383.T', '5580', '2018-12-14', 'CLOSE', 0);
INSERT INTO share_price (provider_query_id, isin, symbol, price, timestamp, open_high_close_low, volume) VALUES (8, 'JP3124400007', '6436.T', '2383', '2018-12-14', 'CLOSE', 0);
INSERT INTO share_price (provider_query_id, isin, symbol, price, timestamp, open_high_close_low, volume) VALUES (8, 'JP3813200007', '6474.T', '4255', '2018-12-14', 'CLOSE', 0);
INSERT INTO share_price (provider_query_id, isin, symbol, price, timestamp, open_high_close_low, volume) VALUES (8, 'JP3539250005', '6481.T', '2341', '2018-12-14', 'CLOSE', 0);
INSERT INTO share_price (provider_query_id, isin, symbol, price, timestamp, open_high_close_low, volume) VALUES (8, 'JP3944500002', '6482.T', '1020', '2018-12-14', 'CLOSE', 0);
INSERT INTO share_price (provider_query_id, isin, symbol, price, timestamp, open_high_close_low, volume) VALUES (8, 'JP3902400005', '6503.T', '1292.5', '2018-12-14', 'CLOSE', 0);
INSERT INTO share_price (provider_query_id, isin, symbol, price, timestamp, open_high_close_low, volume) VALUES (8, 'JP3932000007', '6506.T', '2983', '2018-12-14', 'CLOSE', 0);
INSERT INTO share_price (provider_query_id, isin, symbol, price, timestamp, open_high_close_low, volume) VALUES (8, 'JP3497800007', '6622.T', '2419', '2018-12-14', 'CLOSE', 0);
INSERT INTO share_price (provider_query_id, isin, symbol, price, timestamp, open_high_close_low, volume) VALUES (8, 'JP3197800000', '6645.T', '4470', '2018-12-14', 'CLOSE', 0);
INSERT INTO share_price (provider_query_id, isin, symbol, price, timestamp, open_high_close_low, volume) VALUES (8, 'JP3955000009', '6841.T', '2043', '2018-12-14', 'CLOSE', 0);
INSERT INTO share_price (provider_query_id, isin, symbol, price, timestamp, open_high_close_low, volume) VALUES (8, 'JP3236200006', '6861.T', '57440', '2018-12-14', 'CLOSE', 0);
INSERT INTO share_price (provider_query_id, isin, symbol, price, timestamp, open_high_close_low, volume) VALUES (8, 'JP3197700002', '6914.T', '2003', '2018-12-14', 'CLOSE', 0);
INSERT INTO share_price (provider_query_id, isin, symbol, price, timestamp, open_high_close_low, volume) VALUES (8, 'JP3802400006', '6954.T', '16905', '2018-12-14', 'CLOSE', 0);
INSERT INTO share_price (provider_query_id, isin, symbol, price, timestamp, open_high_close_low, volume) VALUES (8, 'JP3630400004', '7732.T', '1631', '2018-12-14', 'CLOSE', 0);
INSERT INTO share_price (provider_query_id, isin, symbol, price, timestamp, open_high_close_low, volume) VALUES (8, 'CH0012221716', 'ABBN.S', '19.59', '2018-12-14', 'CLOSE', 0);
INSERT INTO share_price (provider_query_id, isin, symbol, price, timestamp, open_high_close_low, volume) VALUES (8, 'US0527691069', 'ADSK.OQ', '131.5', '2018-12-14', 'CLOSE', 0);
INSERT INTO share_price (provider_query_id, isin, symbol, price, timestamp, open_high_close_low, volume) VALUES (8, 'DE000A111338', 'AM3D.DE', '10.88', '2018-12-14', 'CLOSE', 0);
INSERT INTO share_price (provider_query_id, isin, symbol, price, timestamp, open_high_close_low, volume) VALUES (8, 'KYG037AX1015', 'AMBA.OQ', '37.61', '2018-12-14', 'CLOSE', 0);
INSERT INTO share_price (provider_query_id, isin, symbol, price, timestamp, open_high_close_low, volume) VALUES (8, 'JE00B783TY65', 'APTV.N', '65.95', '2018-12-14', 'CLOSE', 0);
INSERT INTO share_price (provider_query_id, isin, symbol, price, timestamp, open_high_close_low, volume) VALUES (8, 'US0043971052', 'ARAY.OQ', '3.78', '2018-12-14', 'CLOSE', 0);
INSERT INTO share_price (provider_query_id, isin, symbol, price, timestamp, open_high_close_low, volume) VALUES (8, 'CA0019401052', 'ATA.TO', '15.54', '2018-12-14', 'CLOSE', 0);
INSERT INTO share_price (provider_query_id, isin, symbol, price, timestamp, open_high_close_low, volume) VALUES (8, 'US0080731088', 'AVAV.OQ', '75.41', '2018-12-14', 'CLOSE', 0);
INSERT INTO share_price (provider_query_id, isin, symbol, price, timestamp, open_high_close_low, volume) VALUES (8, 'US1143401024', 'BRKS.OQ', '26.26', '2018-12-14', 'CLOSE', 0);
INSERT INTO share_price (provider_query_id, isin, symbol, price, timestamp, open_high_close_low, volume) VALUES (8, 'US1273871087', 'CDNS.OQ', '43.22', '2018-12-14', 'CLOSE', 0);
INSERT INTO share_price (provider_query_id, isin, symbol, price, timestamp, open_high_close_low, volume) VALUES (8, 'FI0009013429', 'CGCBV.HE', '28.48', '2018-12-14', 'CLOSE', 0);
INSERT INTO share_price (provider_query_id, isin, symbol, price, timestamp, open_high_close_low, volume) VALUES (8, 'US1924221039', 'CGNX.OQ', '39.66', '2018-12-14', 'CLOSE', 0);
INSERT INTO share_price (provider_query_id, isin, symbol, price, timestamp, open_high_close_low, volume) VALUES (8, 'FR0000130650', 'DAST.PA', '105.1', '2018-12-14', 'CLOSE', 0);
INSERT INTO share_price (provider_query_id, isin, symbol, price, timestamp, open_high_close_low, volume) VALUES (8, 'US88554D2053', 'DDD.N', '10.63', '2018-12-14', 'CLOSE', 0);
INSERT INTO share_price (provider_query_id, isin, symbol, price, timestamp, open_high_close_low, volume) VALUES (8, 'US2441991054', 'DE.N', '149.01', '2018-12-14', 'CLOSE', 0);
INSERT INTO share_price (provider_query_id, isin, symbol, price, timestamp, open_high_close_low, volume) VALUES (8, 'DE0005565204', 'DUEG.DE', '30.62', '2018-12-14', 'CLOSE', 0);
INSERT INTO share_price (provider_query_id, isin, symbol, price, timestamp, open_high_close_low, volume) VALUES (8, 'SE0000163628', 'EKTAb.ST', '113.35', '2018-12-14', 'CLOSE', 0);
INSERT INTO share_price (provider_query_id, isin, symbol, price, timestamp, open_high_close_low, volume) VALUES (8, 'US3116421021', 'FARO.OQ', '43.83', '2018-12-14', 'CLOSE', 0);
INSERT INTO share_price (provider_query_id, isin, symbol, price, timestamp, open_high_close_low, volume) VALUES (8, 'US3024451011', 'FLIR.OQ', '43.12', '2018-12-14', 'CLOSE', 0);
INSERT INTO share_price (provider_query_id, isin, symbol, price, timestamp, open_high_close_low, volume) VALUES (8, 'DE0006602006', 'G1AG.DE', '21.04', '2018-12-14', 'CLOSE', 0);
INSERT INTO share_price (provider_query_id, isin, symbol, price, timestamp, open_high_close_low, volume) VALUES (8, 'SE0000103699', 'HEXAb.ST', '415.4', '2018-12-14', 'CLOSE', 0);
INSERT INTO share_price (provider_query_id, isin, symbol, price, timestamp, open_high_close_low, volume) VALUES (8, 'US42330P1075', 'HLX.N', '6.51', '2018-12-14', 'CLOSE', 0);
INSERT INTO share_price (provider_query_id, isin, symbol, price, timestamp, open_high_close_low, volume) VALUES (8, 'VGG456671053', 'HOLI.OQ', '18.63', '2018-12-14', 'CLOSE', 0);
INSERT INTO share_price (provider_query_id, isin, symbol, price, timestamp, open_high_close_low, volume) VALUES (8, 'US4523271090', 'ILMN.OQ', '326.46', '2018-12-14', 'CLOSE', 0);
INSERT INTO share_price (provider_query_id, isin, symbol, price, timestamp, open_high_close_low, volume) VALUES (8, 'US44980X1090', 'IPGP.OQ', '117.99', '2018-12-14', 'CLOSE', 0);
INSERT INTO share_price (provider_query_id, isin, symbol, price, timestamp, open_high_close_low, volume) VALUES (8, 'US4627261005', 'IRBT.OQ', '86.37', '2018-12-14', 'CLOSE', 0);
INSERT INTO share_price (provider_query_id, isin, symbol, price, timestamp, open_high_close_low, volume) VALUES (8, 'DE0005488100', 'ISRG.DE', '24.85', '2018-12-14', 'CLOSE', 0);
INSERT INTO share_price (provider_query_id, isin, symbol, price, timestamp, open_high_close_low, volume) VALUES (8, 'US46120E6023', 'ISRG.OQ', '491.81', '2018-12-14', 'CLOSE', 0);
INSERT INTO share_price (provider_query_id, isin, symbol, price, timestamp, open_high_close_low, volume) VALUES (8, 'US4778391049', 'JBT.N', '70.73', '2018-12-14', 'CLOSE', 0);
INSERT INTO share_price (provider_query_id, isin, symbol, price, timestamp, open_high_close_low, volume) VALUES (8, 'DE000A2NB601', 'JENGn.DE', '24.84', '2018-12-14', 'CLOSE', 0);
INSERT INTO share_price (provider_query_id, isin, symbol, price, timestamp, open_high_close_low, volume) VALUES (8, 'CH0100837282', 'KARN.S', '111.2', '2018-12-14', 'CLOSE', 0);
INSERT INTO share_price (provider_query_id, isin, symbol, price, timestamp, open_high_close_low, volume) VALUES (8, 'DE000KGX8881', 'KGX.DE', '43.97', '2018-12-14', 'CLOSE', 0);
INSERT INTO share_price (provider_query_id, isin, symbol, price, timestamp, open_high_close_low, volume) VALUES (8, 'DE0006335003', 'KRNG.DE', '68.9', '2018-12-14', 'CLOSE', 0);
INSERT INTO share_price (provider_query_id, isin, symbol, price, timestamp, open_high_close_low, volume) VALUES (8, 'US5339001068', 'LECO.OQ', '80.21', '2018-12-14', 'CLOSE', 0);
INSERT INTO share_price (provider_query_id, isin, symbol, price, timestamp, open_high_close_low, volume) VALUES (8, 'US5627501092', 'MANH.OQ', '45.8', '2018-12-14', 'CLOSE', 0);
INSERT INTO share_price (provider_query_id, isin, symbol, price, timestamp, open_high_close_low, volume) VALUES (8, 'CA57778L1031', 'MAXR.TO', '16.7', '2018-12-14', 'CLOSE', 0);
INSERT INTO share_price (provider_query_id, isin, symbol, price, timestamp, open_high_close_low, volume) VALUES (8, 'US5950171042', 'MCHP.OQ', '71.64', '2018-12-14', 'CLOSE', 0);
INSERT INTO share_price (provider_query_id, isin, symbol, price, timestamp, open_high_close_low, volume) VALUES (8, 'IL0011068553', 'MZOR.TA', '109.5', '2018-12-14', 'CLOSE', 0);
INSERT INTO share_price (provider_query_id, isin, symbol, price, timestamp, open_high_close_low, volume) VALUES (8, 'US6365181022', 'NATI.OQ', '46.12', '2018-12-14', 'CLOSE', 0);
INSERT INTO share_price (provider_query_id, isin, symbol, price, timestamp, open_high_close_low, volume) VALUES (8, 'US6556631025', 'NDSN.OQ', '118.55', '2018-12-14', 'CLOSE', 0);
INSERT INTO share_price (provider_query_id, isin, symbol, price, timestamp, open_high_close_low, volume) VALUES (8, 'CA67000B1040', 'NOVT.OQ', '61.33', '2018-12-14', 'CLOSE', 0);
INSERT INTO share_price (provider_query_id, isin, symbol, price, timestamp, open_high_close_low, volume) VALUES (8, 'US67020Y1001', 'NUAN.OQ', '14.69', '2018-12-14', 'CLOSE', 0);
INSERT INTO share_price (provider_query_id, isin, symbol, price, timestamp, open_high_close_low, volume) VALUES (8, 'US67066G1040', 'NVDA.OQ', '146.45', '2018-12-14', 'CLOSE', 0);
INSERT INTO share_price (provider_query_id, isin, symbol, price, timestamp, open_high_close_low, volume) VALUES (8, 'GB00B3MBS747', 'OCDO.L', '8.15', '2018-12-14', 'CLOSE', 0);
INSERT INTO share_price (provider_query_id, isin, symbol, price, timestamp, open_high_close_low, volume) VALUES (8, 'US6752321025', 'OII.N', '14.31', '2018-12-14', 'CLOSE', 0);
INSERT INTO share_price (provider_query_id, isin, symbol, price, timestamp, open_high_close_low, volume) VALUES (8, 'US69370C1009', 'PTC.OQ', '85.02', '2018-12-14', 'CLOSE', 0);
INSERT INTO share_price (provider_query_id, isin, symbol, price, timestamp, open_high_close_low, volume) VALUES (8, 'US7475251036', 'QCOM.OQ', '57.62', '2018-12-14', 'CLOSE', 0);
INSERT INTO share_price (provider_query_id, isin, symbol, price, timestamp, open_high_close_low, volume) VALUES (8, 'NL0012169213', 'QGEN.N', '34.6', '2018-12-14', 'CLOSE', 0);
INSERT INTO share_price (provider_query_id, isin, symbol, price, timestamp, open_high_close_low, volume) VALUES (8, 'US7542121089', 'RAVN.OQ', '37.2', '2018-12-14', 'CLOSE', 0);
INSERT INTO share_price (provider_query_id, isin, symbol, price, timestamp, open_high_close_low, volume) VALUES (8, 'US7739031091', 'ROK.N', '156.74', '2018-12-14', 'CLOSE', 0);
INSERT INTO share_price (provider_query_id, isin, symbol, price, timestamp, open_high_close_low, volume) VALUES (8, 'GB0007323586', 'RSW.L', '38.98', '2018-12-14', 'CLOSE', 0);
INSERT INTO share_price (provider_query_id, isin, symbol, price, timestamp, open_high_close_low, volume) VALUES (8, 'FR0000121972', 'SCHN.PA', '61', '2018-12-14', 'CLOSE', 0);
INSERT INTO share_price (provider_query_id, isin, symbol, price, timestamp, open_high_close_low, volume) VALUES (8, 'DE0007236101', 'SIEGn.DE', '100.2', '2018-12-14', 'CLOSE', 0);
INSERT INTO share_price (provider_query_id, isin, symbol, price, timestamp, open_high_close_low, volume) VALUES (8, 'IL0011267213', 'SSYS.OQ', '19.55', '2018-12-14', 'CLOSE', 0);
INSERT INTO share_price (provider_query_id, isin, symbol, price, timestamp, open_high_close_low, volume) VALUES (8, 'US8793601050', 'TDY.N', '205.31', '2018-12-14', 'CLOSE', 0);
INSERT INTO share_price (provider_query_id, isin, symbol, price, timestamp, open_high_close_low, volume) VALUES (8, 'CH0012100191', 'TECN.S', '190.2', '2018-12-14', 'CLOSE', 0);
INSERT INTO share_price (provider_query_id, isin, symbol, price, timestamp, open_high_close_low, volume) VALUES (8, 'US8807701029', 'TER.OQ', '32.51', '2018-12-14', 'CLOSE', 0);
INSERT INTO share_price (provider_query_id, isin, symbol, price, timestamp, open_high_close_low, volume) VALUES (8, 'US8962391004', 'TRMB.OQ', '34.59', '2018-12-14', 'CLOSE', 0);
INSERT INTO share_price (provider_query_id, isin, symbol, price, timestamp, open_high_close_low, volume) VALUES (8, 'CH0033361673', 'UBXN.S', '79', '2018-12-14', 'CLOSE', 0);
INSERT INTO share_price (provider_query_id, isin, symbol, price, timestamp, open_high_close_low, volume) VALUES (8, 'US92220P1057', 'VAR.N', '119.1', '2018-12-14', 'CLOSE', 0);
INSERT INTO share_price (provider_query_id, isin, symbol, price, timestamp, open_high_close_low, volume) VALUES (8, 'US9839191015', 'XLNX.OQ', '88.82', '2018-12-14', 'CLOSE', 0);
INSERT INTO share_price (provider_query_id, isin, symbol, price, timestamp, open_high_close_low, volume) VALUES (8, 'US9892071054', 'ZBRA.OQ', '171.89', '2018-12-14', 'CLOSE', 0);

INSERT INTO share_price (provider_query_id, isin, symbol, price, timestamp, open_high_close_low, volume) VALUES (8, 'KR7098460009', '098460.KQ', '84100', '2018-12-17', 'CLOSE', 0);
INSERT INTO share_price (provider_query_id, isin, symbol, price, timestamp, open_high_close_low, volume) VALUES (8, 'KYG014081064', '1590.TW', '340.5', '2018-12-17', 'CLOSE', 0);
INSERT INTO share_price (provider_query_id, isin, symbol, price, timestamp, open_high_close_low, volume) VALUES (8, 'TW0002049004', '2049.TW', '241.5', '2018-12-17', 'CLOSE', 0);
INSERT INTO share_price (provider_query_id, isin, symbol, price, timestamp, open_high_close_low, volume) VALUES (8, 'TW0002308004', '2308.TW', '131', '2018-12-17', 'CLOSE', 0);
INSERT INTO share_price (provider_query_id, isin, symbol, price, timestamp, open_high_close_low, volume) VALUES (8, 'TW0002395001', '2395.TW', '223', '2018-12-17', 'CLOSE', 0);
INSERT INTO share_price (provider_query_id, isin, symbol, price, timestamp, open_high_close_low, volume) VALUES (8, 'TW0003443008', '3443.TW', '204', '2018-12-17', 'CLOSE', 0);
INSERT INTO share_price (provider_query_id, isin, symbol, price, timestamp, open_high_close_low, volume) VALUES (8, 'JP3592600005', '6104.T', '1947', '2018-12-17', 'CLOSE', 0);
INSERT INTO share_price (provider_query_id, isin, symbol, price, timestamp, open_high_close_low, volume) VALUES (8, 'JP3102400003', '6118.T', '783', '2018-12-17', 'CLOSE', 0);
INSERT INTO share_price (provider_query_id, isin, symbol, price, timestamp, open_high_close_low, volume) VALUES (8, 'JP3809200003', '6134.T', '1303', '2018-12-17', 'CLOSE', 0);
INSERT INTO share_price (provider_query_id, isin, symbol, price, timestamp, open_high_close_low, volume) VALUES (8, 'JP3651210001', '6268.T', '2608', '2018-12-17', 'CLOSE', 0);
INSERT INTO share_price (provider_query_id, isin, symbol, price, timestamp, open_high_close_low, volume) VALUES (8, 'JP3162600005', '6273.T', '34620', '2018-12-17', 'CLOSE', 0);
INSERT INTO share_price (provider_query_id, isin, symbol, price, timestamp, open_high_close_low, volume) VALUES (8, 'JP3765150002', '6324.T', '3320', '2018-12-17', 'CLOSE', 0);
INSERT INTO share_price (provider_query_id, isin, symbol, price, timestamp, open_high_close_low, volume) VALUES (8, 'JP3497400006', '6383.T', '5550', '2018-12-17', 'CLOSE', 0);
INSERT INTO share_price (provider_query_id, isin, symbol, price, timestamp, open_high_close_low, volume) VALUES (8, 'JP3124400007', '6436.T', '2368', '2018-12-17', 'CLOSE', 0);
INSERT INTO share_price (provider_query_id, isin, symbol, price, timestamp, open_high_close_low, volume) VALUES (8, 'JP3813200007', '6474.T', '4115', '2018-12-17', 'CLOSE', 0);
INSERT INTO share_price (provider_query_id, isin, symbol, price, timestamp, open_high_close_low, volume) VALUES (8, 'JP3539250005', '6481.T', '2314', '2018-12-17', 'CLOSE', 0);
INSERT INTO share_price (provider_query_id, isin, symbol, price, timestamp, open_high_close_low, volume) VALUES (8, 'JP3944500002', '6482.T', '1019', '2018-12-17', 'CLOSE', 0);
INSERT INTO share_price (provider_query_id, isin, symbol, price, timestamp, open_high_close_low, volume) VALUES (8, 'JP3902400005', '6503.T', '1306', '2018-12-17', 'CLOSE', 0);
INSERT INTO share_price (provider_query_id, isin, symbol, price, timestamp, open_high_close_low, volume) VALUES (8, 'JP3932000007', '6506.T', '3005', '2018-12-17', 'CLOSE', 0);
INSERT INTO share_price (provider_query_id, isin, symbol, price, timestamp, open_high_close_low, volume) VALUES (8, 'JP3497800007', '6622.T', '2419', '2018-12-17', 'CLOSE', 0);
INSERT INTO share_price (provider_query_id, isin, symbol, price, timestamp, open_high_close_low, volume) VALUES (8, 'JP3197800000', '6645.T', '4405', '2018-12-17', 'CLOSE', 0);
INSERT INTO share_price (provider_query_id, isin, symbol, price, timestamp, open_high_close_low, volume) VALUES (8, 'JP3955000009', '6841.T', '2041', '2018-12-17', 'CLOSE', 0);
INSERT INTO share_price (provider_query_id, isin, symbol, price, timestamp, open_high_close_low, volume) VALUES (8, 'JP3236200006', '6861.T', '57180', '2018-12-17', 'CLOSE', 0);
INSERT INTO share_price (provider_query_id, isin, symbol, price, timestamp, open_high_close_low, volume) VALUES (8, 'JP3197700002', '6914.T', '1978', '2018-12-17', 'CLOSE', 0);
INSERT INTO share_price (provider_query_id, isin, symbol, price, timestamp, open_high_close_low, volume) VALUES (8, 'JP3802400006', '6954.T', '16910', '2018-12-17', 'CLOSE', 0);
INSERT INTO share_price (provider_query_id, isin, symbol, price, timestamp, open_high_close_low, volume) VALUES (8, 'JP3630400004', '7732.T', '1573', '2018-12-17', 'CLOSE', 0);
INSERT INTO share_price (provider_query_id, isin, symbol, price, timestamp, open_high_close_low, volume) VALUES (8, 'CH0012221716', 'ABBN.S', '19.245', '2018-12-17', 'CLOSE', 0);
INSERT INTO share_price (provider_query_id, isin, symbol, price, timestamp, open_high_close_low, volume) VALUES (8, 'US0527691069', 'ADSK.OQ', '127.27', '2018-12-17', 'CLOSE', 0);
INSERT INTO share_price (provider_query_id, isin, symbol, price, timestamp, open_high_close_low, volume) VALUES (8, 'DE000A111338', 'AM3D.DE', '10.82', '2018-12-17', 'CLOSE', 0);
INSERT INTO share_price (provider_query_id, isin, symbol, price, timestamp, open_high_close_low, volume) VALUES (8, 'KYG037AX1015', 'AMBA.OQ', '37.08', '2018-12-17', 'CLOSE', 0);
INSERT INTO share_price (provider_query_id, isin, symbol, price, timestamp, open_high_close_low, volume) VALUES (8, 'JE00B783TY65', 'APTV.N', '64.44', '2018-12-17', 'CLOSE', 0);
INSERT INTO share_price (provider_query_id, isin, symbol, price, timestamp, open_high_close_low, volume) VALUES (8, 'US0043971052', 'ARAY.OQ', '3.65', '2018-12-17', 'CLOSE', 0);
INSERT INTO share_price (provider_query_id, isin, symbol, price, timestamp, open_high_close_low, volume) VALUES (8, 'CA0019401052', 'ATA.TO', '15.46', '2018-12-17', 'CLOSE', 0);
INSERT INTO share_price (provider_query_id, isin, symbol, price, timestamp, open_high_close_low, volume) VALUES (8, 'US0080731088', 'AVAV.OQ', '69.86', '2018-12-17', 'CLOSE', 0);
INSERT INTO share_price (provider_query_id, isin, symbol, price, timestamp, open_high_close_low, volume) VALUES (8, 'US1143401024', 'BRKS.OQ', '25.75', '2018-12-17', 'CLOSE', 0);
INSERT INTO share_price (provider_query_id, isin, symbol, price, timestamp, open_high_close_low, volume) VALUES (8, 'US1273871087', 'CDNS.OQ', '42.31', '2018-12-17', 'CLOSE', 0);
INSERT INTO share_price (provider_query_id, isin, symbol, price, timestamp, open_high_close_low, volume) VALUES (8, 'FI0009013429', 'CGCBV.HE', '27.14', '2018-12-17', 'CLOSE', 0);
INSERT INTO share_price (provider_query_id, isin, symbol, price, timestamp, open_high_close_low, volume) VALUES (8, 'US1924221039', 'CGNX.OQ', '38.63', '2018-12-17', 'CLOSE', 0);
INSERT INTO share_price (provider_query_id, isin, symbol, price, timestamp, open_high_close_low, volume) VALUES (8, 'FR0000130650', 'DAST.PA', '102.7', '2018-12-17', 'CLOSE', 0);
INSERT INTO share_price (provider_query_id, isin, symbol, price, timestamp, open_high_close_low, volume) VALUES (8, 'US88554D2053', 'DDD.N', '10.43', '2018-12-17', 'CLOSE', 0);
INSERT INTO share_price (provider_query_id, isin, symbol, price, timestamp, open_high_close_low, volume) VALUES (8, 'US2441991054', 'DE.N', '146.08', '2018-12-17', 'CLOSE', 0);
INSERT INTO share_price (provider_query_id, isin, symbol, price, timestamp, open_high_close_low, volume) VALUES (8, 'DE0005565204', 'DUEG.DE', '29.76', '2018-12-17', 'CLOSE', 0);
INSERT INTO share_price (provider_query_id, isin, symbol, price, timestamp, open_high_close_low, volume) VALUES (8, 'SE0000163628', 'EKTAb.ST', '112.15', '2018-12-17', 'CLOSE', 0);
INSERT INTO share_price (provider_query_id, isin, symbol, price, timestamp, open_high_close_low, volume) VALUES (8, 'US3116421021', 'FARO.OQ', '43.13', '2018-12-17', 'CLOSE', 0);
INSERT INTO share_price (provider_query_id, isin, symbol, price, timestamp, open_high_close_low, volume) VALUES (8, 'US3024451011', 'FLIR.OQ', '42.34', '2018-12-17', 'CLOSE', 0);
INSERT INTO share_price (provider_query_id, isin, symbol, price, timestamp, open_high_close_low, volume) VALUES (8, 'DE0006602006', 'G1AG.DE', '21.37', '2018-12-17', 'CLOSE', 0);
INSERT INTO share_price (provider_query_id, isin, symbol, price, timestamp, open_high_close_low, volume) VALUES (8, 'SE0000103699', 'HEXAb.ST', '413.7', '2018-12-17', 'CLOSE', 0);
INSERT INTO share_price (provider_query_id, isin, symbol, price, timestamp, open_high_close_low, volume) VALUES (8, 'US42330P1075', 'HLX.N', '6.19', '2018-12-17', 'CLOSE', 0);
INSERT INTO share_price (provider_query_id, isin, symbol, price, timestamp, open_high_close_low, volume) VALUES (8, 'VGG456671053', 'HOLI.OQ', '17.99', '2018-12-17', 'CLOSE', 0);
INSERT INTO share_price (provider_query_id, isin, symbol, price, timestamp, open_high_close_low, volume) VALUES (8, 'US4523271090', 'ILMN.OQ', '310.89', '2018-12-17', 'CLOSE', 0);
INSERT INTO share_price (provider_query_id, isin, symbol, price, timestamp, open_high_close_low, volume) VALUES (8, 'US44980X1090', 'IPGP.OQ', '117.2', '2018-12-17', 'CLOSE', 0);
INSERT INTO share_price (provider_query_id, isin, symbol, price, timestamp, open_high_close_low, volume) VALUES (8, 'US4627261005', 'IRBT.OQ', '82.66', '2018-12-17', 'CLOSE', 0);
INSERT INTO share_price (provider_query_id, isin, symbol, price, timestamp, open_high_close_low, volume) VALUES (8, 'DE0005488100', 'ISRG.DE', '22.95', '2018-12-17', 'CLOSE', 0);
INSERT INTO share_price (provider_query_id, isin, symbol, price, timestamp, open_high_close_low, volume) VALUES (8, 'US46120E6023', 'ISRG.OQ', '481.75', '2018-12-17', 'CLOSE', 0);
INSERT INTO share_price (provider_query_id, isin, symbol, price, timestamp, open_high_close_low, volume) VALUES (8, 'US4778391049', 'JBT.N', '69.17', '2018-12-17', 'CLOSE', 0);
INSERT INTO share_price (provider_query_id, isin, symbol, price, timestamp, open_high_close_low, volume) VALUES (8, 'DE000A2NB601', 'JENGn.DE', '23.7', '2018-12-17', 'CLOSE', 0);
INSERT INTO share_price (provider_query_id, isin, symbol, price, timestamp, open_high_close_low, volume) VALUES (8, 'CH0100837282', 'KARN.S', '110', '2018-12-17', 'CLOSE', 0);
INSERT INTO share_price (provider_query_id, isin, symbol, price, timestamp, open_high_close_low, volume) VALUES (8, 'DE000KGX8881', 'KGX.DE', '43.41', '2018-12-17', 'CLOSE', 0);
INSERT INTO share_price (provider_query_id, isin, symbol, price, timestamp, open_high_close_low, volume) VALUES (8, 'DE0006335003', 'KRNG.DE', '69', '2018-12-17', 'CLOSE', 0);
INSERT INTO share_price (provider_query_id, isin, symbol, price, timestamp, open_high_close_low, volume) VALUES (8, 'US5339001068', 'LECO.OQ', '79.06', '2018-12-17', 'CLOSE', 0);
INSERT INTO share_price (provider_query_id, isin, symbol, price, timestamp, open_high_close_low, volume) VALUES (8, 'US5627501092', 'MANH.OQ', '44.02', '2018-12-17', 'CLOSE', 0);
INSERT INTO share_price (provider_query_id, isin, symbol, price, timestamp, open_high_close_low, volume) VALUES (8, 'CA57778L1031', 'MAXR.TO', '16.64', '2018-12-17', 'CLOSE', 0);
INSERT INTO share_price (provider_query_id, isin, symbol, price, timestamp, open_high_close_low, volume) VALUES (8, 'US5950171042', 'MCHP.OQ', '71.21', '2018-12-17', 'CLOSE', 0);
INSERT INTO share_price (provider_query_id, isin, symbol, price, timestamp, open_high_close_low, volume) VALUES (8, 'IL0011068553', 'MZOR.TA', '109.6', '2018-12-17', 'CLOSE', 0);
INSERT INTO share_price (provider_query_id, isin, symbol, price, timestamp, open_high_close_low, volume) VALUES (8, 'US6365181022', 'NATI.OQ', '45.08', '2018-12-17', 'CLOSE', 0);
INSERT INTO share_price (provider_query_id, isin, symbol, price, timestamp, open_high_close_low, volume) VALUES (8, 'US6556631025', 'NDSN.OQ', '114.78', '2018-12-17', 'CLOSE', 0);
INSERT INTO share_price (provider_query_id, isin, symbol, price, timestamp, open_high_close_low, volume) VALUES (8, 'CA67000B1040', 'NOVT.OQ', '60.01', '2018-12-17', 'CLOSE', 0);
INSERT INTO share_price (provider_query_id, isin, symbol, price, timestamp, open_high_close_low, volume) VALUES (8, 'US67020Y1001', 'NUAN.OQ', '14.24', '2018-12-17', 'CLOSE', 0);
INSERT INTO share_price (provider_query_id, isin, symbol, price, timestamp, open_high_close_low, volume) VALUES (8, 'US67066G1040', 'NVDA.OQ', '143.58', '2018-12-17', 'CLOSE', 0);
INSERT INTO share_price (provider_query_id, isin, symbol, price, timestamp, open_high_close_low, volume) VALUES (8, 'GB00B3MBS747', 'OCDO.L', '7.792', '2018-12-17', 'CLOSE', 0);
INSERT INTO share_price (provider_query_id, isin, symbol, price, timestamp, open_high_close_low, volume) VALUES (8, 'US6752321025', 'OII.N', '14.57', '2018-12-17', 'CLOSE', 0);
INSERT INTO share_price (provider_query_id, isin, symbol, price, timestamp, open_high_close_low, volume) VALUES (8, 'US69370C1009', 'PTC.OQ', '82.34', '2018-12-17', 'CLOSE', 0);
INSERT INTO share_price (provider_query_id, isin, symbol, price, timestamp, open_high_close_low, volume) VALUES (8, 'US7475251036', 'QCOM.OQ', '57', '2018-12-17', 'CLOSE', 0);
INSERT INTO share_price (provider_query_id, isin, symbol, price, timestamp, open_high_close_low, volume) VALUES (8, 'NL0012169213', 'QGEN.N', '34.07', '2018-12-17', 'CLOSE', 0);
INSERT INTO share_price (provider_query_id, isin, symbol, price, timestamp, open_high_close_low, volume) VALUES (8, 'US7542121089', 'RAVN.OQ', '36.07', '2018-12-17', 'CLOSE', 0);
INSERT INTO share_price (provider_query_id, isin, symbol, price, timestamp, open_high_close_low, volume) VALUES (8, 'US7739031091', 'ROK.N', '153.31', '2018-12-17', 'CLOSE', 0);
INSERT INTO share_price (provider_query_id, isin, symbol, price, timestamp, open_high_close_low, volume) VALUES (8, 'GB0007323586', 'RSW.L', '37.96', '2018-12-17', 'CLOSE', 0);
INSERT INTO share_price (provider_query_id, isin, symbol, price, timestamp, open_high_close_low, volume) VALUES (8, 'FR0000121972', 'SCHN.PA', '60.36', '2018-12-17', 'CLOSE', 0);
INSERT INTO share_price (provider_query_id, isin, symbol, price, timestamp, open_high_close_low, volume) VALUES (8, 'DE0007236101', 'SIEGn.DE', '99.58', '2018-12-17', 'CLOSE', 0);
INSERT INTO share_price (provider_query_id, isin, symbol, price, timestamp, open_high_close_low, volume) VALUES (8, 'IL0011267213', 'SSYS.OQ', '18.88', '2018-12-17', 'CLOSE', 0);
INSERT INTO share_price (provider_query_id, isin, symbol, price, timestamp, open_high_close_low, volume) VALUES (8, 'US8793601050', 'TDY.N', '200.24', '2018-12-17', 'CLOSE', 0);
INSERT INTO share_price (provider_query_id, isin, symbol, price, timestamp, open_high_close_low, volume) VALUES (8, 'CH0012100191', 'TECN.S', '189.7', '2018-12-17', 'CLOSE', 0);
INSERT INTO share_price (provider_query_id, isin, symbol, price, timestamp, open_high_close_low, volume) VALUES (8, 'US8807701029', 'TER.OQ', '31.8', '2018-12-17', 'CLOSE', 0);
INSERT INTO share_price (provider_query_id, isin, symbol, price, timestamp, open_high_close_low, volume) VALUES (8, 'US8962391004', 'TRMB.OQ', '33.55', '2018-12-17', 'CLOSE', 0);
INSERT INTO share_price (provider_query_id, isin, symbol, price, timestamp, open_high_close_low, volume) VALUES (8, 'CH0033361673', 'UBXN.S', '78.55', '2018-12-17', 'CLOSE', 0);
INSERT INTO share_price (provider_query_id, isin, symbol, price, timestamp, open_high_close_low, volume) VALUES (8, 'US92220P1057', 'VAR.N', '115.64', '2018-12-17', 'CLOSE', 0);
INSERT INTO share_price (provider_query_id, isin, symbol, price, timestamp, open_high_close_low, volume) VALUES (8, 'US9839191015', 'XLNX.OQ', '87.18', '2018-12-17', 'CLOSE', 0);
INSERT INTO share_price (provider_query_id, isin, symbol, price, timestamp, open_high_close_low, volume) VALUES (8, 'US9892071054', 'ZBRA.OQ', '158.97', '2018-12-17', 'CLOSE', 0);

INSERT INTO share_price (provider_query_id, isin, symbol, price, timestamp, open_high_close_low, volume) VALUES (8, 'KR7098460009', '098460.KQ', '80600', '2018-12-18', 'CLOSE', 0);
INSERT INTO share_price (provider_query_id, isin, symbol, price, timestamp, open_high_close_low, volume) VALUES (8, 'KYG014081064', '1590.TW', '350.5', '2018-12-18', 'CLOSE', 0);
INSERT INTO share_price (provider_query_id, isin, symbol, price, timestamp, open_high_close_low, volume) VALUES (8, 'TW0002049004', '2049.TW', '238', '2018-12-18', 'CLOSE', 0);
INSERT INTO share_price (provider_query_id, isin, symbol, price, timestamp, open_high_close_low, volume) VALUES (8, 'TW0002308004', '2308.TW', '132', '2018-12-18', 'CLOSE', 0);
INSERT INTO share_price (provider_query_id, isin, symbol, price, timestamp, open_high_close_low, volume) VALUES (8, 'TW0002395001', '2395.TW', '224', '2018-12-18', 'CLOSE', 0);
INSERT INTO share_price (provider_query_id, isin, symbol, price, timestamp, open_high_close_low, volume) VALUES (8, 'TW0003443008', '3443.TW', '195', '2018-12-18', 'CLOSE', 0);
INSERT INTO share_price (provider_query_id, isin, symbol, price, timestamp, open_high_close_low, volume) VALUES (8, 'JP3592600005', '6104.T', '1941', '2018-12-18', 'CLOSE', 0);
INSERT INTO share_price (provider_query_id, isin, symbol, price, timestamp, open_high_close_low, volume) VALUES (8, 'JP3102400003', '6118.T', '743', '2018-12-18', 'CLOSE', 0);
INSERT INTO share_price (provider_query_id, isin, symbol, price, timestamp, open_high_close_low, volume) VALUES (8, 'JP3809200003', '6134.T', '1294', '2018-12-18', 'CLOSE', 0);
INSERT INTO share_price (provider_query_id, isin, symbol, price, timestamp, open_high_close_low, volume) VALUES (8, 'JP3651210001', '6268.T', '2564', '2018-12-18', 'CLOSE', 0);
INSERT INTO share_price (provider_query_id, isin, symbol, price, timestamp, open_high_close_low, volume) VALUES (8, 'JP3162600005', '6273.T', '34630', '2018-12-18', 'CLOSE', 0);
INSERT INTO share_price (provider_query_id, isin, symbol, price, timestamp, open_high_close_low, volume) VALUES (8, 'JP3765150002', '6324.T', '3210', '2018-12-18', 'CLOSE', 0);
INSERT INTO share_price (provider_query_id, isin, symbol, price, timestamp, open_high_close_low, volume) VALUES (8, 'JP3497400006', '6383.T', '5400', '2018-12-18', 'CLOSE', 0);
INSERT INTO share_price (provider_query_id, isin, symbol, price, timestamp, open_high_close_low, volume) VALUES (8, 'JP3124400007', '6436.T', '2277', '2018-12-18', 'CLOSE', 0);
INSERT INTO share_price (provider_query_id, isin, symbol, price, timestamp, open_high_close_low, volume) VALUES (8, 'JP3813200007', '6474.T', '4120', '2018-12-18', 'CLOSE', 0);
INSERT INTO share_price (provider_query_id, isin, symbol, price, timestamp, open_high_close_low, volume) VALUES (8, 'JP3539250005', '6481.T', '2283', '2018-12-18', 'CLOSE', 0);
INSERT INTO share_price (provider_query_id, isin, symbol, price, timestamp, open_high_close_low, volume) VALUES (8, 'JP3944500002', '6482.T', '986', '2018-12-18', 'CLOSE', 0);
INSERT INTO share_price (provider_query_id, isin, symbol, price, timestamp, open_high_close_low, volume) VALUES (8, 'JP3902400005', '6503.T', '1282.5', '2018-12-18', 'CLOSE', 0);
INSERT INTO share_price (provider_query_id, isin, symbol, price, timestamp, open_high_close_low, volume) VALUES (8, 'JP3932000007', '6506.T', '2977', '2018-12-18', 'CLOSE', 0);
INSERT INTO share_price (provider_query_id, isin, symbol, price, timestamp, open_high_close_low, volume) VALUES (8, 'JP3497800007', '6622.T', '2386', '2018-12-18', 'CLOSE', 0);
INSERT INTO share_price (provider_query_id, isin, symbol, price, timestamp, open_high_close_low, volume) VALUES (8, 'JP3197800000', '6645.T', '4290', '2018-12-18', 'CLOSE', 0);
INSERT INTO share_price (provider_query_id, isin, symbol, price, timestamp, open_high_close_low, volume) VALUES (8, 'JP3955000009', '6841.T', '1996', '2018-12-18', 'CLOSE', 0);
INSERT INTO share_price (provider_query_id, isin, symbol, price, timestamp, open_high_close_low, volume) VALUES (8, 'JP3236200006', '6861.T', '56300', '2018-12-18', 'CLOSE', 0);
INSERT INTO share_price (provider_query_id, isin, symbol, price, timestamp, open_high_close_low, volume) VALUES (8, 'JP3197700002', '6914.T', '1896', '2018-12-18', 'CLOSE', 0);
INSERT INTO share_price (provider_query_id, isin, symbol, price, timestamp, open_high_close_low, volume) VALUES (8, 'JP3802400006', '6954.T', '16850', '2018-12-18', 'CLOSE', 0);
INSERT INTO share_price (provider_query_id, isin, symbol, price, timestamp, open_high_close_low, volume) VALUES (8, 'JP3630400004', '7732.T', '1546', '2018-12-18', 'CLOSE', 0);
INSERT INTO share_price (provider_query_id, isin, symbol, price, timestamp, open_high_close_low, volume) VALUES (8, 'CH0012221716', 'ABBN.S', '19.34', '2018-12-18', 'CLOSE', 0);
INSERT INTO share_price (provider_query_id, isin, symbol, price, timestamp, open_high_close_low, volume) VALUES (8, 'US0527691069', 'ADSK.OQ', '130.58', '2018-12-18', 'CLOSE', 0);
INSERT INTO share_price (provider_query_id, isin, symbol, price, timestamp, open_high_close_low, volume) VALUES (8, 'DE000A111338', 'AM3D.DE', '10.42', '2018-12-18', 'CLOSE', 0);
INSERT INTO share_price (provider_query_id, isin, symbol, price, timestamp, open_high_close_low, volume) VALUES (8, 'KYG037AX1015', 'AMBA.OQ', '37.65', '2018-12-18', 'CLOSE', 0);
INSERT INTO share_price (provider_query_id, isin, symbol, price, timestamp, open_high_close_low, volume) VALUES (8, 'JE00B783TY65', 'APTV.N', '63.39', '2018-12-18', 'CLOSE', 0);
INSERT INTO share_price (provider_query_id, isin, symbol, price, timestamp, open_high_close_low, volume) VALUES (8, 'US0043971052', 'ARAY.OQ', '3.64', '2018-12-18', 'CLOSE', 0);
INSERT INTO share_price (provider_query_id, isin, symbol, price, timestamp, open_high_close_low, volume) VALUES (8, 'CA0019401052', 'ATA.TO', '16.16', '2018-12-18', 'CLOSE', 0);
INSERT INTO share_price (provider_query_id, isin, symbol, price, timestamp, open_high_close_low, volume) VALUES (8, 'US0080731088', 'AVAV.OQ', '72.23', '2018-12-18', 'CLOSE', 0);
INSERT INTO share_price (provider_query_id, isin, symbol, price, timestamp, open_high_close_low, volume) VALUES (8, 'US1143401024', 'BRKS.OQ', '25.74', '2018-12-18', 'CLOSE', 0);
INSERT INTO share_price (provider_query_id, isin, symbol, price, timestamp, open_high_close_low, volume) VALUES (8, 'US1273871087', 'CDNS.OQ', '43.07', '2018-12-18', 'CLOSE', 0);
INSERT INTO share_price (provider_query_id, isin, symbol, price, timestamp, open_high_close_low, volume) VALUES (8, 'FI0009013429', 'CGCBV.HE', '27.28', '2018-12-18', 'CLOSE', 0);
INSERT INTO share_price (provider_query_id, isin, symbol, price, timestamp, open_high_close_low, volume) VALUES (8, 'US1924221039', 'CGNX.OQ', '38.88', '2018-12-18', 'CLOSE', 0);
INSERT INTO share_price (provider_query_id, isin, symbol, price, timestamp, open_high_close_low, volume) VALUES (8, 'FR0000130650', 'DAST.PA', '101.8', '2018-12-18', 'CLOSE', 0);
INSERT INTO share_price (provider_query_id, isin, symbol, price, timestamp, open_high_close_low, volume) VALUES (8, 'US88554D2053', 'DDD.N', '10.4', '2018-12-18', 'CLOSE', 0);
INSERT INTO share_price (provider_query_id, isin, symbol, price, timestamp, open_high_close_low, volume) VALUES (8, 'US2441991054', 'DE.N', '149.23', '2018-12-18', 'CLOSE', 0);
INSERT INTO share_price (provider_query_id, isin, symbol, price, timestamp, open_high_close_low, volume) VALUES (8, 'DE0005565204', 'DUEG.DE', '30.86', '2018-12-18', 'CLOSE', 0);
INSERT INTO share_price (provider_query_id, isin, symbol, price, timestamp, open_high_close_low, volume) VALUES (8, 'SE0000163628', 'EKTAb.ST', '111.35', '2018-12-18', 'CLOSE', 0);
INSERT INTO share_price (provider_query_id, isin, symbol, price, timestamp, open_high_close_low, volume) VALUES (8, 'US3116421021', 'FARO.OQ', '43.54', '2018-12-18', 'CLOSE', 0);
INSERT INTO share_price (provider_query_id, isin, symbol, price, timestamp, open_high_close_low, volume) VALUES (8, 'US3024451011', 'FLIR.OQ', '41.97', '2018-12-18', 'CLOSE', 0);
INSERT INTO share_price (provider_query_id, isin, symbol, price, timestamp, open_high_close_low, volume) VALUES (8, 'DE0006602006', 'G1AG.DE', '21.77', '2018-12-18', 'CLOSE', 0);
INSERT INTO share_price (provider_query_id, isin, symbol, price, timestamp, open_high_close_low, volume) VALUES (8, 'SE0000103699', 'HEXAb.ST', '408.2', '2018-12-18', 'CLOSE', 0);
INSERT INTO share_price (provider_query_id, isin, symbol, price, timestamp, open_high_close_low, volume) VALUES (8, 'US42330P1075', 'HLX.N', '6.25', '2018-12-18', 'CLOSE', 0);
INSERT INTO share_price (provider_query_id, isin, symbol, price, timestamp, open_high_close_low, volume) VALUES (8, 'VGG456671053', 'HOLI.OQ', '17.84', '2018-12-18', 'CLOSE', 0);
INSERT INTO share_price (provider_query_id, isin, symbol, price, timestamp, open_high_close_low, volume) VALUES (8, 'US4523271090', 'ILMN.OQ', '313.58', '2018-12-18', 'CLOSE', 0);
INSERT INTO share_price (provider_query_id, isin, symbol, price, timestamp, open_high_close_low, volume) VALUES (8, 'US44980X1090', 'IPGP.OQ', '115.53', '2018-12-18', 'CLOSE', 0);
INSERT INTO share_price (provider_query_id, isin, symbol, price, timestamp, open_high_close_low, volume) VALUES (8, 'US4627261005', 'IRBT.OQ', '81.92', '2018-12-18', 'CLOSE', 0);
INSERT INTO share_price (provider_query_id, isin, symbol, price, timestamp, open_high_close_low, volume) VALUES (8, 'DE0005488100', 'ISRG.DE', '23.9', '2018-12-18', 'CLOSE', 0);
INSERT INTO share_price (provider_query_id, isin, symbol, price, timestamp, open_high_close_low, volume) VALUES (8, 'US46120E6023', 'ISRG.OQ', '482.36', '2018-12-18', 'CLOSE', 0);
INSERT INTO share_price (provider_query_id, isin, symbol, price, timestamp, open_high_close_low, volume) VALUES (8, 'US4778391049', 'JBT.N', '70.53', '2018-12-18', 'CLOSE', 0);
INSERT INTO share_price (provider_query_id, isin, symbol, price, timestamp, open_high_close_low, volume) VALUES (8, 'DE000A2NB601', 'JENGn.DE', '23.68', '2018-12-18', 'CLOSE', 0);
INSERT INTO share_price (provider_query_id, isin, symbol, price, timestamp, open_high_close_low, volume) VALUES (8, 'CH0100837282', 'KARN.S', '110', '2018-12-18', 'CLOSE', 0);
INSERT INTO share_price (provider_query_id, isin, symbol, price, timestamp, open_high_close_low, volume) VALUES (8, 'DE000KGX8881', 'KGX.DE', '42.94', '2018-12-18', 'CLOSE', 0);
INSERT INTO share_price (provider_query_id, isin, symbol, price, timestamp, open_high_close_low, volume) VALUES (8, 'DE0006335003', 'KRNG.DE', '70.1', '2018-12-18', 'CLOSE', 0);
INSERT INTO share_price (provider_query_id, isin, symbol, price, timestamp, open_high_close_low, volume) VALUES (8, 'US5339001068', 'LECO.OQ', '79.96', '2018-12-18', 'CLOSE', 0);
INSERT INTO share_price (provider_query_id, isin, symbol, price, timestamp, open_high_close_low, volume) VALUES (8, 'US5627501092', 'MANH.OQ', '43.88', '2018-12-18', 'CLOSE', 0);
INSERT INTO share_price (provider_query_id, isin, symbol, price, timestamp, open_high_close_low, volume) VALUES (8, 'CA57778L1031', 'MAXR.TO', '16.42', '2018-12-18', 'CLOSE', 0);
INSERT INTO share_price (provider_query_id, isin, symbol, price, timestamp, open_high_close_low, volume) VALUES (8, 'US5950171042', 'MCHP.OQ', '72.14', '2018-12-18', 'CLOSE', 0);
INSERT INTO share_price (provider_query_id, isin, symbol, price, timestamp, open_high_close_low, volume) VALUES (8, 'IL0011068553', 'MZOR.TA', '109.3', '2018-12-18', 'CLOSE', 0);
INSERT INTO share_price (provider_query_id, isin, symbol, price, timestamp, open_high_close_low, volume) VALUES (8, 'US6365181022', 'NATI.OQ', '45.76', '2018-12-18', 'CLOSE', 0);
INSERT INTO share_price (provider_query_id, isin, symbol, price, timestamp, open_high_close_low, volume) VALUES (8, 'US6556631025', 'NDSN.OQ', '116.29', '2018-12-18', 'CLOSE', 0);
INSERT INTO share_price (provider_query_id, isin, symbol, price, timestamp, open_high_close_low, volume) VALUES (8, 'CA67000B1040', 'NOVT.OQ', '61.39', '2018-12-18', 'CLOSE', 0);
INSERT INTO share_price (provider_query_id, isin, symbol, price, timestamp, open_high_close_low, volume) VALUES (8, 'US67020Y1001', 'NUAN.OQ', '14.32', '2018-12-18', 'CLOSE', 0);
INSERT INTO share_price (provider_query_id, isin, symbol, price, timestamp, open_high_close_low, volume) VALUES (8, 'US67066G1040', 'NVDA.OQ', '146.94', '2018-12-18', 'CLOSE', 0);
INSERT INTO share_price (provider_query_id, isin, symbol, price, timestamp, open_high_close_low, volume) VALUES (8, 'GB00B3MBS747', 'OCDO.L', '7.75', '2018-12-18', 'CLOSE', 0);
INSERT INTO share_price (provider_query_id, isin, symbol, price, timestamp, open_high_close_low, volume) VALUES (8, 'US6752321025', 'OII.N', '14.21', '2018-12-18', 'CLOSE', 0);
INSERT INTO share_price (provider_query_id, isin, symbol, price, timestamp, open_high_close_low, volume) VALUES (8, 'US69370C1009', 'PTC.OQ', '83.53', '2018-12-18', 'CLOSE', 0);
INSERT INTO share_price (provider_query_id, isin, symbol, price, timestamp, open_high_close_low, volume) VALUES (8, 'US7475251036', 'QCOM.OQ', '57.78', '2018-12-18', 'CLOSE', 0);
INSERT INTO share_price (provider_query_id, isin, symbol, price, timestamp, open_high_close_low, volume) VALUES (8, 'NL0012169213', 'QGEN.N', '33.77', '2018-12-18', 'CLOSE', 0);
INSERT INTO share_price (provider_query_id, isin, symbol, price, timestamp, open_high_close_low, volume) VALUES (8, 'US7542121089', 'RAVN.OQ', '35.98', '2018-12-18', 'CLOSE', 0);
INSERT INTO share_price (provider_query_id, isin, symbol, price, timestamp, open_high_close_low, volume) VALUES (8, 'US7739031091', 'ROK.N', '153.66', '2018-12-18', 'CLOSE', 0);
INSERT INTO share_price (provider_query_id, isin, symbol, price, timestamp, open_high_close_low, volume) VALUES (8, 'GB0007323586', 'RSW.L', '39.32', '2018-12-18', 'CLOSE', 0);
INSERT INTO share_price (provider_query_id, isin, symbol, price, timestamp, open_high_close_low, volume) VALUES (8, 'FR0000121972', 'SCHN.PA', '60.48', '2018-12-18', 'CLOSE', 0);
INSERT INTO share_price (provider_query_id, isin, symbol, price, timestamp, open_high_close_low, volume) VALUES (8, 'DE0007236101', 'SIEGn.DE', '100.32', '2018-12-18', 'CLOSE', 0);
INSERT INTO share_price (provider_query_id, isin, symbol, price, timestamp, open_high_close_low, volume) VALUES (8, 'IL0011267213', 'SSYS.OQ', '18.66', '2018-12-18', 'CLOSE', 0);
INSERT INTO share_price (provider_query_id, isin, symbol, price, timestamp, open_high_close_low, volume) VALUES (8, 'US8793601050', 'TDY.N', '203.11', '2018-12-18', 'CLOSE', 0);
INSERT INTO share_price (provider_query_id, isin, symbol, price, timestamp, open_high_close_low, volume) VALUES (8, 'CH0012100191', 'TECN.S', '188.1', '2018-12-18', 'CLOSE', 0);
INSERT INTO share_price (provider_query_id, isin, symbol, price, timestamp, open_high_close_low, volume) VALUES (8, 'US8807701029', 'TER.OQ', '31.96', '2018-12-18', 'CLOSE', 0);
INSERT INTO share_price (provider_query_id, isin, symbol, price, timestamp, open_high_close_low, volume) VALUES (8, 'US8962391004', 'TRMB.OQ', '33.08', '2018-12-18', 'CLOSE', 0);
INSERT INTO share_price (provider_query_id, isin, symbol, price, timestamp, open_high_close_low, volume) VALUES (8, 'CH0033361673', 'UBXN.S', '77.3', '2018-12-18', 'CLOSE', 0);
INSERT INTO share_price (provider_query_id, isin, symbol, price, timestamp, open_high_close_low, volume) VALUES (8, 'US92220P1057', 'VAR.N', '115.49', '2018-12-18', 'CLOSE', 0);
INSERT INTO share_price (provider_query_id, isin, symbol, price, timestamp, open_high_close_low, volume) VALUES (8, 'US9839191015', 'XLNX.OQ', '89.23', '2018-12-18', 'CLOSE', 0);
INSERT INTO share_price (provider_query_id, isin, symbol, price, timestamp, open_high_close_low, volume) VALUES (8, 'US9892071054', 'ZBRA.OQ', '162.93', '2018-12-18', 'CLOSE', 0);

INSERT INTO share_price (provider_query_id, isin, symbol, price, timestamp, open_high_close_low, volume) VALUES (8, 'KR7098460009', '098460.KQ', '81300', '2018-12-19', 'CLOSE', 0);
INSERT INTO share_price (provider_query_id, isin, symbol, price, timestamp, open_high_close_low, volume) VALUES (8, 'KYG014081064', '1590.TW', '319.5', '2018-12-19', 'CLOSE', 0);
INSERT INTO share_price (provider_query_id, isin, symbol, price, timestamp, open_high_close_low, volume) VALUES (8, 'TW0002049004', '2049.TW', '230', '2018-12-19', 'CLOSE', 0);
INSERT INTO share_price (provider_query_id, isin, symbol, price, timestamp, open_high_close_low, volume) VALUES (8, 'TW0002308004', '2308.TW', '132.5', '2018-12-19', 'CLOSE', 0);
INSERT INTO share_price (provider_query_id, isin, symbol, price, timestamp, open_high_close_low, volume) VALUES (8, 'TW0002395001', '2395.TW', '224.5', '2018-12-19', 'CLOSE', 0);
INSERT INTO share_price (provider_query_id, isin, symbol, price, timestamp, open_high_close_low, volume) VALUES (8, 'TW0003443008', '3443.TW', '205', '2018-12-19', 'CLOSE', 0);
INSERT INTO share_price (provider_query_id, isin, symbol, price, timestamp, open_high_close_low, volume) VALUES (8, 'JP3592600005', '6104.T', '1921', '2018-12-19', 'CLOSE', 0);
INSERT INTO share_price (provider_query_id, isin, symbol, price, timestamp, open_high_close_low, volume) VALUES (8, 'JP3102400003', '6118.T', '744', '2018-12-19', 'CLOSE', 0);
INSERT INTO share_price (provider_query_id, isin, symbol, price, timestamp, open_high_close_low, volume) VALUES (8, 'JP3809200003', '6134.T', '1279', '2018-12-19', 'CLOSE', 0);
INSERT INTO share_price (provider_query_id, isin, symbol, price, timestamp, open_high_close_low, volume) VALUES (8, 'JP3651210001', '6268.T', '2639', '2018-12-19', 'CLOSE', 0);
INSERT INTO share_price (provider_query_id, isin, symbol, price, timestamp, open_high_close_low, volume) VALUES (8, 'JP3162600005', '6273.T', '35060', '2018-12-19', 'CLOSE', 0);
INSERT INTO share_price (provider_query_id, isin, symbol, price, timestamp, open_high_close_low, volume) VALUES (8, 'JP3765150002', '6324.T', '3290', '2018-12-19', 'CLOSE', 0);
INSERT INTO share_price (provider_query_id, isin, symbol, price, timestamp, open_high_close_low, volume) VALUES (8, 'JP3497400006', '6383.T', '5490', '2018-12-19', 'CLOSE', 0);
INSERT INTO share_price (provider_query_id, isin, symbol, price, timestamp, open_high_close_low, volume) VALUES (8, 'JP3124400007', '6436.T', '2278', '2018-12-19', 'CLOSE', 0);
INSERT INTO share_price (provider_query_id, isin, symbol, price, timestamp, open_high_close_low, volume) VALUES (8, 'JP3813200007', '6474.T', '4080', '2018-12-19', 'CLOSE', 0);
INSERT INTO share_price (provider_query_id, isin, symbol, price, timestamp, open_high_close_low, volume) VALUES (8, 'JP3539250005', '6481.T', '2269', '2018-12-19', 'CLOSE', 0);
INSERT INTO share_price (provider_query_id, isin, symbol, price, timestamp, open_high_close_low, volume) VALUES (8, 'JP3944500002', '6482.T', '938', '2018-12-19', 'CLOSE', 0);
INSERT INTO share_price (provider_query_id, isin, symbol, price, timestamp, open_high_close_low, volume) VALUES (8, 'JP3902400005', '6503.T', '1282', '2018-12-19', 'CLOSE', 0);
INSERT INTO share_price (provider_query_id, isin, symbol, price, timestamp, open_high_close_low, volume) VALUES (8, 'JP3932000007', '6506.T', '3040', '2018-12-19', 'CLOSE', 0);
INSERT INTO share_price (provider_query_id, isin, symbol, price, timestamp, open_high_close_low, volume) VALUES (8, 'JP3497800007', '6622.T', '2414', '2018-12-19', 'CLOSE', 0);
INSERT INTO share_price (provider_query_id, isin, symbol, price, timestamp, open_high_close_low, volume) VALUES (8, 'JP3197800000', '6645.T', '4290', '2018-12-19', 'CLOSE', 0);
INSERT INTO share_price (provider_query_id, isin, symbol, price, timestamp, open_high_close_low, volume) VALUES (8, 'JP3955000009', '6841.T', '1990', '2018-12-19', 'CLOSE', 0);
INSERT INTO share_price (provider_query_id, isin, symbol, price, timestamp, open_high_close_low, volume) VALUES (8, 'JP3236200006', '6861.T', '56610', '2018-12-19', 'CLOSE', 0);
INSERT INTO share_price (provider_query_id, isin, symbol, price, timestamp, open_high_close_low, volume) VALUES (8, 'JP3197700002', '6914.T', '1901', '2018-12-19', 'CLOSE', 0);
INSERT INTO share_price (provider_query_id, isin, symbol, price, timestamp, open_high_close_low, volume) VALUES (8, 'JP3802400006', '6954.T', '16950', '2018-12-19', 'CLOSE', 0);
INSERT INTO share_price (provider_query_id, isin, symbol, price, timestamp, open_high_close_low, volume) VALUES (8, 'JP3630400004', '7732.T', '1544', '2018-12-19', 'CLOSE', 0);
INSERT INTO share_price (provider_query_id, isin, symbol, price, timestamp, open_high_close_low, volume) VALUES (8, 'CH0012221716', 'ABBN.S', '19.305', '2018-12-19', 'CLOSE', 0);
INSERT INTO share_price (provider_query_id, isin, symbol, price, timestamp, open_high_close_low, volume) VALUES (8, 'US0527691069', 'ADSK.OQ', '128.13', '2018-12-19', 'CLOSE', 0);
INSERT INTO share_price (provider_query_id, isin, symbol, price, timestamp, open_high_close_low, volume) VALUES (8, 'DE000A111338', 'AM3D.DE', '10.52', '2018-12-19', 'CLOSE', 0);
INSERT INTO share_price (provider_query_id, isin, symbol, price, timestamp, open_high_close_low, volume) VALUES (8, 'KYG037AX1015', 'AMBA.OQ', '36.51', '2018-12-19', 'CLOSE', 0);
INSERT INTO share_price (provider_query_id, isin, symbol, price, timestamp, open_high_close_low, volume) VALUES (8, 'JE00B783TY65', 'APTV.N', '62', '2018-12-19', 'CLOSE', 0);
INSERT INTO share_price (provider_query_id, isin, symbol, price, timestamp, open_high_close_low, volume) VALUES (8, 'US0043971052', 'ARAY.OQ', '3.61', '2018-12-19', 'CLOSE', 0);
INSERT INTO share_price (provider_query_id, isin, symbol, price, timestamp, open_high_close_low, volume) VALUES (8, 'CA0019401052', 'ATA.TO', '15.38', '2018-12-19', 'CLOSE', 0);
INSERT INTO share_price (provider_query_id, isin, symbol, price, timestamp, open_high_close_low, volume) VALUES (8, 'US0080731088', 'AVAV.OQ', '70.13', '2018-12-19', 'CLOSE', 0);
INSERT INTO share_price (provider_query_id, isin, symbol, price, timestamp, open_high_close_low, volume) VALUES (8, 'US1143401024', 'BRKS.OQ', '24.9', '2018-12-19', 'CLOSE', 0);
INSERT INTO share_price (provider_query_id, isin, symbol, price, timestamp, open_high_close_low, volume) VALUES (8, 'US1273871087', 'CDNS.OQ', '42.09', '2018-12-19', 'CLOSE', 0);
INSERT INTO share_price (provider_query_id, isin, symbol, price, timestamp, open_high_close_low, volume) VALUES (8, 'FI0009013429', 'CGCBV.HE', '27.9', '2018-12-19', 'CLOSE', 0);
INSERT INTO share_price (provider_query_id, isin, symbol, price, timestamp, open_high_close_low, volume) VALUES (8, 'US1924221039', 'CGNX.OQ', '37.57', '2018-12-19', 'CLOSE', 0);
INSERT INTO share_price (provider_query_id, isin, symbol, price, timestamp, open_high_close_low, volume) VALUES (8, 'FR0000130650', 'DAST.PA', '104.3', '2018-12-19', 'CLOSE', 0);
INSERT INTO share_price (provider_query_id, isin, symbol, price, timestamp, open_high_close_low, volume) VALUES (8, 'US88554D2053', 'DDD.N', '10.41', '2018-12-19', 'CLOSE', 0);
INSERT INTO share_price (provider_query_id, isin, symbol, price, timestamp, open_high_close_low, volume) VALUES (8, 'US2441991054', 'DE.N', '146.08', '2018-12-19', 'CLOSE', 0);
INSERT INTO share_price (provider_query_id, isin, symbol, price, timestamp, open_high_close_low, volume) VALUES (8, 'DE0005565204', 'DUEG.DE', '31.4', '2018-12-19', 'CLOSE', 0);
INSERT INTO share_price (provider_query_id, isin, symbol, price, timestamp, open_high_close_low, volume) VALUES (8, 'SE0000163628', 'EKTAb.ST', '112.05', '2018-12-19', 'CLOSE', 0);
INSERT INTO share_price (provider_query_id, isin, symbol, price, timestamp, open_high_close_low, volume) VALUES (8, 'US3116421021', 'FARO.OQ', '43.56', '2018-12-19', 'CLOSE', 0);
INSERT INTO share_price (provider_query_id, isin, symbol, price, timestamp, open_high_close_low, volume) VALUES (8, 'US3024451011', 'FLIR.OQ', '42.59', '2018-12-19', 'CLOSE', 0);
INSERT INTO share_price (provider_query_id, isin, symbol, price, timestamp, open_high_close_low, volume) VALUES (8, 'DE0006602006', 'G1AG.DE', '22', '2018-12-19', 'CLOSE', 0);
INSERT INTO share_price (provider_query_id, isin, symbol, price, timestamp, open_high_close_low, volume) VALUES (8, 'SE0000103699', 'HEXAb.ST', '412.5', '2018-12-19', 'CLOSE', 0);
INSERT INTO share_price (provider_query_id, isin, symbol, price, timestamp, open_high_close_low, volume) VALUES (8, 'US42330P1075', 'HLX.N', '6.01', '2018-12-19', 'CLOSE', 0);
INSERT INTO share_price (provider_query_id, isin, symbol, price, timestamp, open_high_close_low, volume) VALUES (8, 'VGG456671053', 'HOLI.OQ', '18', '2018-12-19', 'CLOSE', 0);
INSERT INTO share_price (provider_query_id, isin, symbol, price, timestamp, open_high_close_low, volume) VALUES (8, 'US4523271090', 'ILMN.OQ', '303.4', '2018-12-19', 'CLOSE', 0);
INSERT INTO share_price (provider_query_id, isin, symbol, price, timestamp, open_high_close_low, volume) VALUES (8, 'US44980X1090', 'IPGP.OQ', '112.79', '2018-12-19', 'CLOSE', 0);
INSERT INTO share_price (provider_query_id, isin, symbol, price, timestamp, open_high_close_low, volume) VALUES (8, 'US4627261005', 'IRBT.OQ', '81.17', '2018-12-19', 'CLOSE', 0);
INSERT INTO share_price (provider_query_id, isin, symbol, price, timestamp, open_high_close_low, volume) VALUES (8, 'DE0005488100', 'ISRG.DE', '23.6', '2018-12-19', 'CLOSE', 0);
INSERT INTO share_price (provider_query_id, isin, symbol, price, timestamp, open_high_close_low, volume) VALUES (8, 'US46120E6023', 'ISRG.OQ', '471.92', '2018-12-19', 'CLOSE', 0);
INSERT INTO share_price (provider_query_id, isin, symbol, price, timestamp, open_high_close_low, volume) VALUES (8, 'US4778391049', 'JBT.N', '69.02', '2018-12-19', 'CLOSE', 0);
INSERT INTO share_price (provider_query_id, isin, symbol, price, timestamp, open_high_close_low, volume) VALUES (8, 'DE000A2NB601', 'JENGn.DE', '24.18', '2018-12-19', 'CLOSE', 0);
INSERT INTO share_price (provider_query_id, isin, symbol, price, timestamp, open_high_close_low, volume) VALUES (8, 'CH0100837282', 'KARN.S', '111.6', '2018-12-19', 'CLOSE', 0);
INSERT INTO share_price (provider_query_id, isin, symbol, price, timestamp, open_high_close_low, volume) VALUES (8, 'DE000KGX8881', 'KGX.DE', '43.05', '2018-12-19', 'CLOSE', 0);
INSERT INTO share_price (provider_query_id, isin, symbol, price, timestamp, open_high_close_low, volume) VALUES (8, 'DE0006335003', 'KRNG.DE', '68.4', '2018-12-19', 'CLOSE', 0);
INSERT INTO share_price (provider_query_id, isin, symbol, price, timestamp, open_high_close_low, volume) VALUES (8, 'US5339001068', 'LECO.OQ', '77.03', '2018-12-19', 'CLOSE', 0);
INSERT INTO share_price (provider_query_id, isin, symbol, price, timestamp, open_high_close_low, volume) VALUES (8, 'US5627501092', 'MANH.OQ', '43.11', '2018-12-19', 'CLOSE', 0);
INSERT INTO share_price (provider_query_id, isin, symbol, price, timestamp, open_high_close_low, volume) VALUES (8, 'CA57778L1031', 'MAXR.TO', '16.24', '2018-12-19', 'CLOSE', 0);
INSERT INTO share_price (provider_query_id, isin, symbol, price, timestamp, open_high_close_low, volume) VALUES (8, 'US5950171042', 'MCHP.OQ', '68.61', '2018-12-19', 'CLOSE', 0);
INSERT INTO share_price (provider_query_id, isin, symbol, price, timestamp, open_high_close_low, volume) VALUES (8, 'IL0011068553', 'MZOR.TA', '109.3', '2018-12-19', 'CLOSE', 0);
INSERT INTO share_price (provider_query_id, isin, symbol, price, timestamp, open_high_close_low, volume) VALUES (8, 'US6365181022', 'NATI.OQ', '45.35', '2018-12-19', 'CLOSE', 0);
INSERT INTO share_price (provider_query_id, isin, symbol, price, timestamp, open_high_close_low, volume) VALUES (8, 'US6556631025', 'NDSN.OQ', '114.78', '2018-12-19', 'CLOSE', 0);
INSERT INTO share_price (provider_query_id, isin, symbol, price, timestamp, open_high_close_low, volume) VALUES (8, 'CA67000B1040', 'NOVT.OQ', '62.21', '2018-12-19', 'CLOSE', 0);
INSERT INTO share_price (provider_query_id, isin, symbol, price, timestamp, open_high_close_low, volume) VALUES (8, 'US67020Y1001', 'NUAN.OQ', '14.08', '2018-12-19', 'CLOSE', 0);
INSERT INTO share_price (provider_query_id, isin, symbol, price, timestamp, open_high_close_low, volume) VALUES (8, 'US67066G1040', 'NVDA.OQ', '138.51', '2018-12-19', 'CLOSE', 0);
INSERT INTO share_price (provider_query_id, isin, symbol, price, timestamp, open_high_close_low, volume) VALUES (8, 'GB00B3MBS747', 'OCDO.L', '7.78', '2018-12-19', 'CLOSE', 0);
INSERT INTO share_price (provider_query_id, isin, symbol, price, timestamp, open_high_close_low, volume) VALUES (8, 'US6752321025', 'OII.N', '13.94', '2018-12-19', 'CLOSE', 0);
INSERT INTO share_price (provider_query_id, isin, symbol, price, timestamp, open_high_close_low, volume) VALUES (8, 'US69370C1009', 'PTC.OQ', '83.9', '2018-12-19', 'CLOSE', 0);
INSERT INTO share_price (provider_query_id, isin, symbol, price, timestamp, open_high_close_low, volume) VALUES (8, 'US7475251036', 'QCOM.OQ', '56.69', '2018-12-19', 'CLOSE', 0);
INSERT INTO share_price (provider_query_id, isin, symbol, price, timestamp, open_high_close_low, volume) VALUES (8, 'NL0012169213', 'QGEN.N', '33.46', '2018-12-19', 'CLOSE', 0);
INSERT INTO share_price (provider_query_id, isin, symbol, price, timestamp, open_high_close_low, volume) VALUES (8, 'US7542121089', 'RAVN.OQ', '34.76', '2018-12-19', 'CLOSE', 0);
INSERT INTO share_price (provider_query_id, isin, symbol, price, timestamp, open_high_close_low, volume) VALUES (8, 'US7739031091', 'ROK.N', '151.23', '2018-12-19', 'CLOSE', 0);
INSERT INTO share_price (provider_query_id, isin, symbol, price, timestamp, open_high_close_low, volume) VALUES (8, 'GB0007323586', 'RSW.L', '39.74', '2018-12-19', 'CLOSE', 0);
INSERT INTO share_price (provider_query_id, isin, symbol, price, timestamp, open_high_close_low, volume) VALUES (8, 'FR0000121972', 'SCHN.PA', '60.22', '2018-12-19', 'CLOSE', 0);
INSERT INTO share_price (provider_query_id, isin, symbol, price, timestamp, open_high_close_low, volume) VALUES (8, 'DE0007236101', 'SIEGn.DE', '99.51', '2018-12-19', 'CLOSE', 0);
INSERT INTO share_price (provider_query_id, isin, symbol, price, timestamp, open_high_close_low, volume) VALUES (8, 'IL0011267213', 'SSYS.OQ', '19.35', '2018-12-19', 'CLOSE', 0);
INSERT INTO share_price (provider_query_id, isin, symbol, price, timestamp, open_high_close_low, volume) VALUES (8, 'US8793601050', 'TDY.N', '198.28', '2018-12-19', 'CLOSE', 0);
INSERT INTO share_price (provider_query_id, isin, symbol, price, timestamp, open_high_close_low, volume) VALUES (8, 'CH0012100191', 'TECN.S', '185.4', '2018-12-19', 'CLOSE', 0);
INSERT INTO share_price (provider_query_id, isin, symbol, price, timestamp, open_high_close_low, volume) VALUES (8, 'US8807701029', 'TER.OQ', '30.6', '2018-12-19', 'CLOSE', 0);
INSERT INTO share_price (provider_query_id, isin, symbol, price, timestamp, open_high_close_low, volume) VALUES (8, 'US8962391004', 'TRMB.OQ', '32.48', '2018-12-19', 'CLOSE', 0);
INSERT INTO share_price (provider_query_id, isin, symbol, price, timestamp, open_high_close_low, volume) VALUES (8, 'CH0033361673', 'UBXN.S', '75.1', '2018-12-19', 'CLOSE', 0);
INSERT INTO share_price (provider_query_id, isin, symbol, price, timestamp, open_high_close_low, volume) VALUES (8, 'US92220P1057', 'VAR.N', '113.92', '2018-12-19', 'CLOSE', 0);
INSERT INTO share_price (provider_query_id, isin, symbol, price, timestamp, open_high_close_low, volume) VALUES (8, 'US9839191015', 'XLNX.OQ', '85.22', '2018-12-19', 'CLOSE', 0);
INSERT INTO share_price (provider_query_id, isin, symbol, price, timestamp, open_high_close_low, volume) VALUES (8, 'US9892071054', 'ZBRA.OQ', '159.04', '2018-12-19', 'CLOSE', 0);

INSERT INTO share_price (provider_query_id, isin, symbol, price, timestamp, open_high_close_low, volume) VALUES (8, 'KR7098460009', '098460.KQ', '80100', '2018-12-20', 'CLOSE', 0);
INSERT INTO share_price (provider_query_id, isin, symbol, price, timestamp, open_high_close_low, volume) VALUES (8, 'KYG014081064', '1590.TW', '308', '2018-12-20', 'CLOSE', 0);
INSERT INTO share_price (provider_query_id, isin, symbol, price, timestamp, open_high_close_low, volume) VALUES (8, 'TW0002049004', '2049.TW', '220.5', '2018-12-20', 'CLOSE', 0);
INSERT INTO share_price (provider_query_id, isin, symbol, price, timestamp, open_high_close_low, volume) VALUES (8, 'TW0002308004', '2308.TW', '133', '2018-12-20', 'CLOSE', 0);
INSERT INTO share_price (provider_query_id, isin, symbol, price, timestamp, open_high_close_low, volume) VALUES (8, 'TW0002395001', '2395.TW', '219.5', '2018-12-20', 'CLOSE', 0);
INSERT INTO share_price (provider_query_id, isin, symbol, price, timestamp, open_high_close_low, volume) VALUES (8, 'TW0003443008', '3443.TW', '196', '2018-12-20', 'CLOSE', 0);
INSERT INTO share_price (provider_query_id, isin, symbol, price, timestamp, open_high_close_low, volume) VALUES (8, 'JP3592600005', '6104.T', '1870', '2018-12-20', 'CLOSE', 0);
INSERT INTO share_price (provider_query_id, isin, symbol, price, timestamp, open_high_close_low, volume) VALUES (8, 'JP3102400003', '6118.T', '675', '2018-12-20', 'CLOSE', 0);
INSERT INTO share_price (provider_query_id, isin, symbol, price, timestamp, open_high_close_low, volume) VALUES (8, 'JP3809200003', '6134.T', '1256', '2018-12-20', 'CLOSE', 0);
INSERT INTO share_price (provider_query_id, isin, symbol, price, timestamp, open_high_close_low, volume) VALUES (8, 'JP3651210001', '6268.T', '2474', '2018-12-20', 'CLOSE', 0);
INSERT INTO share_price (provider_query_id, isin, symbol, price, timestamp, open_high_close_low, volume) VALUES (8, 'JP3162600005', '6273.T', '33740', '2018-12-20', 'CLOSE', 0);
INSERT INTO share_price (provider_query_id, isin, symbol, price, timestamp, open_high_close_low, volume) VALUES (8, 'JP3765150002', '6324.T', '3195', '2018-12-20', 'CLOSE', 0);
INSERT INTO share_price (provider_query_id, isin, symbol, price, timestamp, open_high_close_low, volume) VALUES (8, 'JP3497400006', '6383.T', '5220', '2018-12-20', 'CLOSE', 0);
INSERT INTO share_price (provider_query_id, isin, symbol, price, timestamp, open_high_close_low, volume) VALUES (8, 'JP3124400007', '6436.T', '2183', '2018-12-20', 'CLOSE', 0);
INSERT INTO share_price (provider_query_id, isin, symbol, price, timestamp, open_high_close_low, volume) VALUES (8, 'JP3813200007', '6474.T', '3890', '2018-12-20', 'CLOSE', 0);
INSERT INTO share_price (provider_query_id, isin, symbol, price, timestamp, open_high_close_low, volume) VALUES (8, 'JP3539250005', '6481.T', '2159', '2018-12-20', 'CLOSE', 0);
INSERT INTO share_price (provider_query_id, isin, symbol, price, timestamp, open_high_close_low, volume) VALUES (8, 'JP3944500002', '6482.T', '912', '2018-12-20', 'CLOSE', 0);
INSERT INTO share_price (provider_query_id, isin, symbol, price, timestamp, open_high_close_low, volume) VALUES (8, 'JP3902400005', '6503.T', '1234.5', '2018-12-20', 'CLOSE', 0);
INSERT INTO share_price (provider_query_id, isin, symbol, price, timestamp, open_high_close_low, volume) VALUES (8, 'JP3932000007', '6506.T', '2863', '2018-12-20', 'CLOSE', 0);
INSERT INTO share_price (provider_query_id, isin, symbol, price, timestamp, open_high_close_low, volume) VALUES (8, 'JP3497800007', '6622.T', '2266', '2018-12-20', 'CLOSE', 0);
INSERT INTO share_price (provider_query_id, isin, symbol, price, timestamp, open_high_close_low, volume) VALUES (8, 'JP3197800000', '6645.T', '4140', '2018-12-20', 'CLOSE', 0);
INSERT INTO share_price (provider_query_id, isin, symbol, price, timestamp, open_high_close_low, volume) VALUES (8, 'JP3955000009', '6841.T', '1904', '2018-12-20', 'CLOSE', 0);
INSERT INTO share_price (provider_query_id, isin, symbol, price, timestamp, open_high_close_low, volume) VALUES (8, 'JP3236200006', '6861.T', '55580', '2018-12-20', 'CLOSE', 0);
INSERT INTO share_price (provider_query_id, isin, symbol, price, timestamp, open_high_close_low, volume) VALUES (8, 'JP3197700002', '6914.T', '1868', '2018-12-20', 'CLOSE', 0);
INSERT INTO share_price (provider_query_id, isin, symbol, price, timestamp, open_high_close_low, volume) VALUES (8, 'JP3802400006', '6954.T', '16340', '2018-12-20', 'CLOSE', 0);
INSERT INTO share_price (provider_query_id, isin, symbol, price, timestamp, open_high_close_low, volume) VALUES (8, 'JP3630400004', '7732.T', '1485', '2018-12-20', 'CLOSE', 0);
INSERT INTO share_price (provider_query_id, isin, symbol, price, timestamp, open_high_close_low, volume) VALUES (8, 'CH0012221716', 'ABBN.S', '18.745', '2018-12-20', 'CLOSE', 0);
INSERT INTO share_price (provider_query_id, isin, symbol, price, timestamp, open_high_close_low, volume) VALUES (8, 'US0527691069', 'ADSK.OQ', '124.93', '2018-12-20', 'CLOSE', 0);
INSERT INTO share_price (provider_query_id, isin, symbol, price, timestamp, open_high_close_low, volume) VALUES (8, 'DE000A111338', 'AM3D.DE', '10.64', '2018-12-20', 'CLOSE', 0);
INSERT INTO share_price (provider_query_id, isin, symbol, price, timestamp, open_high_close_low, volume) VALUES (8, 'KYG037AX1015', 'AMBA.OQ', '35.47', '2018-12-20', 'CLOSE', 0);
INSERT INTO share_price (provider_query_id, isin, symbol, price, timestamp, open_high_close_low, volume) VALUES (8, 'JE00B783TY65', 'APTV.N', '62.36', '2018-12-20', 'CLOSE', 0);
INSERT INTO share_price (provider_query_id, isin, symbol, price, timestamp, open_high_close_low, volume) VALUES (8, 'US0043971052', 'ARAY.OQ', '3.41', '2018-12-20', 'CLOSE', 0);
INSERT INTO share_price (provider_query_id, isin, symbol, price, timestamp, open_high_close_low, volume) VALUES (8, 'CA0019401052', 'ATA.TO', '13.71', '2018-12-20', 'CLOSE', 0);
INSERT INTO share_price (provider_query_id, isin, symbol, price, timestamp, open_high_close_low, volume) VALUES (8, 'US0080731088', 'AVAV.OQ', '67.37', '2018-12-20', 'CLOSE', 0);
INSERT INTO share_price (provider_query_id, isin, symbol, price, timestamp, open_high_close_low, volume) VALUES (8, 'US1143401024', 'BRKS.OQ', '24.43', '2018-12-20', 'CLOSE', 0);
INSERT INTO share_price (provider_query_id, isin, symbol, price, timestamp, open_high_close_low, volume) VALUES (8, 'US1273871087', 'CDNS.OQ', '41.56', '2018-12-20', 'CLOSE', 0);
INSERT INTO share_price (provider_query_id, isin, symbol, price, timestamp, open_high_close_low, volume) VALUES (8, 'FI0009013429', 'CGCBV.HE', '27.66', '2018-12-20', 'CLOSE', 0);
INSERT INTO share_price (provider_query_id, isin, symbol, price, timestamp, open_high_close_low, volume) VALUES (8, 'US1924221039', 'CGNX.OQ', '36.47', '2018-12-20', 'CLOSE', 0);
INSERT INTO share_price (provider_query_id, isin, symbol, price, timestamp, open_high_close_low, volume) VALUES (8, 'FR0000130650', 'DAST.PA', '100.8', '2018-12-20', 'CLOSE', 0);
INSERT INTO share_price (provider_query_id, isin, symbol, price, timestamp, open_high_close_low, volume) VALUES (8, 'US88554D2053', 'DDD.N', '9.95', '2018-12-20', 'CLOSE', 0);
INSERT INTO share_price (provider_query_id, isin, symbol, price, timestamp, open_high_close_low, volume) VALUES (8, 'US2441991054', 'DE.N', '144.64', '2018-12-20', 'CLOSE', 0);
INSERT INTO share_price (provider_query_id, isin, symbol, price, timestamp, open_high_close_low, volume) VALUES (8, 'DE0005565204', 'DUEG.DE', '31.3', '2018-12-20', 'CLOSE', 0);
INSERT INTO share_price (provider_query_id, isin, symbol, price, timestamp, open_high_close_low, volume) VALUES (8, 'SE0000163628', 'EKTAb.ST', '109', '2018-12-20', 'CLOSE', 0);
INSERT INTO share_price (provider_query_id, isin, symbol, price, timestamp, open_high_close_low, volume) VALUES (8, 'US3116421021', 'FARO.OQ', '42.22', '2018-12-20', 'CLOSE', 0);
INSERT INTO share_price (provider_query_id, isin, symbol, price, timestamp, open_high_close_low, volume) VALUES (8, 'US3024451011', 'FLIR.OQ', '42.1', '2018-12-20', 'CLOSE', 0);
INSERT INTO share_price (provider_query_id, isin, symbol, price, timestamp, open_high_close_low, volume) VALUES (8, 'DE0006602006', 'G1AG.DE', '21.81', '2018-12-20', 'CLOSE', 0);
INSERT INTO share_price (provider_query_id, isin, symbol, price, timestamp, open_high_close_low, volume) VALUES (8, 'SE0000103699', 'HEXAb.ST', '406.5', '2018-12-20', 'CLOSE', 0);
INSERT INTO share_price (provider_query_id, isin, symbol, price, timestamp, open_high_close_low, volume) VALUES (8, 'US42330P1075', 'HLX.N', '5.78', '2018-12-20', 'CLOSE', 0);
INSERT INTO share_price (provider_query_id, isin, symbol, price, timestamp, open_high_close_low, volume) VALUES (8, 'VGG456671053', 'HOLI.OQ', '17.19', '2018-12-20', 'CLOSE', 0);
INSERT INTO share_price (provider_query_id, isin, symbol, price, timestamp, open_high_close_low, volume) VALUES (8, 'US4523271090', 'ILMN.OQ', '292.25', '2018-12-20', 'CLOSE', 0);
INSERT INTO share_price (provider_query_id, isin, symbol, price, timestamp, open_high_close_low, volume) VALUES (8, 'US44980X1090', 'IPGP.OQ', '114.38', '2018-12-20', 'CLOSE', 0);
INSERT INTO share_price (provider_query_id, isin, symbol, price, timestamp, open_high_close_low, volume) VALUES (8, 'US4627261005', 'IRBT.OQ', '79.56', '2018-12-20', 'CLOSE', 0);
INSERT INTO share_price (provider_query_id, isin, symbol, price, timestamp, open_high_close_low, volume) VALUES (8, 'DE0005488100', 'ISRG.DE', '23.45', '2018-12-20', 'CLOSE', 0);
INSERT INTO share_price (provider_query_id, isin, symbol, price, timestamp, open_high_close_low, volume) VALUES (8, 'US46120E6023', 'ISRG.OQ', '459.88', '2018-12-20', 'CLOSE', 0);
INSERT INTO share_price (provider_query_id, isin, symbol, price, timestamp, open_high_close_low, volume) VALUES (8, 'US4778391049', 'JBT.N', '67.98', '2018-12-20', 'CLOSE', 0);
INSERT INTO share_price (provider_query_id, isin, symbol, price, timestamp, open_high_close_low, volume) VALUES (8, 'DE000A2NB601', 'JENGn.DE', '23.36', '2018-12-20', 'CLOSE', 0);
INSERT INTO share_price (provider_query_id, isin, symbol, price, timestamp, open_high_close_low, volume) VALUES (8, 'CH0100837282', 'KARN.S', '109.8', '2018-12-20', 'CLOSE', 0);
INSERT INTO share_price (provider_query_id, isin, symbol, price, timestamp, open_high_close_low, volume) VALUES (8, 'DE000KGX8881', 'KGX.DE', '41.41', '2018-12-20', 'CLOSE', 0);
INSERT INTO share_price (provider_query_id, isin, symbol, price, timestamp, open_high_close_low, volume) VALUES (8, 'DE0006335003', 'KRNG.DE', '67.35', '2018-12-20', 'CLOSE', 0);
INSERT INTO share_price (provider_query_id, isin, symbol, price, timestamp, open_high_close_low, volume) VALUES (8, 'US5339001068', 'LECO.OQ', '76.15', '2018-12-20', 'CLOSE', 0);
INSERT INTO share_price (provider_query_id, isin, symbol, price, timestamp, open_high_close_low, volume) VALUES (8, 'US5627501092', 'MANH.OQ', '42.91', '2018-12-20', 'CLOSE', 0);
INSERT INTO share_price (provider_query_id, isin, symbol, price, timestamp, open_high_close_low, volume) VALUES (8, 'CA57778L1031', 'MAXR.TO', '15.44', '2018-12-20', 'CLOSE', 0);
INSERT INTO share_price (provider_query_id, isin, symbol, price, timestamp, open_high_close_low, volume) VALUES (8, 'US5950171042', 'MCHP.OQ', '68.71', '2018-12-20', 'CLOSE', 0);
INSERT INTO share_price (provider_query_id, isin, symbol, price, timestamp, open_high_close_low, volume) VALUES (8, 'US6365181022', 'NATI.OQ', '44.34', '2018-12-20', 'CLOSE', 0);
INSERT INTO share_price (provider_query_id, isin, symbol, price, timestamp, open_high_close_low, volume) VALUES (8, 'US6556631025', 'NDSN.OQ', '114.74', '2018-12-20', 'CLOSE', 0);
INSERT INTO share_price (provider_query_id, isin, symbol, price, timestamp, open_high_close_low, volume) VALUES (8, 'CA67000B1040', 'NOVT.OQ', '60.56', '2018-12-20', 'CLOSE', 0);
INSERT INTO share_price (provider_query_id, isin, symbol, price, timestamp, open_high_close_low, volume) VALUES (8, 'US67020Y1001', 'NUAN.OQ', '13.84', '2018-12-20', 'CLOSE', 0);
INSERT INTO share_price (provider_query_id, isin, symbol, price, timestamp, open_high_close_low, volume) VALUES (8, 'US67066G1040', 'NVDA.OQ', '135.1', '2018-12-20', 'CLOSE', 0);
INSERT INTO share_price (provider_query_id, isin, symbol, price, timestamp, open_high_close_low, volume) VALUES (8, 'GB00B3MBS747', 'OCDO.L', '7.55', '2018-12-20', 'CLOSE', 0);
INSERT INTO share_price (provider_query_id, isin, symbol, price, timestamp, open_high_close_low, volume) VALUES (8, 'US6752321025', 'OII.N', '11.66', '2018-12-20', 'CLOSE', 0);
INSERT INTO share_price (provider_query_id, isin, symbol, price, timestamp, open_high_close_low, volume) VALUES (8, 'US69370C1009', 'PTC.OQ', '81.55', '2018-12-20', 'CLOSE', 0);
INSERT INTO share_price (provider_query_id, isin, symbol, price, timestamp, open_high_close_low, volume) VALUES (8, 'US7475251036', 'QCOM.OQ', '56.37', '2018-12-20', 'CLOSE', 0);
INSERT INTO share_price (provider_query_id, isin, symbol, price, timestamp, open_high_close_low, volume) VALUES (8, 'NL0012169213', 'QGEN.N', '33.44', '2018-12-20', 'CLOSE', 0);
INSERT INTO share_price (provider_query_id, isin, symbol, price, timestamp, open_high_close_low, volume) VALUES (8, 'US7542121089', 'RAVN.OQ', '34.58', '2018-12-20', 'CLOSE', 0);
INSERT INTO share_price (provider_query_id, isin, symbol, price, timestamp, open_high_close_low, volume) VALUES (8, 'US7739031091', 'ROK.N', '148.14', '2018-12-20', 'CLOSE', 0);
INSERT INTO share_price (provider_query_id, isin, symbol, price, timestamp, open_high_close_low, volume) VALUES (8, 'GB0007323586', 'RSW.L', '40.22', '2018-12-20', 'CLOSE', 0);
INSERT INTO share_price (provider_query_id, isin, symbol, price, timestamp, open_high_close_low, volume) VALUES (8, 'FR0000121972', 'SCHN.PA', '59.1', '2018-12-20', 'CLOSE', 0);
INSERT INTO share_price (provider_query_id, isin, symbol, price, timestamp, open_high_close_low, volume) VALUES (8, 'DE0007236101', 'SIEGn.DE', '98.39', '2018-12-20', 'CLOSE', 0);
INSERT INTO share_price (provider_query_id, isin, symbol, price, timestamp, open_high_close_low, volume) VALUES (8, 'IL0011267213', 'SSYS.OQ', '18.96', '2018-12-20', 'CLOSE', 0);
INSERT INTO share_price (provider_query_id, isin, symbol, price, timestamp, open_high_close_low, volume) VALUES (8, 'US8793601050', 'TDY.N', '196.15', '2018-12-20', 'CLOSE', 0);
INSERT INTO share_price (provider_query_id, isin, symbol, price, timestamp, open_high_close_low, volume) VALUES (8, 'CH0012100191', 'TECN.S', '183.8', '2018-12-20', 'CLOSE', 0);
INSERT INTO share_price (provider_query_id, isin, symbol, price, timestamp, open_high_close_low, volume) VALUES (8, 'US8807701029', 'TER.OQ', '30.69', '2018-12-20', 'CLOSE', 0);
INSERT INTO share_price (provider_query_id, isin, symbol, price, timestamp, open_high_close_low, volume) VALUES (8, 'US8962391004', 'TRMB.OQ', '31.62', '2018-12-20', 'CLOSE', 0);
INSERT INTO share_price (provider_query_id, isin, symbol, price, timestamp, open_high_close_low, volume) VALUES (8, 'CH0033361673', 'UBXN.S', '72.5', '2018-12-20', 'CLOSE', 0);
INSERT INTO share_price (provider_query_id, isin, symbol, price, timestamp, open_high_close_low, volume) VALUES (8, 'US92220P1057', 'VAR.N', '110.45', '2018-12-20', 'CLOSE', 0);
INSERT INTO share_price (provider_query_id, isin, symbol, price, timestamp, open_high_close_low, volume) VALUES (8, 'US9839191015', 'XLNX.OQ', '83.48', '2018-12-20', 'CLOSE', 0);
INSERT INTO share_price (provider_query_id, isin, symbol, price, timestamp, open_high_close_low, volume) VALUES (8, 'US9892071054', 'ZBRA.OQ', '150.99', '2018-12-20', 'CLOSE', 0);

INSERT INTO share_price (provider_query_id, isin, symbol, price, timestamp, open_high_close_low, volume) VALUES (8, 'KR7098460009', '098460.KQ', '83500', '2018-12-21', 'CLOSE', 0);
INSERT INTO share_price (provider_query_id, isin, symbol, price, timestamp, open_high_close_low, volume) VALUES (8, 'KYG014081064', '1590.TW', '300', '2018-12-21', 'CLOSE', 0);
INSERT INTO share_price (provider_query_id, isin, symbol, price, timestamp, open_high_close_low, volume) VALUES (8, 'TW0002049004', '2049.TW', '221', '2018-12-21', 'CLOSE', 0);
INSERT INTO share_price (provider_query_id, isin, symbol, price, timestamp, open_high_close_low, volume) VALUES (8, 'TW0002308004', '2308.TW', '128', '2018-12-21', 'CLOSE', 0);
INSERT INTO share_price (provider_query_id, isin, symbol, price, timestamp, open_high_close_low, volume) VALUES (8, 'TW0002395001', '2395.TW', '215', '2018-12-21', 'CLOSE', 0);
INSERT INTO share_price (provider_query_id, isin, symbol, price, timestamp, open_high_close_low, volume) VALUES (8, 'TW0003443008', '3443.TW', '206', '2018-12-21', 'CLOSE', 0);
INSERT INTO share_price (provider_query_id, isin, symbol, price, timestamp, open_high_close_low, volume) VALUES (8, 'JP3592600005', '6104.T', '1893', '2018-12-21', 'CLOSE', 0);
INSERT INTO share_price (provider_query_id, isin, symbol, price, timestamp, open_high_close_low, volume) VALUES (8, 'JP3102400003', '6118.T', '670', '2018-12-21', 'CLOSE', 0);
INSERT INTO share_price (provider_query_id, isin, symbol, price, timestamp, open_high_close_low, volume) VALUES (8, 'JP3809200003', '6134.T', '1260', '2018-12-21', 'CLOSE', 0);
INSERT INTO share_price (provider_query_id, isin, symbol, price, timestamp, open_high_close_low, volume) VALUES (8, 'JP3651210001', '6268.T', '2364', '2018-12-21', 'CLOSE', 0);
INSERT INTO share_price (provider_query_id, isin, symbol, price, timestamp, open_high_close_low, volume) VALUES (8, 'JP3162600005', '6273.T', '33560', '2018-12-21', 'CLOSE', 0);
INSERT INTO share_price (provider_query_id, isin, symbol, price, timestamp, open_high_close_low, volume) VALUES (8, 'JP3765150002', '6324.T', '3135', '2018-12-21', 'CLOSE', 0);
INSERT INTO share_price (provider_query_id, isin, symbol, price, timestamp, open_high_close_low, volume) VALUES (8, 'JP3497400006', '6383.T', '4920', '2018-12-21', 'CLOSE', 0);
INSERT INTO share_price (provider_query_id, isin, symbol, price, timestamp, open_high_close_low, volume) VALUES (8, 'JP3124400007', '6436.T', '2062', '2018-12-21', 'CLOSE', 0);
INSERT INTO share_price (provider_query_id, isin, symbol, price, timestamp, open_high_close_low, volume) VALUES (8, 'JP3813200007', '6474.T', '3805', '2018-12-21', 'CLOSE', 0);
INSERT INTO share_price (provider_query_id, isin, symbol, price, timestamp, open_high_close_low, volume) VALUES (8, 'JP3539250005', '6481.T', '2098', '2018-12-21', 'CLOSE', 0);
INSERT INTO share_price (provider_query_id, isin, symbol, price, timestamp, open_high_close_low, volume) VALUES (8, 'JP3944500002', '6482.T', '924', '2018-12-21', 'CLOSE', 0);
INSERT INTO share_price (provider_query_id, isin, symbol, price, timestamp, open_high_close_low, volume) VALUES (8, 'JP3902400005', '6503.T', '1224.5', '2018-12-21', 'CLOSE', 0);
INSERT INTO share_price (provider_query_id, isin, symbol, price, timestamp, open_high_close_low, volume) VALUES (8, 'JP3932000007', '6506.T', '2768', '2018-12-21', 'CLOSE', 0);
INSERT INTO share_price (provider_query_id, isin, symbol, price, timestamp, open_high_close_low, volume) VALUES (8, 'JP3497800007', '6622.T', '2236', '2018-12-21', 'CLOSE', 0);
INSERT INTO share_price (provider_query_id, isin, symbol, price, timestamp, open_high_close_low, volume) VALUES (8, 'JP3197800000', '6645.T', '4015', '2018-12-21', 'CLOSE', 0);
INSERT INTO share_price (provider_query_id, isin, symbol, price, timestamp, open_high_close_low, volume) VALUES (8, 'JP3955000009', '6841.T', '1879', '2018-12-21', 'CLOSE', 0);
INSERT INTO share_price (provider_query_id, isin, symbol, price, timestamp, open_high_close_low, volume) VALUES (8, 'JP3236200006', '6861.T', '55240', '2018-12-21', 'CLOSE', 0);
INSERT INTO share_price (provider_query_id, isin, symbol, price, timestamp, open_high_close_low, volume) VALUES (8, 'JP3197700002', '6914.T', '1848', '2018-12-21', 'CLOSE', 0);
INSERT INTO share_price (provider_query_id, isin, symbol, price, timestamp, open_high_close_low, volume) VALUES (8, 'JP3802400006', '6954.T', '16500', '2018-12-21', 'CLOSE', 0);
INSERT INTO share_price (provider_query_id, isin, symbol, price, timestamp, open_high_close_low, volume) VALUES (8, 'JP3630400004', '7732.T', '1425', '2018-12-21', 'CLOSE', 0);
INSERT INTO share_price (provider_query_id, isin, symbol, price, timestamp, open_high_close_low, volume) VALUES (8, 'CH0012221716', 'ABBN.S', '18.6', '2018-12-21', 'CLOSE', 0);
INSERT INTO share_price (provider_query_id, isin, symbol, price, timestamp, open_high_close_low, volume) VALUES (8, 'US0527691069', 'ADSK.OQ', '120.3', '2018-12-21', 'CLOSE', 0);
INSERT INTO share_price (provider_query_id, isin, symbol, price, timestamp, open_high_close_low, volume) VALUES (8, 'DE000A111338', 'AM3D.DE', '10', '2018-12-21', 'CLOSE', 0);
INSERT INTO share_price (provider_query_id, isin, symbol, price, timestamp, open_high_close_low, volume) VALUES (8, 'KYG037AX1015', 'AMBA.OQ', '34.33', '2018-12-21', 'CLOSE', 0);
INSERT INTO share_price (provider_query_id, isin, symbol, price, timestamp, open_high_close_low, volume) VALUES (8, 'JE00B783TY65', 'APTV.N', '61.44', '2018-12-21', 'CLOSE', 0);
INSERT INTO share_price (provider_query_id, isin, symbol, price, timestamp, open_high_close_low, volume) VALUES (8, 'US0043971052', 'ARAY.OQ', '3.39', '2018-12-21', 'CLOSE', 0);
INSERT INTO share_price (provider_query_id, isin, symbol, price, timestamp, open_high_close_low, volume) VALUES (8, 'CA0019401052', 'ATA.TO', '13.85', '2018-12-21', 'CLOSE', 0);
INSERT INTO share_price (provider_query_id, isin, symbol, price, timestamp, open_high_close_low, volume) VALUES (8, 'US0080731088', 'AVAV.OQ', '64.82', '2018-12-21', 'CLOSE', 0);
INSERT INTO share_price (provider_query_id, isin, symbol, price, timestamp, open_high_close_low, volume) VALUES (8, 'US1143401024', 'BRKS.OQ', '24.04', '2018-12-21', 'CLOSE', 0);
INSERT INTO share_price (provider_query_id, isin, symbol, price, timestamp, open_high_close_low, volume) VALUES (8, 'US1273871087', 'CDNS.OQ', '40.69', '2018-12-21', 'CLOSE', 0);
INSERT INTO share_price (provider_query_id, isin, symbol, price, timestamp, open_high_close_low, volume) VALUES (8, 'FI0009013429', 'CGCBV.HE', '27.78', '2018-12-21', 'CLOSE', 0);
INSERT INTO share_price (provider_query_id, isin, symbol, price, timestamp, open_high_close_low, volume) VALUES (8, 'US1924221039', 'CGNX.OQ', '35.75', '2018-12-21', 'CLOSE', 0);
INSERT INTO share_price (provider_query_id, isin, symbol, price, timestamp, open_high_close_low, volume) VALUES (8, 'FR0000130650', 'DAST.PA', '100.15', '2018-12-21', 'CLOSE', 0);
INSERT INTO share_price (provider_query_id, isin, symbol, price, timestamp, open_high_close_low, volume) VALUES (8, 'US88554D2053', 'DDD.N', '9.46', '2018-12-21', 'CLOSE', 0);
INSERT INTO share_price (provider_query_id, isin, symbol, price, timestamp, open_high_close_low, volume) VALUES (8, 'US2441991054', 'DE.N', '142.99', '2018-12-21', 'CLOSE', 0);
INSERT INTO share_price (provider_query_id, isin, symbol, price, timestamp, open_high_close_low, volume) VALUES (8, 'DE0005565204', 'DUEG.DE', '30.56', '2018-12-21', 'CLOSE', 0);
INSERT INTO share_price (provider_query_id, isin, symbol, price, timestamp, open_high_close_low, volume) VALUES (8, 'SE0000163628', 'EKTAb.ST', '105.65', '2018-12-21', 'CLOSE', 0);
INSERT INTO share_price (provider_query_id, isin, symbol, price, timestamp, open_high_close_low, volume) VALUES (8, 'US3116421021', 'FARO.OQ', '40', '2018-12-21', 'CLOSE', 0);
INSERT INTO share_price (provider_query_id, isin, symbol, price, timestamp, open_high_close_low, volume) VALUES (8, 'US3024451011', 'FLIR.OQ', '42', '2018-12-21', 'CLOSE', 0);
INSERT INTO share_price (provider_query_id, isin, symbol, price, timestamp, open_high_close_low, volume) VALUES (8, 'DE0006602006', 'G1AG.DE', '22.52', '2018-12-21', 'CLOSE', 0);
INSERT INTO share_price (provider_query_id, isin, symbol, price, timestamp, open_high_close_low, volume) VALUES (8, 'SE0000103699', 'HEXAb.ST', '408.1', '2018-12-21', 'CLOSE', 0);
INSERT INTO share_price (provider_query_id, isin, symbol, price, timestamp, open_high_close_low, volume) VALUES (8, 'US42330P1075', 'HLX.N', '5.45', '2018-12-21', 'CLOSE', 0);
INSERT INTO share_price (provider_query_id, isin, symbol, price, timestamp, open_high_close_low, volume) VALUES (8, 'VGG456671053', 'HOLI.OQ', '16.81', '2018-12-21', 'CLOSE', 0);
INSERT INTO share_price (provider_query_id, isin, symbol, price, timestamp, open_high_close_low, volume) VALUES (8, 'US4523271090', 'ILMN.OQ', '278.86', '2018-12-21', 'CLOSE', 0);
INSERT INTO share_price (provider_query_id, isin, symbol, price, timestamp, open_high_close_low, volume) VALUES (8, 'US44980X1090', 'IPGP.OQ', '107.71', '2018-12-21', 'CLOSE', 0);
INSERT INTO share_price (provider_query_id, isin, symbol, price, timestamp, open_high_close_low, volume) VALUES (8, 'US4627261005', 'IRBT.OQ', '75.45', '2018-12-21', 'CLOSE', 0);
INSERT INTO share_price (provider_query_id, isin, symbol, price, timestamp, open_high_close_low, volume) VALUES (8, 'DE0005488100', 'ISRG.DE', '25.4', '2018-12-21', 'CLOSE', 0);
INSERT INTO share_price (provider_query_id, isin, symbol, price, timestamp, open_high_close_low, volume) VALUES (8, 'US46120E6023', 'ISRG.OQ', '446.02', '2018-12-21', 'CLOSE', 0);
INSERT INTO share_price (provider_query_id, isin, symbol, price, timestamp, open_high_close_low, volume) VALUES (8, 'US4778391049', 'JBT.N', '69.27', '2018-12-21', 'CLOSE', 0);
INSERT INTO share_price (provider_query_id, isin, symbol, price, timestamp, open_high_close_low, volume) VALUES (8, 'DE000A2NB601', 'JENGn.DE', '23.48', '2018-12-21', 'CLOSE', 0);
INSERT INTO share_price (provider_query_id, isin, symbol, price, timestamp, open_high_close_low, volume) VALUES (8, 'CH0100837282', 'KARN.S', '112.2', '2018-12-21', 'CLOSE', 0);
INSERT INTO share_price (provider_query_id, isin, symbol, price, timestamp, open_high_close_low, volume) VALUES (8, 'DE000KGX8881', 'KGX.DE', '43.82', '2018-12-21', 'CLOSE', 0);
INSERT INTO share_price (provider_query_id, isin, symbol, price, timestamp, open_high_close_low, volume) VALUES (8, 'DE0006335003', 'KRNG.DE', '70.15', '2018-12-21', 'CLOSE', 0);
INSERT INTO share_price (provider_query_id, isin, symbol, price, timestamp, open_high_close_low, volume) VALUES (8, 'US5339001068', 'LECO.OQ', '75.78', '2018-12-21', 'CLOSE', 0);
INSERT INTO share_price (provider_query_id, isin, symbol, price, timestamp, open_high_close_low, volume) VALUES (8, 'US5627501092', 'MANH.OQ', '40.37', '2018-12-21', 'CLOSE', 0);
INSERT INTO share_price (provider_query_id, isin, symbol, price, timestamp, open_high_close_low, volume) VALUES (8, 'CA57778L1031', 'MAXR.TO', '15.19', '2018-12-21', 'CLOSE', 0);
INSERT INTO share_price (provider_query_id, isin, symbol, price, timestamp, open_high_close_low, volume) VALUES (8, 'US5950171042', 'MCHP.OQ', '67.99', '2018-12-21', 'CLOSE', 0);
INSERT INTO share_price (provider_query_id, isin, symbol, price, timestamp, open_high_close_low, volume) VALUES (8, 'US6365181022', 'NATI.OQ', '43.27', '2018-12-21', 'CLOSE', 0);
INSERT INTO share_price (provider_query_id, isin, symbol, price, timestamp, open_high_close_low, volume) VALUES (8, 'US6556631025', 'NDSN.OQ', '113.46', '2018-12-21', 'CLOSE', 0);
INSERT INTO share_price (provider_query_id, isin, symbol, price, timestamp, open_high_close_low, volume) VALUES (8, 'CA67000B1040', 'NOVT.OQ', '59.16', '2018-12-21', 'CLOSE', 0);
INSERT INTO share_price (provider_query_id, isin, symbol, price, timestamp, open_high_close_low, volume) VALUES (8, 'US67020Y1001', 'NUAN.OQ', '13.07', '2018-12-21', 'CLOSE', 0);
INSERT INTO share_price (provider_query_id, isin, symbol, price, timestamp, open_high_close_low, volume) VALUES (8, 'US67066G1040', 'NVDA.OQ', '129.57', '2018-12-21', 'CLOSE', 0);
INSERT INTO share_price (provider_query_id, isin, symbol, price, timestamp, open_high_close_low, volume) VALUES (8, 'GB00B3MBS747', 'OCDO.L', '7.696', '2018-12-21', 'CLOSE', 0);
INSERT INTO share_price (provider_query_id, isin, symbol, price, timestamp, open_high_close_low, volume) VALUES (8, 'US6752321025', 'OII.N', '11.29', '2018-12-21', 'CLOSE', 0);
INSERT INTO share_price (provider_query_id, isin, symbol, price, timestamp, open_high_close_low, volume) VALUES (8, 'US69370C1009', 'PTC.OQ', '78.98', '2018-12-21', 'CLOSE', 0);
INSERT INTO share_price (provider_query_id, isin, symbol, price, timestamp, open_high_close_low, volume) VALUES (8, 'US7475251036', 'QCOM.OQ', '54.85', '2018-12-21', 'CLOSE', 0);
INSERT INTO share_price (provider_query_id, isin, symbol, price, timestamp, open_high_close_low, volume) VALUES (8, 'NL0012169213', 'QGEN.N', '33.11', '2018-12-21', 'CLOSE', 0);
INSERT INTO share_price (provider_query_id, isin, symbol, price, timestamp, open_high_close_low, volume) VALUES (8, 'US7542121089', 'RAVN.OQ', '34.2', '2018-12-21', 'CLOSE', 0);
INSERT INTO share_price (provider_query_id, isin, symbol, price, timestamp, open_high_close_low, volume) VALUES (8, 'US7739031091', 'ROK.N', '144.78', '2018-12-21', 'CLOSE', 0);
INSERT INTO share_price (provider_query_id, isin, symbol, price, timestamp, open_high_close_low, volume) VALUES (8, 'GB0007323586', 'RSW.L', '41.14', '2018-12-21', 'CLOSE', 0);
INSERT INTO share_price (provider_query_id, isin, symbol, price, timestamp, open_high_close_low, volume) VALUES (8, 'FR0000121972', 'SCHN.PA', '58.06', '2018-12-21', 'CLOSE', 0);
INSERT INTO share_price (provider_query_id, isin, symbol, price, timestamp, open_high_close_low, volume) VALUES (8, 'DE0007236101', 'SIEGn.DE', '98.17', '2018-12-21', 'CLOSE', 0);
INSERT INTO share_price (provider_query_id, isin, symbol, price, timestamp, open_high_close_low, volume) VALUES (8, 'IL0011267213', 'SSYS.OQ', '17.41', '2018-12-21', 'CLOSE', 0);
INSERT INTO share_price (provider_query_id, isin, symbol, price, timestamp, open_high_close_low, volume) VALUES (8, 'US8793601050', 'TDY.N', '196.33', '2018-12-21', 'CLOSE', 0);
INSERT INTO share_price (provider_query_id, isin, symbol, price, timestamp, open_high_close_low, volume) VALUES (8, 'CH0012100191', 'TECN.S', '185.8', '2018-12-21', 'CLOSE', 0);
INSERT INTO share_price (provider_query_id, isin, symbol, price, timestamp, open_high_close_low, volume) VALUES (8, 'US8807701029', 'TER.OQ', '29.56', '2018-12-21', 'CLOSE', 0);
INSERT INTO share_price (provider_query_id, isin, symbol, price, timestamp, open_high_close_low, volume) VALUES (8, 'US8962391004', 'TRMB.OQ', '30.5', '2018-12-21', 'CLOSE', 0);
INSERT INTO share_price (provider_query_id, isin, symbol, price, timestamp, open_high_close_low, volume) VALUES (8, 'CH0033361673', 'UBXN.S', '75.6', '2018-12-21', 'CLOSE', 0);
INSERT INTO share_price (provider_query_id, isin, symbol, price, timestamp, open_high_close_low, volume) VALUES (8, 'US92220P1057', 'VAR.N', '107.48', '2018-12-21', 'CLOSE', 0);
INSERT INTO share_price (provider_query_id, isin, symbol, price, timestamp, open_high_close_low, volume) VALUES (8, 'US9839191015', 'XLNX.OQ', '81.51', '2018-12-21', 'CLOSE', 0);
INSERT INTO share_price (provider_query_id, isin, symbol, price, timestamp, open_high_close_low, volume) VALUES (8, 'US9892071054', 'ZBRA.OQ', '146.25', '2018-12-21', 'CLOSE', 0);

INSERT INTO share_price (provider_query_id, isin, symbol, price, timestamp, open_high_close_low, volume) VALUES (8, 'KR7098460009', '098460.KQ', '86200', '2018-12-24', 'CLOSE', 0);
INSERT INTO share_price (provider_query_id, isin, symbol, price, timestamp, open_high_close_low, volume) VALUES (8, 'KYG014081064', '1590.TW', '310', '2018-12-24', 'CLOSE', 0);
INSERT INTO share_price (provider_query_id, isin, symbol, price, timestamp, open_high_close_low, volume) VALUES (8, 'TW0002049004', '2049.TW', '223.5', '2018-12-24', 'CLOSE', 0);
INSERT INTO share_price (provider_query_id, isin, symbol, price, timestamp, open_high_close_low, volume) VALUES (8, 'TW0002308004', '2308.TW', '128', '2018-12-24', 'CLOSE', 0);
INSERT INTO share_price (provider_query_id, isin, symbol, price, timestamp, open_high_close_low, volume) VALUES (8, 'TW0002395001', '2395.TW', '214.5', '2018-12-24', 'CLOSE', 0);
INSERT INTO share_price (provider_query_id, isin, symbol, price, timestamp, open_high_close_low, volume) VALUES (8, 'TW0003443008', '3443.TW', '212.5', '2018-12-24', 'CLOSE', 0);
INSERT INTO share_price (provider_query_id, isin, symbol, price, timestamp, open_high_close_low, volume) VALUES (8, 'JP3592600005', '6104.T', '1893', '2018-12-24', 'CLOSE', 0);
INSERT INTO share_price (provider_query_id, isin, symbol, price, timestamp, open_high_close_low, volume) VALUES (8, 'JP3809200003', '6134.T', '1260', '2018-12-24', 'CLOSE', 0);
INSERT INTO share_price (provider_query_id, isin, symbol, price, timestamp, open_high_close_low, volume) VALUES (8, 'JP3651210001', '6268.T', '2364', '2018-12-24', 'CLOSE', 0);
INSERT INTO share_price (provider_query_id, isin, symbol, price, timestamp, open_high_close_low, volume) VALUES (8, 'JP3162600005', '6273.T', '33560', '2018-12-24', 'CLOSE', 0);
INSERT INTO share_price (provider_query_id, isin, symbol, price, timestamp, open_high_close_low, volume) VALUES (8, 'JP3765150002', '6324.T', '3135', '2018-12-24', 'CLOSE', 0);
INSERT INTO share_price (provider_query_id, isin, symbol, price, timestamp, open_high_close_low, volume) VALUES (8, 'JP3497400006', '6383.T', '4920', '2018-12-24', 'CLOSE', 0);
INSERT INTO share_price (provider_query_id, isin, symbol, price, timestamp, open_high_close_low, volume) VALUES (8, 'JP3124400007', '6436.T', '2062', '2018-12-24', 'CLOSE', 0);
INSERT INTO share_price (provider_query_id, isin, symbol, price, timestamp, open_high_close_low, volume) VALUES (8, 'JP3813200007', '6474.T', '3805', '2018-12-24', 'CLOSE', 0);
INSERT INTO share_price (provider_query_id, isin, symbol, price, timestamp, open_high_close_low, volume) VALUES (8, 'JP3539250005', '6481.T', '2098', '2018-12-24', 'CLOSE', 0);
INSERT INTO share_price (provider_query_id, isin, symbol, price, timestamp, open_high_close_low, volume) VALUES (8, 'JP3944500002', '6482.T', '924', '2018-12-24', 'CLOSE', 0);
INSERT INTO share_price (provider_query_id, isin, symbol, price, timestamp, open_high_close_low, volume) VALUES (8, 'JP3902400005', '6503.T', '1224.5', '2018-12-24', 'CLOSE', 0);
INSERT INTO share_price (provider_query_id, isin, symbol, price, timestamp, open_high_close_low, volume) VALUES (8, 'JP3932000007', '6506.T', '2768', '2018-12-24', 'CLOSE', 0);
INSERT INTO share_price (provider_query_id, isin, symbol, price, timestamp, open_high_close_low, volume) VALUES (8, 'JP3497800007', '6622.T', '2236', '2018-12-24', 'CLOSE', 0);
INSERT INTO share_price (provider_query_id, isin, symbol, price, timestamp, open_high_close_low, volume) VALUES (8, 'JP3197800000', '6645.T', '4015', '2018-12-24', 'CLOSE', 0);
INSERT INTO share_price (provider_query_id, isin, symbol, price, timestamp, open_high_close_low, volume) VALUES (8, 'JP3955000009', '6841.T', '1879', '2018-12-24', 'CLOSE', 0);
INSERT INTO share_price (provider_query_id, isin, symbol, price, timestamp, open_high_close_low, volume) VALUES (8, 'JP3236200006', '6861.T', '55240', '2018-12-24', 'CLOSE', 0);
INSERT INTO share_price (provider_query_id, isin, symbol, price, timestamp, open_high_close_low, volume) VALUES (8, 'JP3197700002', '6914.T', '1848', '2018-12-24', 'CLOSE', 0);
INSERT INTO share_price (provider_query_id, isin, symbol, price, timestamp, open_high_close_low, volume) VALUES (8, 'JP3802400006', '6954.T', '16500', '2018-12-24', 'CLOSE', 0);
INSERT INTO share_price (provider_query_id, isin, symbol, price, timestamp, open_high_close_low, volume) VALUES (8, 'JP3630400004', '7732.T', '1425', '2018-12-24', 'CLOSE', 0);
INSERT INTO share_price (provider_query_id, isin, symbol, price, timestamp, open_high_close_low, volume) VALUES (8, 'CH0012221716', 'ABBN.S', '18.6', '2018-12-24', 'CLOSE', 0);
INSERT INTO share_price (provider_query_id, isin, symbol, price, timestamp, open_high_close_low, volume) VALUES (8, 'US0527691069', 'ADSK.OQ', '118.32', '2018-12-24', 'CLOSE', 0);
INSERT INTO share_price (provider_query_id, isin, symbol, price, timestamp, open_high_close_low, volume) VALUES (8, 'DE000A111338', 'AM3D.DE', '10', '2018-12-24', 'CLOSE', 0);
INSERT INTO share_price (provider_query_id, isin, symbol, price, timestamp, open_high_close_low, volume) VALUES (8, 'KYG037AX1015', 'AMBA.OQ', '33.31', '2018-12-24', 'CLOSE', 0);
INSERT INTO share_price (provider_query_id, isin, symbol, price, timestamp, open_high_close_low, volume) VALUES (8, 'JE00B783TY65', 'APTV.N', '60.08', '2018-12-24', 'CLOSE', 0);
INSERT INTO share_price (provider_query_id, isin, symbol, price, timestamp, open_high_close_low, volume) VALUES (8, 'US0043971052', 'ARAY.OQ', '3.31', '2018-12-24', 'CLOSE', 0);
INSERT INTO share_price (provider_query_id, isin, symbol, price, timestamp, open_high_close_low, volume) VALUES (8, 'CA0019401052', 'ATA.TO', '14.08', '2018-12-24', 'CLOSE', 0);
INSERT INTO share_price (provider_query_id, isin, symbol, price, timestamp, open_high_close_low, volume) VALUES (8, 'US0080731088', 'AVAV.OQ', '64.86', '2018-12-24', 'CLOSE', 0);
INSERT INTO share_price (provider_query_id, isin, symbol, price, timestamp, open_high_close_low, volume) VALUES (8, 'US0906721065', 'BEAT.OQ', '52.32', '2018-12-24', 'CLOSE', 0);
INSERT INTO share_price (provider_query_id, isin, symbol, price, timestamp, open_high_close_low, volume) VALUES (8, 'US1143401024', 'BRKS.OQ', '23.22', '2018-12-24', 'CLOSE', 0);
INSERT INTO share_price (provider_query_id, isin, symbol, price, timestamp, open_high_close_low, volume) VALUES (8, 'US1273871087', 'CDNS.OQ', '40.31', '2018-12-24', 'CLOSE', 0);
INSERT INTO share_price (provider_query_id, isin, symbol, price, timestamp, open_high_close_low, volume) VALUES (8, 'FI0009013429', 'CGCBV.HE', '27.78', '2018-12-24', 'CLOSE', 0);
INSERT INTO share_price (provider_query_id, isin, symbol, price, timestamp, open_high_close_low, volume) VALUES (8, 'US1924221039', 'CGNX.OQ', '34.94', '2018-12-24', 'CLOSE', 0);
INSERT INTO share_price (provider_query_id, isin, symbol, price, timestamp, open_high_close_low, volume) VALUES (8, 'FR0000130650', 'DAST.PA', '99.7', '2018-12-24', 'CLOSE', 0);
INSERT INTO share_price (provider_query_id, isin, symbol, price, timestamp, open_high_close_low, volume) VALUES (8, 'US88554D2053', 'DDD.N', '9.74', '2018-12-24', 'CLOSE', 0);
INSERT INTO share_price (provider_query_id, isin, symbol, price, timestamp, open_high_close_low, volume) VALUES (8, 'US2441991054', 'DE.N', '137.38', '2018-12-24', 'CLOSE', 0);
INSERT INTO share_price (provider_query_id, isin, symbol, price, timestamp, open_high_close_low, volume) VALUES (8, 'DE0005565204', 'DUEG.DE', '30.56', '2018-12-24', 'CLOSE', 0);
INSERT INTO share_price (provider_query_id, isin, symbol, price, timestamp, open_high_close_low, volume) VALUES (8, 'SE0000163628', 'EKTAb.ST', '105.65', '2018-12-24', 'CLOSE', 0);
INSERT INTO share_price (provider_query_id, isin, symbol, price, timestamp, open_high_close_low, volume) VALUES (8, 'US3116421021', 'FARO.OQ', '38.89', '2018-12-24', 'CLOSE', 0);
INSERT INTO share_price (provider_query_id, isin, symbol, price, timestamp, open_high_close_low, volume) VALUES (8, 'US3024451011', 'FLIR.OQ', '41.36', '2018-12-24', 'CLOSE', 0);
INSERT INTO share_price (provider_query_id, isin, symbol, price, timestamp, open_high_close_low, volume) VALUES (8, 'DE0006602006', 'G1AG.DE', '22.52', '2018-12-24', 'CLOSE', 0);
INSERT INTO share_price (provider_query_id, isin, symbol, price, timestamp, open_high_close_low, volume) VALUES (8, 'US3795772082', 'GMED.N', '41.38', '2018-12-24', 'CLOSE', 0);
INSERT INTO share_price (provider_query_id, isin, symbol, price, timestamp, open_high_close_low, volume) VALUES (8, 'SE0000103699', 'HEXAb.ST', '408.1', '2018-12-24', 'CLOSE', 0);
INSERT INTO share_price (provider_query_id, isin, symbol, price, timestamp, open_high_close_low, volume) VALUES (8, 'US42330P1075', 'HLX.N', '5.21', '2018-12-24', 'CLOSE', 0);
INSERT INTO share_price (provider_query_id, isin, symbol, price, timestamp, open_high_close_low, volume) VALUES (8, 'VGG456671053', 'HOLI.OQ', '16.91', '2018-12-24', 'CLOSE', 0);
INSERT INTO share_price (provider_query_id, isin, symbol, price, timestamp, open_high_close_low, volume) VALUES (8, 'US4523271090', 'ILMN.OQ', '272.46', '2018-12-24', 'CLOSE', 0);
INSERT INTO share_price (provider_query_id, isin, symbol, price, timestamp, open_high_close_low, volume) VALUES (8, 'US44980X1090', 'IPGP.OQ', '105.65', '2018-12-24', 'CLOSE', 0);
INSERT INTO share_price (provider_query_id, isin, symbol, price, timestamp, open_high_close_low, volume) VALUES (8, 'US4627261005', 'IRBT.OQ', '75.98', '2018-12-24', 'CLOSE', 0);
INSERT INTO share_price (provider_query_id, isin, symbol, price, timestamp, open_high_close_low, volume) VALUES (8, 'DE0005488100', 'ISRG.DE', '25.4', '2018-12-24', 'CLOSE', 0);
INSERT INTO share_price (provider_query_id, isin, symbol, price, timestamp, open_high_close_low, volume) VALUES (8, 'US46120E6023', 'ISRG.OQ', '434.89', '2018-12-24', 'CLOSE', 0);
INSERT INTO share_price (provider_query_id, isin, symbol, price, timestamp, open_high_close_low, volume) VALUES (8, 'US4778391049', 'JBT.N', '67.14', '2018-12-24', 'CLOSE', 0);
INSERT INTO share_price (provider_query_id, isin, symbol, price, timestamp, open_high_close_low, volume) VALUES (8, 'DE000A2NB601', 'JENGn.DE', '23.48', '2018-12-24', 'CLOSE', 0);
INSERT INTO share_price (provider_query_id, isin, symbol, price, timestamp, open_high_close_low, volume) VALUES (8, 'CH0100837282', 'KARN.S', '112.2', '2018-12-24', 'CLOSE', 0);
INSERT INTO share_price (provider_query_id, isin, symbol, price, timestamp, open_high_close_low, volume) VALUES (8, 'DE000KGX8881', 'KGX.DE', '43.82', '2018-12-24', 'CLOSE', 0);
INSERT INTO share_price (provider_query_id, isin, symbol, price, timestamp, open_high_close_low, volume) VALUES (8, 'DE0006335003', 'KRNG.DE', '70.15', '2018-12-24', 'CLOSE', 0);
INSERT INTO share_price (provider_query_id, isin, symbol, price, timestamp, open_high_close_low, volume) VALUES (8, 'US5339001068', 'LECO.OQ', '72.88', '2018-12-24', 'CLOSE', 0);
INSERT INTO share_price (provider_query_id, isin, symbol, price, timestamp, open_high_close_low, volume) VALUES (8, 'US5627501092', 'MANH.OQ', '39.99', '2018-12-24', 'CLOSE', 0);
INSERT INTO share_price (provider_query_id, isin, symbol, price, timestamp, open_high_close_low, volume) VALUES (8, 'CA57778L1031', 'MAXR.TO', '13.93', '2018-12-24', 'CLOSE', 0);
INSERT INTO share_price (provider_query_id, isin, symbol, price, timestamp, open_high_close_low, volume) VALUES (8, 'US5950171042', 'MCHP.OQ', '65.73', '2018-12-24', 'CLOSE', 0);
INSERT INTO share_price (provider_query_id, isin, symbol, price, timestamp, open_high_close_low, volume) VALUES (8, 'US57667T1007', 'MTLS.OQ', '19.8', '2018-12-24', 'CLOSE', 0);
INSERT INTO share_price (provider_query_id, isin, symbol, price, timestamp, open_high_close_low, volume) VALUES (8, 'US6365181022', 'NATI.OQ', '42.05', '2018-12-24', 'CLOSE', 0);
INSERT INTO share_price (provider_query_id, isin, symbol, price, timestamp, open_high_close_low, volume) VALUES (8, 'US6556631025', 'NDSN.OQ', '111.87', '2018-12-24', 'CLOSE', 0);
INSERT INTO share_price (provider_query_id, isin, symbol, price, timestamp, open_high_close_low, volume) VALUES (8, 'CA67000B1040', 'NOVT.OQ', '57.95', '2018-12-24', 'CLOSE', 0);
INSERT INTO share_price (provider_query_id, isin, symbol, price, timestamp, open_high_close_low, volume) VALUES (8, 'US67020Y1001', 'NUAN.OQ', '12.88', '2018-12-24', 'CLOSE', 0);
INSERT INTO share_price (provider_query_id, isin, symbol, price, timestamp, open_high_close_low, volume) VALUES (8, 'US67066G1040', 'NVDA.OQ', '127.08', '2018-12-24', 'CLOSE', 0);
INSERT INTO share_price (provider_query_id, isin, symbol, price, timestamp, open_high_close_low, volume) VALUES (8, 'GB00B3MBS747', 'OCDO.L', '7.65', '2018-12-24', 'CLOSE', 0);
INSERT INTO share_price (provider_query_id, isin, symbol, price, timestamp, open_high_close_low, volume) VALUES (8, 'US6752321025', 'OII.N', '10.96', '2018-12-24', 'CLOSE', 0);
INSERT INTO share_price (provider_query_id, isin, symbol, price, timestamp, open_high_close_low, volume) VALUES (8, 'US69370C1009', 'PTC.OQ', '76.71', '2018-12-24', 'CLOSE', 0);
INSERT INTO share_price (provider_query_id, isin, symbol, price, timestamp, open_high_close_low, volume) VALUES (8, 'US7475251036', 'QCOM.OQ', '53.65', '2018-12-24', 'CLOSE', 0);
INSERT INTO share_price (provider_query_id, isin, symbol, price, timestamp, open_high_close_low, volume) VALUES (8, 'NL0012169213', 'QGEN.N', '32.65', '2018-12-24', 'CLOSE', 0);
INSERT INTO share_price (provider_query_id, isin, symbol, price, timestamp, open_high_close_low, volume) VALUES (8, 'US7542121089', 'RAVN.OQ', '33.6', '2018-12-24', 'CLOSE', 0);
INSERT INTO share_price (provider_query_id, isin, symbol, price, timestamp, open_high_close_low, volume) VALUES (8, 'US7739031091', 'ROK.N', '141.77', '2018-12-24', 'CLOSE', 0);
INSERT INTO share_price (provider_query_id, isin, symbol, price, timestamp, open_high_close_low, volume) VALUES (8, 'GB0007323586', 'RSW.L', '40.36', '2018-12-24', 'CLOSE', 0);
INSERT INTO share_price (provider_query_id, isin, symbol, price, timestamp, open_high_close_low, volume) VALUES (8, 'FR0000121972', 'SCHN.PA', '57.98', '2018-12-24', 'CLOSE', 0);
INSERT INTO share_price (provider_query_id, isin, symbol, price, timestamp, open_high_close_low, volume) VALUES (8, 'DE0007236101', 'SIEGn.DE', '98.17', '2018-12-24', 'CLOSE', 0);
INSERT INTO share_price (provider_query_id, isin, symbol, price, timestamp, open_high_close_low, volume) VALUES (8, 'IL0011267213', 'SSYS.OQ', '17.41', '2018-12-24', 'CLOSE', 0);
INSERT INTO share_price (provider_query_id, isin, symbol, price, timestamp, open_high_close_low, volume) VALUES (8, 'US8793601050', 'TDY.N', '191.22', '2018-12-24', 'CLOSE', 0);
INSERT INTO share_price (provider_query_id, isin, symbol, price, timestamp, open_high_close_low, volume) VALUES (8, 'CH0012100191', 'TECN.S', '185.8', '2018-12-24', 'CLOSE', 0);
INSERT INTO share_price (provider_query_id, isin, symbol, price, timestamp, open_high_close_low, volume) VALUES (8, 'US8807701029', 'TER.OQ', '28.94', '2018-12-24', 'CLOSE', 0);
INSERT INTO share_price (provider_query_id, isin, symbol, price, timestamp, open_high_close_low, volume) VALUES (8, 'US8962391004', 'TRMB.OQ', '30.16', '2018-12-24', 'CLOSE', 0);
INSERT INTO share_price (provider_query_id, isin, symbol, price, timestamp, open_high_close_low, volume) VALUES (8, 'US92220P1057', 'VAR.N', '106.9', '2018-12-24', 'CLOSE', 0);
INSERT INTO share_price (provider_query_id, isin, symbol, price, timestamp, open_high_close_low, volume) VALUES (8, 'US9839191015', 'XLNX.OQ', '79.27', '2018-12-24', 'CLOSE', 0);
INSERT INTO share_price (provider_query_id, isin, symbol, price, timestamp, open_high_close_low, volume) VALUES (8, 'US9892071054', 'ZBRA.OQ', '142.9', '2018-12-24', 'CLOSE', 0);

INSERT INTO share_price (provider_query_id, isin, symbol, price, timestamp, open_high_close_low, volume) VALUES (8, 'KR7098460009', '098460.KQ', '86200', '2018-12-25', 'CLOSE', 0);
INSERT INTO share_price (provider_query_id, isin, symbol, price, timestamp, open_high_close_low, volume) VALUES (8, 'KYG014081064', '1590.TW', '305', '2018-12-25', 'CLOSE', 0);
INSERT INTO share_price (provider_query_id, isin, symbol, price, timestamp, open_high_close_low, volume) VALUES (8, 'TW0002049004', '2049.TW', '221.5', '2018-12-25', 'CLOSE', 0);
INSERT INTO share_price (provider_query_id, isin, symbol, price, timestamp, open_high_close_low, volume) VALUES (8, 'TW0002308004', '2308.TW', '127', '2018-12-25', 'CLOSE', 0);
INSERT INTO share_price (provider_query_id, isin, symbol, price, timestamp, open_high_close_low, volume) VALUES (8, 'TW0002395001', '2395.TW', '212', '2018-12-25', 'CLOSE', 0);
INSERT INTO share_price (provider_query_id, isin, symbol, price, timestamp, open_high_close_low, volume) VALUES (8, 'TW0003443008', '3443.TW', '204.5', '2018-12-25', 'CLOSE', 0);
INSERT INTO share_price (provider_query_id, isin, symbol, price, timestamp, open_high_close_low, volume) VALUES (8, 'JP3592600005', '6104.T', '1828', '2018-12-25', 'CLOSE', 0);
INSERT INTO share_price (provider_query_id, isin, symbol, price, timestamp, open_high_close_low, volume) VALUES (8, 'JP3809200003', '6134.T', '1216', '2018-12-25', 'CLOSE', 0);
INSERT INTO share_price (provider_query_id, isin, symbol, price, timestamp, open_high_close_low, volume) VALUES (8, 'JP3651210001', '6268.T', '2227', '2018-12-25', 'CLOSE', 0);
INSERT INTO share_price (provider_query_id, isin, symbol, price, timestamp, open_high_close_low, volume) VALUES (8, 'JP3162600005', '6273.T', '32030', '2018-12-25', 'CLOSE', 0);
INSERT INTO share_price (provider_query_id, isin, symbol, price, timestamp, open_high_close_low, volume) VALUES (8, 'JP3765150002', '6324.T', '2786', '2018-12-25', 'CLOSE', 0);
INSERT INTO share_price (provider_query_id, isin, symbol, price, timestamp, open_high_close_low, volume) VALUES (8, 'JP3497400006', '6383.T', '4740', '2018-12-25', 'CLOSE', 0);
INSERT INTO share_price (provider_query_id, isin, symbol, price, timestamp, open_high_close_low, volume) VALUES (8, 'JP3124400007', '6436.T', '1965', '2018-12-25', 'CLOSE', 0);
INSERT INTO share_price (provider_query_id, isin, symbol, price, timestamp, open_high_close_low, volume) VALUES (8, 'JP3813200007', '6474.T', '3555', '2018-12-25', 'CLOSE', 0);
INSERT INTO share_price (provider_query_id, isin, symbol, price, timestamp, open_high_close_low, volume) VALUES (8, 'JP3539250005', '6481.T', '1982', '2018-12-25', 'CLOSE', 0);
INSERT INTO share_price (provider_query_id, isin, symbol, price, timestamp, open_high_close_low, volume) VALUES (8, 'JP3944500002', '6482.T', '833', '2018-12-25', 'CLOSE', 0);
INSERT INTO share_price (provider_query_id, isin, symbol, price, timestamp, open_high_close_low, volume) VALUES (8, 'JP3902400005', '6503.T', '1151', '2018-12-25', 'CLOSE', 0);
INSERT INTO share_price (provider_query_id, isin, symbol, price, timestamp, open_high_close_low, volume) VALUES (8, 'JP3932000007', '6506.T', '2603', '2018-12-25', 'CLOSE', 0);
INSERT INTO share_price (provider_query_id, isin, symbol, price, timestamp, open_high_close_low, volume) VALUES (8, 'JP3497800007', '6622.T', '2068', '2018-12-25', 'CLOSE', 0);
INSERT INTO share_price (provider_query_id, isin, symbol, price, timestamp, open_high_close_low, volume) VALUES (8, 'JP3197800000', '6645.T', '3755', '2018-12-25', 'CLOSE', 0);
INSERT INTO share_price (provider_query_id, isin, symbol, price, timestamp, open_high_close_low, volume) VALUES (8, 'JP3955000009', '6841.T', '1756', '2018-12-25', 'CLOSE', 0);
INSERT INTO share_price (provider_query_id, isin, symbol, price, timestamp, open_high_close_low, volume) VALUES (8, 'JP3236200006', '6861.T', '51520', '2018-12-25', 'CLOSE', 0);
INSERT INTO share_price (provider_query_id, isin, symbol, price, timestamp, open_high_close_low, volume) VALUES (8, 'JP3197700002', '6914.T', '1723', '2018-12-25', 'CLOSE', 0);
INSERT INTO share_price (provider_query_id, isin, symbol, price, timestamp, open_high_close_low, volume) VALUES (8, 'JP3802400006', '6954.T', '15790', '2018-12-25', 'CLOSE', 0);
INSERT INTO share_price (provider_query_id, isin, symbol, price, timestamp, open_high_close_low, volume) VALUES (8, 'JP3630400004', '7732.T', '1325', '2018-12-25', 'CLOSE', 0);
INSERT INTO share_price (provider_query_id, isin, symbol, price, timestamp, open_high_close_low, volume) VALUES (8, 'CH0012221716', 'ABBN.S', '18.6', '2018-12-25', 'CLOSE', 0);
INSERT INTO share_price (provider_query_id, isin, symbol, price, timestamp, open_high_close_low, volume) VALUES (8, 'US0527691069', 'ADSK.OQ', '118.32', '2018-12-25', 'CLOSE', 0);
INSERT INTO share_price (provider_query_id, isin, symbol, price, timestamp, open_high_close_low, volume) VALUES (8, 'DE000A111338', 'AM3D.DE', '10', '2018-12-25', 'CLOSE', 0);
INSERT INTO share_price (provider_query_id, isin, symbol, price, timestamp, open_high_close_low, volume) VALUES (8, 'KYG037AX1015', 'AMBA.OQ', '33.31', '2018-12-25', 'CLOSE', 0);
INSERT INTO share_price (provider_query_id, isin, symbol, price, timestamp, open_high_close_low, volume) VALUES (8, 'JE00B783TY65', 'APTV.N', '60.08', '2018-12-25', 'CLOSE', 0);
INSERT INTO share_price (provider_query_id, isin, symbol, price, timestamp, open_high_close_low, volume) VALUES (8, 'US0043971052', 'ARAY.OQ', '3.31', '2018-12-25', 'CLOSE', 0);
INSERT INTO share_price (provider_query_id, isin, symbol, price, timestamp, open_high_close_low, volume) VALUES (8, 'CA0019401052', 'ATA.TO', '14.08', '2018-12-25', 'CLOSE', 0);
INSERT INTO share_price (provider_query_id, isin, symbol, price, timestamp, open_high_close_low, volume) VALUES (8, 'US0080731088', 'AVAV.OQ', '64.86', '2018-12-25', 'CLOSE', 0);
INSERT INTO share_price (provider_query_id, isin, symbol, price, timestamp, open_high_close_low, volume) VALUES (8, 'US0906721065', 'BEAT.OQ', '52.32', '2018-12-25', 'CLOSE', 0);
INSERT INTO share_price (provider_query_id, isin, symbol, price, timestamp, open_high_close_low, volume) VALUES (8, 'US1143401024', 'BRKS.OQ', '23.22', '2018-12-25', 'CLOSE', 0);
INSERT INTO share_price (provider_query_id, isin, symbol, price, timestamp, open_high_close_low, volume) VALUES (8, 'US1273871087', 'CDNS.OQ', '40.31', '2018-12-25', 'CLOSE', 0);
INSERT INTO share_price (provider_query_id, isin, symbol, price, timestamp, open_high_close_low, volume) VALUES (8, 'FI0009013429', 'CGCBV.HE', '27.78', '2018-12-25', 'CLOSE', 0);
INSERT INTO share_price (provider_query_id, isin, symbol, price, timestamp, open_high_close_low, volume) VALUES (8, 'US1924221039', 'CGNX.OQ', '34.94', '2018-12-25', 'CLOSE', 0);
INSERT INTO share_price (provider_query_id, isin, symbol, price, timestamp, open_high_close_low, volume) VALUES (8, 'FR0000130650', 'DAST.PA', '99.7', '2018-12-25', 'CLOSE', 0);
INSERT INTO share_price (provider_query_id, isin, symbol, price, timestamp, open_high_close_low, volume) VALUES (8, 'US88554D2053', 'DDD.N', '9.74', '2018-12-25', 'CLOSE', 0);
INSERT INTO share_price (provider_query_id, isin, symbol, price, timestamp, open_high_close_low, volume) VALUES (8, 'US2441991054', 'DE.N', '137.38', '2018-12-25', 'CLOSE', 0);
INSERT INTO share_price (provider_query_id, isin, symbol, price, timestamp, open_high_close_low, volume) VALUES (8, 'DE0005565204', 'DUEG.DE', '30.56', '2018-12-25', 'CLOSE', 0);
INSERT INTO share_price (provider_query_id, isin, symbol, price, timestamp, open_high_close_low, volume) VALUES (8, 'SE0000163628', 'EKTAb.ST', '105.65', '2018-12-25', 'CLOSE', 0);
INSERT INTO share_price (provider_query_id, isin, symbol, price, timestamp, open_high_close_low, volume) VALUES (8, 'US3116421021', 'FARO.OQ', '38.89', '2018-12-25', 'CLOSE', 0);
INSERT INTO share_price (provider_query_id, isin, symbol, price, timestamp, open_high_close_low, volume) VALUES (8, 'US3024451011', 'FLIR.OQ', '41.36', '2018-12-25', 'CLOSE', 0);
INSERT INTO share_price (provider_query_id, isin, symbol, price, timestamp, open_high_close_low, volume) VALUES (8, 'DE0006602006', 'G1AG.DE', '22.52', '2018-12-25', 'CLOSE', 0);
INSERT INTO share_price (provider_query_id, isin, symbol, price, timestamp, open_high_close_low, volume) VALUES (8, 'US3795772082', 'GMED.N', '41.38', '2018-12-25', 'CLOSE', 0);
INSERT INTO share_price (provider_query_id, isin, symbol, price, timestamp, open_high_close_low, volume) VALUES (8, 'SE0000103699', 'HEXAb.ST', '408.1', '2018-12-25', 'CLOSE', 0);
INSERT INTO share_price (provider_query_id, isin, symbol, price, timestamp, open_high_close_low, volume) VALUES (8, 'US42330P1075', 'HLX.N', '5.21', '2018-12-25', 'CLOSE', 0);
INSERT INTO share_price (provider_query_id, isin, symbol, price, timestamp, open_high_close_low, volume) VALUES (8, 'VGG456671053', 'HOLI.OQ', '16.91', '2018-12-25', 'CLOSE', 0);
INSERT INTO share_price (provider_query_id, isin, symbol, price, timestamp, open_high_close_low, volume) VALUES (8, 'US4523271090', 'ILMN.OQ', '272.46', '2018-12-25', 'CLOSE', 0);
INSERT INTO share_price (provider_query_id, isin, symbol, price, timestamp, open_high_close_low, volume) VALUES (8, 'US44980X1090', 'IPGP.OQ', '105.65', '2018-12-25', 'CLOSE', 0);
INSERT INTO share_price (provider_query_id, isin, symbol, price, timestamp, open_high_close_low, volume) VALUES (8, 'US4627261005', 'IRBT.OQ', '75.98', '2018-12-25', 'CLOSE', 0);
INSERT INTO share_price (provider_query_id, isin, symbol, price, timestamp, open_high_close_low, volume) VALUES (8, 'DE0005488100', 'ISRG.DE', '25.4', '2018-12-25', 'CLOSE', 0);
INSERT INTO share_price (provider_query_id, isin, symbol, price, timestamp, open_high_close_low, volume) VALUES (8, 'US46120E6023', 'ISRG.OQ', '434.89', '2018-12-25', 'CLOSE', 0);
INSERT INTO share_price (provider_query_id, isin, symbol, price, timestamp, open_high_close_low, volume) VALUES (8, 'US4778391049', 'JBT.N', '67.14', '2018-12-25', 'CLOSE', 0);
INSERT INTO share_price (provider_query_id, isin, symbol, price, timestamp, open_high_close_low, volume) VALUES (8, 'DE000A2NB601', 'JENGn.DE', '23.48', '2018-12-25', 'CLOSE', 0);
INSERT INTO share_price (provider_query_id, isin, symbol, price, timestamp, open_high_close_low, volume) VALUES (8, 'CH0100837282', 'KARN.S', '112.2', '2018-12-25', 'CLOSE', 0);
INSERT INTO share_price (provider_query_id, isin, symbol, price, timestamp, open_high_close_low, volume) VALUES (8, 'DE000KGX8881', 'KGX.DE', '43.82', '2018-12-25', 'CLOSE', 0);
INSERT INTO share_price (provider_query_id, isin, symbol, price, timestamp, open_high_close_low, volume) VALUES (8, 'DE0006335003', 'KRNG.DE', '70.15', '2018-12-25', 'CLOSE', 0);
INSERT INTO share_price (provider_query_id, isin, symbol, price, timestamp, open_high_close_low, volume) VALUES (8, 'US5339001068', 'LECO.OQ', '72.88', '2018-12-25', 'CLOSE', 0);
INSERT INTO share_price (provider_query_id, isin, symbol, price, timestamp, open_high_close_low, volume) VALUES (8, 'US5627501092', 'MANH.OQ', '39.99', '2018-12-25', 'CLOSE', 0);
INSERT INTO share_price (provider_query_id, isin, symbol, price, timestamp, open_high_close_low, volume) VALUES (8, 'CA57778L1031', 'MAXR.TO', '13.93', '2018-12-25', 'CLOSE', 0);
INSERT INTO share_price (provider_query_id, isin, symbol, price, timestamp, open_high_close_low, volume) VALUES (8, 'US5950171042', 'MCHP.OQ', '65.73', '2018-12-25', 'CLOSE', 0);
INSERT INTO share_price (provider_query_id, isin, symbol, price, timestamp, open_high_close_low, volume) VALUES (8, 'US57667T1007', 'MTLS.OQ', '19.8', '2018-12-25', 'CLOSE', 0);
INSERT INTO share_price (provider_query_id, isin, symbol, price, timestamp, open_high_close_low, volume) VALUES (8, 'US6365181022', 'NATI.OQ', '42.05', '2018-12-25', 'CLOSE', 0);
INSERT INTO share_price (provider_query_id, isin, symbol, price, timestamp, open_high_close_low, volume) VALUES (8, 'US6556631025', 'NDSN.OQ', '111.87', '2018-12-25', 'CLOSE', 0);
INSERT INTO share_price (provider_query_id, isin, symbol, price, timestamp, open_high_close_low, volume) VALUES (8, 'CA67000B1040', 'NOVT.OQ', '57.95', '2018-12-25', 'CLOSE', 0);
INSERT INTO share_price (provider_query_id, isin, symbol, price, timestamp, open_high_close_low, volume) VALUES (8, 'US67020Y1001', 'NUAN.OQ', '12.88', '2018-12-25', 'CLOSE', 0);
INSERT INTO share_price (provider_query_id, isin, symbol, price, timestamp, open_high_close_low, volume) VALUES (8, 'US67066G1040', 'NVDA.OQ', '127.08', '2018-12-25', 'CLOSE', 0);
INSERT INTO share_price (provider_query_id, isin, symbol, price, timestamp, open_high_close_low, volume) VALUES (8, 'GB00B3MBS747', 'OCDO.L', '7.65', '2018-12-25', 'CLOSE', 0);
INSERT INTO share_price (provider_query_id, isin, symbol, price, timestamp, open_high_close_low, volume) VALUES (8, 'US6752321025', 'OII.N', '10.96', '2018-12-25', 'CLOSE', 0);
INSERT INTO share_price (provider_query_id, isin, symbol, price, timestamp, open_high_close_low, volume) VALUES (8, 'US69370C1009', 'PTC.OQ', '76.71', '2018-12-25', 'CLOSE', 0);
INSERT INTO share_price (provider_query_id, isin, symbol, price, timestamp, open_high_close_low, volume) VALUES (8, 'US7475251036', 'QCOM.OQ', '53.65', '2018-12-25', 'CLOSE', 0);
INSERT INTO share_price (provider_query_id, isin, symbol, price, timestamp, open_high_close_low, volume) VALUES (8, 'NL0012169213', 'QGEN.N', '32.65', '2018-12-25', 'CLOSE', 0);
INSERT INTO share_price (provider_query_id, isin, symbol, price, timestamp, open_high_close_low, volume) VALUES (8, 'US7542121089', 'RAVN.OQ', '33.6', '2018-12-25', 'CLOSE', 0);
INSERT INTO share_price (provider_query_id, isin, symbol, price, timestamp, open_high_close_low, volume) VALUES (8, 'US7739031091', 'ROK.N', '141.77', '2018-12-25', 'CLOSE', 0);
INSERT INTO share_price (provider_query_id, isin, symbol, price, timestamp, open_high_close_low, volume) VALUES (8, 'GB0007323586', 'RSW.L', '40.36', '2018-12-25', 'CLOSE', 0);
INSERT INTO share_price (provider_query_id, isin, symbol, price, timestamp, open_high_close_low, volume) VALUES (8, 'FR0000121972', 'SCHN.PA', '57.98', '2018-12-25', 'CLOSE', 0);
INSERT INTO share_price (provider_query_id, isin, symbol, price, timestamp, open_high_close_low, volume) VALUES (8, 'DE0007236101', 'SIEGn.DE', '98.17', '2018-12-25', 'CLOSE', 0);
INSERT INTO share_price (provider_query_id, isin, symbol, price, timestamp, open_high_close_low, volume) VALUES (8, 'IL0011267213', 'SSYS.OQ', '17.41', '2018-12-25', 'CLOSE', 0);
INSERT INTO share_price (provider_query_id, isin, symbol, price, timestamp, open_high_close_low, volume) VALUES (8, 'US8793601050', 'TDY.N', '191.22', '2018-12-25', 'CLOSE', 0);
INSERT INTO share_price (provider_query_id, isin, symbol, price, timestamp, open_high_close_low, volume) VALUES (8, 'CH0012100191', 'TECN.S', '185.8', '2018-12-25', 'CLOSE', 0);
INSERT INTO share_price (provider_query_id, isin, symbol, price, timestamp, open_high_close_low, volume) VALUES (8, 'US8807701029', 'TER.OQ', '28.94', '2018-12-25', 'CLOSE', 0);
INSERT INTO share_price (provider_query_id, isin, symbol, price, timestamp, open_high_close_low, volume) VALUES (8, 'US8962391004', 'TRMB.OQ', '30.16', '2018-12-25', 'CLOSE', 0);
INSERT INTO share_price (provider_query_id, isin, symbol, price, timestamp, open_high_close_low, volume) VALUES (8, 'US92220P1057', 'VAR.N', '106.9', '2018-12-25', 'CLOSE', 0);
INSERT INTO share_price (provider_query_id, isin, symbol, price, timestamp, open_high_close_low, volume) VALUES (8, 'US9839191015', 'XLNX.OQ', '79.27', '2018-12-25', 'CLOSE', 0);
INSERT INTO share_price (provider_query_id, isin, symbol, price, timestamp, open_high_close_low, volume) VALUES (8, 'US9892071054', 'ZBRA.OQ', '142.9', '2018-12-25', 'CLOSE', 0);

INSERT INTO share_price (provider_query_id, isin, symbol, price, timestamp, open_high_close_low, volume) VALUES (8, 'KR7098460009', '098460.KQ', '81700', '2018-12-26', 'CLOSE', 0);
INSERT INTO share_price (provider_query_id, isin, symbol, price, timestamp, open_high_close_low, volume) VALUES (8, 'KYG014081064', '1590.TW', '295.5', '2018-12-26', 'CLOSE', 0);
INSERT INTO share_price (provider_query_id, isin, symbol, price, timestamp, open_high_close_low, volume) VALUES (8, 'TW0002049004', '2049.TW', '216', '2018-12-26', 'CLOSE', 0);
INSERT INTO share_price (provider_query_id, isin, symbol, price, timestamp, open_high_close_low, volume) VALUES (8, 'TW0002308004', '2308.TW', '126', '2018-12-26', 'CLOSE', 0);
INSERT INTO share_price (provider_query_id, isin, symbol, price, timestamp, open_high_close_low, volume) VALUES (8, 'TW0002395001', '2395.TW', '210', '2018-12-26', 'CLOSE', 0);
INSERT INTO share_price (provider_query_id, isin, symbol, price, timestamp, open_high_close_low, volume) VALUES (8, 'TW0003443008', '3443.TW', '202', '2018-12-26', 'CLOSE', 0);
INSERT INTO share_price (provider_query_id, isin, symbol, price, timestamp, open_high_close_low, volume) VALUES (8, 'JP3592600005', '6104.T', '1848', '2018-12-26', 'CLOSE', 0);
INSERT INTO share_price (provider_query_id, isin, symbol, price, timestamp, open_high_close_low, volume) VALUES (8, 'JP3809200003', '6134.T', '1233', '2018-12-26', 'CLOSE', 0);
INSERT INTO share_price (provider_query_id, isin, symbol, price, timestamp, open_high_close_low, volume) VALUES (8, 'JP3651210001', '6268.T', '2227', '2018-12-26', 'CLOSE', 0);
INSERT INTO share_price (provider_query_id, isin, symbol, price, timestamp, open_high_close_low, volume) VALUES (8, 'JP3162600005', '6273.T', '31940', '2018-12-26', 'CLOSE', 0);
INSERT INTO share_price (provider_query_id, isin, symbol, price, timestamp, open_high_close_low, volume) VALUES (8, 'JP3765150002', '6324.T', '2861', '2018-12-26', 'CLOSE', 0);
INSERT INTO share_price (provider_query_id, isin, symbol, price, timestamp, open_high_close_low, volume) VALUES (8, 'JP3497400006', '6383.T', '4770', '2018-12-26', 'CLOSE', 0);
INSERT INTO share_price (provider_query_id, isin, symbol, price, timestamp, open_high_close_low, volume) VALUES (8, 'JP3124400007', '6436.T', '2012', '2018-12-26', 'CLOSE', 0);
INSERT INTO share_price (provider_query_id, isin, symbol, price, timestamp, open_high_close_low, volume) VALUES (8, 'JP3813200007', '6474.T', '3655', '2018-12-26', 'CLOSE', 0);
INSERT INTO share_price (provider_query_id, isin, symbol, price, timestamp, open_high_close_low, volume) VALUES (8, 'JP3539250005', '6481.T', '1995', '2018-12-26', 'CLOSE', 0);
INSERT INTO share_price (provider_query_id, isin, symbol, price, timestamp, open_high_close_low, volume) VALUES (8, 'JP3944500002', '6482.T', '812', '2018-12-26', 'CLOSE', 0);
INSERT INTO share_price (provider_query_id, isin, symbol, price, timestamp, open_high_close_low, volume) VALUES (8, 'JP3902400005', '6503.T', '1175', '2018-12-26', 'CLOSE', 0);
INSERT INTO share_price (provider_query_id, isin, symbol, price, timestamp, open_high_close_low, volume) VALUES (8, 'JP3932000007', '6506.T', '2637', '2018-12-26', 'CLOSE', 0);
INSERT INTO share_price (provider_query_id, isin, symbol, price, timestamp, open_high_close_low, volume) VALUES (8, 'JP3497800007', '6622.T', '2120', '2018-12-26', 'CLOSE', 0);
INSERT INTO share_price (provider_query_id, isin, symbol, price, timestamp, open_high_close_low, volume) VALUES (8, 'JP3197800000', '6645.T', '3840', '2018-12-26', 'CLOSE', 0);
INSERT INTO share_price (provider_query_id, isin, symbol, price, timestamp, open_high_close_low, volume) VALUES (8, 'JP3955000009', '6841.T', '1769', '2018-12-26', 'CLOSE', 0);
INSERT INTO share_price (provider_query_id, isin, symbol, price, timestamp, open_high_close_low, volume) VALUES (8, 'JP3236200006', '6861.T', '53000', '2018-12-26', 'CLOSE', 0);
INSERT INTO share_price (provider_query_id, isin, symbol, price, timestamp, open_high_close_low, volume) VALUES (8, 'JP3197700002', '6914.T', '1702', '2018-12-26', 'CLOSE', 0);
INSERT INTO share_price (provider_query_id, isin, symbol, price, timestamp, open_high_close_low, volume) VALUES (8, 'JP3802400006', '6954.T', '16175', '2018-12-26', 'CLOSE', 0);
INSERT INTO share_price (provider_query_id, isin, symbol, price, timestamp, open_high_close_low, volume) VALUES (8, 'JP3630400004', '7732.T', '1345', '2018-12-26', 'CLOSE', 0);
INSERT INTO share_price (provider_query_id, isin, symbol, price, timestamp, open_high_close_low, volume) VALUES (8, 'CH0012221716', 'ABBN.S', '18.6', '2018-12-26', 'CLOSE', 0);
INSERT INTO share_price (provider_query_id, isin, symbol, price, timestamp, open_high_close_low, volume) VALUES (8, 'US0527691069', 'ADSK.OQ', '125.93', '2018-12-26', 'CLOSE', 0);
INSERT INTO share_price (provider_query_id, isin, symbol, price, timestamp, open_high_close_low, volume) VALUES (8, 'DE000A111338', 'AM3D.DE', '10', '2018-12-26', 'CLOSE', 0);
INSERT INTO share_price (provider_query_id, isin, symbol, price, timestamp, open_high_close_low, volume) VALUES (8, 'KYG037AX1015', 'AMBA.OQ', '34.74', '2018-12-26', 'CLOSE', 0);
INSERT INTO share_price (provider_query_id, isin, symbol, price, timestamp, open_high_close_low, volume) VALUES (8, 'JE00B783TY65', 'APTV.N', '61.74', '2018-12-26', 'CLOSE', 0);
INSERT INTO share_price (provider_query_id, isin, symbol, price, timestamp, open_high_close_low, volume) VALUES (8, 'US0043971052', 'ARAY.OQ', '3.36', '2018-12-26', 'CLOSE', 0);
INSERT INTO share_price (provider_query_id, isin, symbol, price, timestamp, open_high_close_low, volume) VALUES (8, 'CA0019401052', 'ATA.TO', '14.08', '2018-12-26', 'CLOSE', 0);
INSERT INTO share_price (provider_query_id, isin, symbol, price, timestamp, open_high_close_low, volume) VALUES (8, 'US0080731088', 'AVAV.OQ', '66.44', '2018-12-26', 'CLOSE', 0);
INSERT INTO share_price (provider_query_id, isin, symbol, price, timestamp, open_high_close_low, volume) VALUES (8, 'US0906721065', 'BEAT.OQ', '57.56', '2018-12-26', 'CLOSE', 0);
INSERT INTO share_price (provider_query_id, isin, symbol, price, timestamp, open_high_close_low, volume) VALUES (8, 'US1143401024', 'BRKS.OQ', '25.22', '2018-12-26', 'CLOSE', 0);
INSERT INTO share_price (provider_query_id, isin, symbol, price, timestamp, open_high_close_low, volume) VALUES (8, 'US1273871087', 'CDNS.OQ', '42.59', '2018-12-26', 'CLOSE', 0);
INSERT INTO share_price (provider_query_id, isin, symbol, price, timestamp, open_high_close_low, volume) VALUES (8, 'FI0009013429', 'CGCBV.HE', '27.78', '2018-12-26', 'CLOSE', 0);
INSERT INTO share_price (provider_query_id, isin, symbol, price, timestamp, open_high_close_low, volume) VALUES (8, 'US1924221039', 'CGNX.OQ', '37.71', '2018-12-26', 'CLOSE', 0);
INSERT INTO share_price (provider_query_id, isin, symbol, price, timestamp, open_high_close_low, volume) VALUES (8, 'FR0000130650', 'DAST.PA', '99.7', '2018-12-26', 'CLOSE', 0);
INSERT INTO share_price (provider_query_id, isin, symbol, price, timestamp, open_high_close_low, volume) VALUES (8, 'US88554D2053', 'DDD.N', '10.07', '2018-12-26', 'CLOSE', 0);
INSERT INTO share_price (provider_query_id, isin, symbol, price, timestamp, open_high_close_low, volume) VALUES (8, 'US2441991054', 'DE.N', '143.27', '2018-12-26', 'CLOSE', 0);
INSERT INTO share_price (provider_query_id, isin, symbol, price, timestamp, open_high_close_low, volume) VALUES (8, 'DE0005565204', 'DUEG.DE', '30.56', '2018-12-26', 'CLOSE', 0);
INSERT INTO share_price (provider_query_id, isin, symbol, price, timestamp, open_high_close_low, volume) VALUES (8, 'SE0000163628', 'EKTAb.ST', '105.65', '2018-12-26', 'CLOSE', 0);
INSERT INTO share_price (provider_query_id, isin, symbol, price, timestamp, open_high_close_low, volume) VALUES (8, 'US3116421021', 'FARO.OQ', '40.6', '2018-12-26', 'CLOSE', 0);
INSERT INTO share_price (provider_query_id, isin, symbol, price, timestamp, open_high_close_low, volume) VALUES (8, 'US3024451011', 'FLIR.OQ', '42.36', '2018-12-26', 'CLOSE', 0);
INSERT INTO share_price (provider_query_id, isin, symbol, price, timestamp, open_high_close_low, volume) VALUES (8, 'DE0006602006', 'G1AG.DE', '22.52', '2018-12-26', 'CLOSE', 0);
INSERT INTO share_price (provider_query_id, isin, symbol, price, timestamp, open_high_close_low, volume) VALUES (8, 'US3795772082', 'GMED.N', '42.74', '2018-12-26', 'CLOSE', 0);
INSERT INTO share_price (provider_query_id, isin, symbol, price, timestamp, open_high_close_low, volume) VALUES (8, 'SE0000103699', 'HEXAb.ST', '408.1', '2018-12-26', 'CLOSE', 0);
INSERT INTO share_price (provider_query_id, isin, symbol, price, timestamp, open_high_close_low, volume) VALUES (8, 'US42330P1075', 'HLX.N', '5.44', '2018-12-26', 'CLOSE', 0);
INSERT INTO share_price (provider_query_id, isin, symbol, price, timestamp, open_high_close_low, volume) VALUES (8, 'VGG456671053', 'HOLI.OQ', '17.19', '2018-12-26', 'CLOSE', 0);
INSERT INTO share_price (provider_query_id, isin, symbol, price, timestamp, open_high_close_low, volume) VALUES (8, 'US4523271090', 'ILMN.OQ', '293.35', '2018-12-26', 'CLOSE', 0);
INSERT INTO share_price (provider_query_id, isin, symbol, price, timestamp, open_high_close_low, volume) VALUES (8, 'US44980X1090', 'IPGP.OQ', '114.23', '2018-12-26', 'CLOSE', 0);
INSERT INTO share_price (provider_query_id, isin, symbol, price, timestamp, open_high_close_low, volume) VALUES (8, 'US4627261005', 'IRBT.OQ', '81.79', '2018-12-26', 'CLOSE', 0);
INSERT INTO share_price (provider_query_id, isin, symbol, price, timestamp, open_high_close_low, volume) VALUES (8, 'DE0005488100', 'ISRG.DE', '25.4', '2018-12-26', 'CLOSE', 0);
INSERT INTO share_price (provider_query_id, isin, symbol, price, timestamp, open_high_close_low, volume) VALUES (8, 'US46120E6023', 'ISRG.OQ', '461.98', '2018-12-26', 'CLOSE', 0);
INSERT INTO share_price (provider_query_id, isin, symbol, price, timestamp, open_high_close_low, volume) VALUES (8, 'US4778391049', 'JBT.N', '69.76', '2018-12-26', 'CLOSE', 0);
INSERT INTO share_price (provider_query_id, isin, symbol, price, timestamp, open_high_close_low, volume) VALUES (8, 'DE000A2NB601', 'JENGn.DE', '23.48', '2018-12-26', 'CLOSE', 0);
INSERT INTO share_price (provider_query_id, isin, symbol, price, timestamp, open_high_close_low, volume) VALUES (8, 'CH0100837282', 'KARN.S', '112.2', '2018-12-26', 'CLOSE', 0);
INSERT INTO share_price (provider_query_id, isin, symbol, price, timestamp, open_high_close_low, volume) VALUES (8, 'DE000KGX8881', 'KGX.DE', '43.82', '2018-12-26', 'CLOSE', 0);
INSERT INTO share_price (provider_query_id, isin, symbol, price, timestamp, open_high_close_low, volume) VALUES (8, 'DE0006335003', 'KRNG.DE', '70.15', '2018-12-26', 'CLOSE', 0);
INSERT INTO share_price (provider_query_id, isin, symbol, price, timestamp, open_high_close_low, volume) VALUES (8, 'US5339001068', 'LECO.OQ', '76.64', '2018-12-26', 'CLOSE', 0);
INSERT INTO share_price (provider_query_id, isin, symbol, price, timestamp, open_high_close_low, volume) VALUES (8, 'US5627501092', 'MANH.OQ', '41.89', '2018-12-26', 'CLOSE', 0);
INSERT INTO share_price (provider_query_id, isin, symbol, price, timestamp, open_high_close_low, volume) VALUES (8, 'CA57778L1031', 'MAXR.TO', '13.93', '2018-12-26', 'CLOSE', 0);
INSERT INTO share_price (provider_query_id, isin, symbol, price, timestamp, open_high_close_low, volume) VALUES (8, 'US5950171042', 'MCHP.OQ', '70.38', '2018-12-26', 'CLOSE', 0);
INSERT INTO share_price (provider_query_id, isin, symbol, price, timestamp, open_high_close_low, volume) VALUES (8, 'US57667T1007', 'MTLS.OQ', '20.03', '2018-12-26', 'CLOSE', 0);
INSERT INTO share_price (provider_query_id, isin, symbol, price, timestamp, open_high_close_low, volume) VALUES (8, 'US6365181022', 'NATI.OQ', '44.04', '2018-12-26', 'CLOSE', 0);
INSERT INTO share_price (provider_query_id, isin, symbol, price, timestamp, open_high_close_low, volume) VALUES (8, 'US6556631025', 'NDSN.OQ', '117.42', '2018-12-26', 'CLOSE', 0);
INSERT INTO share_price (provider_query_id, isin, symbol, price, timestamp, open_high_close_low, volume) VALUES (8, 'CA67000B1040', 'NOVT.OQ', '60.05', '2018-12-26', 'CLOSE', 0);
INSERT INTO share_price (provider_query_id, isin, symbol, price, timestamp, open_high_close_low, volume) VALUES (8, 'US67020Y1001', 'NUAN.OQ', '13.27', '2018-12-26', 'CLOSE', 0);
INSERT INTO share_price (provider_query_id, isin, symbol, price, timestamp, open_high_close_low, volume) VALUES (8, 'US67066G1040', 'NVDA.OQ', '133.1', '2018-12-26', 'CLOSE', 0);
INSERT INTO share_price (provider_query_id, isin, symbol, price, timestamp, open_high_close_low, volume) VALUES (8, 'GB00B3MBS747', 'OCDO.L', '7.65', '2018-12-26', 'CLOSE', 0);
INSERT INTO share_price (provider_query_id, isin, symbol, price, timestamp, open_high_close_low, volume) VALUES (8, 'US6752321025', 'OII.N', '11.8', '2018-12-26', 'CLOSE', 0);
INSERT INTO share_price (provider_query_id, isin, symbol, price, timestamp, open_high_close_low, volume) VALUES (8, 'US69370C1009', 'PTC.OQ', '81.19', '2018-12-26', 'CLOSE', 0);
INSERT INTO share_price (provider_query_id, isin, symbol, price, timestamp, open_high_close_low, volume) VALUES (8, 'US7475251036', 'QCOM.OQ', '55.96', '2018-12-26', 'CLOSE', 0);
INSERT INTO share_price (provider_query_id, isin, symbol, price, timestamp, open_high_close_low, volume) VALUES (8, 'NL0012169213', 'QGEN.N', '33.63', '2018-12-26', 'CLOSE', 0);
INSERT INTO share_price (provider_query_id, isin, symbol, price, timestamp, open_high_close_low, volume) VALUES (8, 'US7542121089', 'RAVN.OQ', '34.93', '2018-12-26', 'CLOSE', 0);
INSERT INTO share_price (provider_query_id, isin, symbol, price, timestamp, open_high_close_low, volume) VALUES (8, 'US7739031091', 'ROK.N', '148.58', '2018-12-26', 'CLOSE', 0);
INSERT INTO share_price (provider_query_id, isin, symbol, price, timestamp, open_high_close_low, volume) VALUES (8, 'GB0007323586', 'RSW.L', '40.36', '2018-12-26', 'CLOSE', 0);
INSERT INTO share_price (provider_query_id, isin, symbol, price, timestamp, open_high_close_low, volume) VALUES (8, 'FR0000121972', 'SCHN.PA', '57.98', '2018-12-26', 'CLOSE', 0);
INSERT INTO share_price (provider_query_id, isin, symbol, price, timestamp, open_high_close_low, volume) VALUES (8, 'DE0007236101', 'SIEGn.DE', '98.17', '2018-12-26', 'CLOSE', 0);
INSERT INTO share_price (provider_query_id, isin, symbol, price, timestamp, open_high_close_low, volume) VALUES (8, 'IL0011267213', 'SSYS.OQ', '18.4', '2018-12-26', 'CLOSE', 0);
INSERT INTO share_price (provider_query_id, isin, symbol, price, timestamp, open_high_close_low, volume) VALUES (8, 'US8793601050', 'TDY.N', '197.95', '2018-12-26', 'CLOSE', 0);
INSERT INTO share_price (provider_query_id, isin, symbol, price, timestamp, open_high_close_low, volume) VALUES (8, 'CH0012100191', 'TECN.S', '185.8', '2018-12-26', 'CLOSE', 0);
INSERT INTO share_price (provider_query_id, isin, symbol, price, timestamp, open_high_close_low, volume) VALUES (8, 'US8807701029', 'TER.OQ', '30.49', '2018-12-26', 'CLOSE', 0);
INSERT INTO share_price (provider_query_id, isin, symbol, price, timestamp, open_high_close_low, volume) VALUES (8, 'US8962391004', 'TRMB.OQ', '31.48', '2018-12-26', 'CLOSE', 0);
INSERT INTO share_price (provider_query_id, isin, symbol, price, timestamp, open_high_close_low, volume) VALUES (8, 'US92220P1057', 'VAR.N', '110.32', '2018-12-26', 'CLOSE', 0);
INSERT INTO share_price (provider_query_id, isin, symbol, price, timestamp, open_high_close_low, volume) VALUES (8, 'US9839191015', 'XLNX.OQ', '85.22', '2018-12-26', 'CLOSE', 0);
INSERT INTO share_price (provider_query_id, isin, symbol, price, timestamp, open_high_close_low, volume) VALUES (8, 'US9892071054', 'ZBRA.OQ', '152.52', '2018-12-26', 'CLOSE', 0);

INSERT INTO share_price (provider_query_id, isin, symbol, price, timestamp, open_high_close_low, volume) VALUES (8, 'KR7098460009', '098460.KQ', '83500', '2018-12-27', 'CLOSE', 0);
INSERT INTO share_price (provider_query_id, isin, symbol, price, timestamp, open_high_close_low, volume) VALUES (8, 'KYG014081064', '1590.TW', '310', '2018-12-27', 'CLOSE', 0);
INSERT INTO share_price (provider_query_id, isin, symbol, price, timestamp, open_high_close_low, volume) VALUES (8, 'TW0002049004', '2049.TW', '220', '2018-12-27', 'CLOSE', 0);
INSERT INTO share_price (provider_query_id, isin, symbol, price, timestamp, open_high_close_low, volume) VALUES (8, 'TW0002308004', '2308.TW', '127.5', '2018-12-27', 'CLOSE', 0);
INSERT INTO share_price (provider_query_id, isin, symbol, price, timestamp, open_high_close_low, volume) VALUES (8, 'TW0002395001', '2395.TW', '214', '2018-12-27', 'CLOSE', 0);
INSERT INTO share_price (provider_query_id, isin, symbol, price, timestamp, open_high_close_low, volume) VALUES (8, 'TW0003443008', '3443.TW', '207', '2018-12-27', 'CLOSE', 0);
INSERT INTO share_price (provider_query_id, isin, symbol, price, timestamp, open_high_close_low, volume) VALUES (8, 'JP3592600005', '6104.T', '1929', '2018-12-27', 'CLOSE', 0);
INSERT INTO share_price (provider_query_id, isin, symbol, price, timestamp, open_high_close_low, volume) VALUES (8, 'JP3809200003', '6134.T', '1281', '2018-12-27', 'CLOSE', 0);
INSERT INTO share_price (provider_query_id, isin, symbol, price, timestamp, open_high_close_low, volume) VALUES (8, 'JP3651210001', '6268.T', '2355', '2018-12-27', 'CLOSE', 0);
INSERT INTO share_price (provider_query_id, isin, symbol, price, timestamp, open_high_close_low, volume) VALUES (8, 'JP3162600005', '6273.T', '33300', '2018-12-27', 'CLOSE', 0);
INSERT INTO share_price (provider_query_id, isin, symbol, price, timestamp, open_high_close_low, volume) VALUES (8, 'JP3765150002', '6324.T', '2992', '2018-12-27', 'CLOSE', 0);
INSERT INTO share_price (provider_query_id, isin, symbol, price, timestamp, open_high_close_low, volume) VALUES (8, 'JP3497400006', '6383.T', '5020', '2018-12-27', 'CLOSE', 0);
INSERT INTO share_price (provider_query_id, isin, symbol, price, timestamp, open_high_close_low, volume) VALUES (8, 'JP3124400007', '6436.T', '2084', '2018-12-27', 'CLOSE', 0);
INSERT INTO share_price (provider_query_id, isin, symbol, price, timestamp, open_high_close_low, volume) VALUES (8, 'JP3813200007', '6474.T', '3825', '2018-12-27', 'CLOSE', 0);
INSERT INTO share_price (provider_query_id, isin, symbol, price, timestamp, open_high_close_low, volume) VALUES (8, 'JP3539250005', '6481.T', '2059', '2018-12-27', 'CLOSE', 0);
INSERT INTO share_price (provider_query_id, isin, symbol, price, timestamp, open_high_close_low, volume) VALUES (8, 'JP3944500002', '6482.T', '855', '2018-12-27', 'CLOSE', 0);
INSERT INTO share_price (provider_query_id, isin, symbol, price, timestamp, open_high_close_low, volume) VALUES (8, 'JP3902400005', '6503.T', '1224.5', '2018-12-27', 'CLOSE', 0);
INSERT INTO share_price (provider_query_id, isin, symbol, price, timestamp, open_high_close_low, volume) VALUES (8, 'JP3932000007', '6506.T', '2724', '2018-12-27', 'CLOSE', 0);
INSERT INTO share_price (provider_query_id, isin, symbol, price, timestamp, open_high_close_low, volume) VALUES (8, 'JP3497800007', '6622.T', '2210', '2018-12-27', 'CLOSE', 0);
INSERT INTO share_price (provider_query_id, isin, symbol, price, timestamp, open_high_close_low, volume) VALUES (8, 'JP3197800000', '6645.T', '4065', '2018-12-27', 'CLOSE', 0);
INSERT INTO share_price (provider_query_id, isin, symbol, price, timestamp, open_high_close_low, volume) VALUES (8, 'JP3955000009', '6841.T', '1867', '2018-12-27', 'CLOSE', 0);
INSERT INTO share_price (provider_query_id, isin, symbol, price, timestamp, open_high_close_low, volume) VALUES (8, 'JP3236200006', '6861.T', '56450', '2018-12-27', 'CLOSE', 0);
INSERT INTO share_price (provider_query_id, isin, symbol, price, timestamp, open_high_close_low, volume) VALUES (8, 'JP3197700002', '6914.T', '1852', '2018-12-27', 'CLOSE', 0);
INSERT INTO share_price (provider_query_id, isin, symbol, price, timestamp, open_high_close_low, volume) VALUES (8, 'JP3802400006', '6954.T', '16415', '2018-12-27', 'CLOSE', 0);
INSERT INTO share_price (provider_query_id, isin, symbol, price, timestamp, open_high_close_low, volume) VALUES (8, 'JP3630400004', '7732.T', '1453', '2018-12-27', 'CLOSE', 0);
INSERT INTO share_price (provider_query_id, isin, symbol, price, timestamp, open_high_close_low, volume) VALUES (8, 'CH0012221716', 'ABBN.S', '18.18', '2018-12-27', 'CLOSE', 0);
INSERT INTO share_price (provider_query_id, isin, symbol, price, timestamp, open_high_close_low, volume) VALUES (8, 'US0527691069', 'ADSK.OQ', '127.41', '2018-12-27', 'CLOSE', 0);
INSERT INTO share_price (provider_query_id, isin, symbol, price, timestamp, open_high_close_low, volume) VALUES (8, 'DE000A111338', 'AM3D.DE', '8.82', '2018-12-27', 'CLOSE', 0);
INSERT INTO share_price (provider_query_id, isin, symbol, price, timestamp, open_high_close_low, volume) VALUES (8, 'KYG037AX1015', 'AMBA.OQ', '35.2', '2018-12-27', 'CLOSE', 0);
INSERT INTO share_price (provider_query_id, isin, symbol, price, timestamp, open_high_close_low, volume) VALUES (8, 'JE00B783TY65', 'APTV.N', '61.96', '2018-12-27', 'CLOSE', 0);
INSERT INTO share_price (provider_query_id, isin, symbol, price, timestamp, open_high_close_low, volume) VALUES (8, 'US0043971052', 'ARAY.OQ', '3.31', '2018-12-27', 'CLOSE', 0);
INSERT INTO share_price (provider_query_id, isin, symbol, price, timestamp, open_high_close_low, volume) VALUES (8, 'CA0019401052', 'ATA.TO', '14.23', '2018-12-27', 'CLOSE', 0);
INSERT INTO share_price (provider_query_id, isin, symbol, price, timestamp, open_high_close_low, volume) VALUES (8, 'US0080731088', 'AVAV.OQ', '69', '2018-12-27', 'CLOSE', 0);
INSERT INTO share_price (provider_query_id, isin, symbol, price, timestamp, open_high_close_low, volume) VALUES (8, 'US0906721065', 'BEAT.OQ', '57.36', '2018-12-27', 'CLOSE', 0);
INSERT INTO share_price (provider_query_id, isin, symbol, price, timestamp, open_high_close_low, volume) VALUES (8, 'US1143401024', 'BRKS.OQ', '25.85', '2018-12-27', 'CLOSE', 0);
INSERT INTO share_price (provider_query_id, isin, symbol, price, timestamp, open_high_close_low, volume) VALUES (8, 'US1273871087', 'CDNS.OQ', '43.41', '2018-12-27', 'CLOSE', 0);
INSERT INTO share_price (provider_query_id, isin, symbol, price, timestamp, open_high_close_low, volume) VALUES (8, 'FI0009013429', 'CGCBV.HE', '26.74', '2018-12-27', 'CLOSE', 0);
INSERT INTO share_price (provider_query_id, isin, symbol, price, timestamp, open_high_close_low, volume) VALUES (8, 'US1924221039', 'CGNX.OQ', '37.89', '2018-12-27', 'CLOSE', 0);
INSERT INTO share_price (provider_query_id, isin, symbol, price, timestamp, open_high_close_low, volume) VALUES (8, 'FR0000130650', 'DAST.PA', '100.6', '2018-12-27', 'CLOSE', 0);
INSERT INTO share_price (provider_query_id, isin, symbol, price, timestamp, open_high_close_low, volume) VALUES (8, 'US88554D2053', 'DDD.N', '10', '2018-12-27', 'CLOSE', 0);
INSERT INTO share_price (provider_query_id, isin, symbol, price, timestamp, open_high_close_low, volume) VALUES (8, 'US2441991054', 'DE.N', '146.72', '2018-12-27', 'CLOSE', 0);
INSERT INTO share_price (provider_query_id, isin, symbol, price, timestamp, open_high_close_low, volume) VALUES (8, 'DE0005565204', 'DUEG.DE', '29.7', '2018-12-27', 'CLOSE', 0);
INSERT INTO share_price (provider_query_id, isin, symbol, price, timestamp, open_high_close_low, volume) VALUES (8, 'SE0000163628', 'EKTAb.ST', '105.4', '2018-12-27', 'CLOSE', 0);
INSERT INTO share_price (provider_query_id, isin, symbol, price, timestamp, open_high_close_low, volume) VALUES (8, 'US3116421021', 'FARO.OQ', '40.32', '2018-12-27', 'CLOSE', 0);
INSERT INTO share_price (provider_query_id, isin, symbol, price, timestamp, open_high_close_low, volume) VALUES (8, 'US3024451011', 'FLIR.OQ', '42.94', '2018-12-27', 'CLOSE', 0);
INSERT INTO share_price (provider_query_id, isin, symbol, price, timestamp, open_high_close_low, volume) VALUES (8, 'DE0006602006', 'G1AG.DE', '22.22', '2018-12-27', 'CLOSE', 0);
INSERT INTO share_price (provider_query_id, isin, symbol, price, timestamp, open_high_close_low, volume) VALUES (8, 'US3795772082', 'GMED.N', '42.89', '2018-12-27', 'CLOSE', 0);
INSERT INTO share_price (provider_query_id, isin, symbol, price, timestamp, open_high_close_low, volume) VALUES (8, 'SE0000103699', 'HEXAb.ST', '399.3', '2018-12-27', 'CLOSE', 0);
INSERT INTO share_price (provider_query_id, isin, symbol, price, timestamp, open_high_close_low, volume) VALUES (8, 'US42330P1075', 'HLX.N', '5.49', '2018-12-27', 'CLOSE', 0);
INSERT INTO share_price (provider_query_id, isin, symbol, price, timestamp, open_high_close_low, volume) VALUES (8, 'VGG456671053', 'HOLI.OQ', '17.18', '2018-12-27', 'CLOSE', 0);
INSERT INTO share_price (provider_query_id, isin, symbol, price, timestamp, open_high_close_low, volume) VALUES (8, 'US4523271090', 'ILMN.OQ', '299.55', '2018-12-27', 'CLOSE', 0);
INSERT INTO share_price (provider_query_id, isin, symbol, price, timestamp, open_high_close_low, volume) VALUES (8, 'US44980X1090', 'IPGP.OQ', '115.13', '2018-12-27', 'CLOSE', 0);
INSERT INTO share_price (provider_query_id, isin, symbol, price, timestamp, open_high_close_low, volume) VALUES (8, 'US4627261005', 'IRBT.OQ', '82.39', '2018-12-27', 'CLOSE', 0);
INSERT INTO share_price (provider_query_id, isin, symbol, price, timestamp, open_high_close_low, volume) VALUES (8, 'DE0005488100', 'ISRG.DE', '24.95', '2018-12-27', 'CLOSE', 0);
INSERT INTO share_price (provider_query_id, isin, symbol, price, timestamp, open_high_close_low, volume) VALUES (8, 'US46120E6023', 'ISRG.OQ', '468.7', '2018-12-27', 'CLOSE', 0);
INSERT INTO share_price (provider_query_id, isin, symbol, price, timestamp, open_high_close_low, volume) VALUES (8, 'US4778391049', 'JBT.N', '69.85', '2018-12-27', 'CLOSE', 0);
INSERT INTO share_price (provider_query_id, isin, symbol, price, timestamp, open_high_close_low, volume) VALUES (8, 'DE000A2NB601', 'JENGn.DE', '23.1', '2018-12-27', 'CLOSE', 0);
INSERT INTO share_price (provider_query_id, isin, symbol, price, timestamp, open_high_close_low, volume) VALUES (8, 'CH0100837282', 'KARN.S', '112', '2018-12-27', 'CLOSE', 0);
INSERT INTO share_price (provider_query_id, isin, symbol, price, timestamp, open_high_close_low, volume) VALUES (8, 'DE000KGX8881', 'KGX.DE', '43.43', '2018-12-27', 'CLOSE', 0);
INSERT INTO share_price (provider_query_id, isin, symbol, price, timestamp, open_high_close_low, volume) VALUES (8, 'DE0006335003', 'KRNG.DE', '67.25', '2018-12-27', 'CLOSE', 0);
INSERT INTO share_price (provider_query_id, isin, symbol, price, timestamp, open_high_close_low, volume) VALUES (8, 'US5339001068', 'LECO.OQ', '77.85', '2018-12-27', 'CLOSE', 0);
INSERT INTO share_price (provider_query_id, isin, symbol, price, timestamp, open_high_close_low, volume) VALUES (8, 'US5627501092', 'MANH.OQ', '42', '2018-12-27', 'CLOSE', 0);
INSERT INTO share_price (provider_query_id, isin, symbol, price, timestamp, open_high_close_low, volume) VALUES (8, 'CA57778L1031', 'MAXR.TO', '13.95', '2018-12-27', 'CLOSE', 0);
INSERT INTO share_price (provider_query_id, isin, symbol, price, timestamp, open_high_close_low, volume) VALUES (8, 'US5950171042', 'MCHP.OQ', '71.49', '2018-12-27', 'CLOSE', 0);
INSERT INTO share_price (provider_query_id, isin, symbol, price, timestamp, open_high_close_low, volume) VALUES (8, 'US57667T1007', 'MTLS.OQ', '20.07', '2018-12-27', 'CLOSE', 0);
INSERT INTO share_price (provider_query_id, isin, symbol, price, timestamp, open_high_close_low, volume) VALUES (8, 'US6365181022', 'NATI.OQ', '44.25', '2018-12-27', 'CLOSE', 0);
INSERT INTO share_price (provider_query_id, isin, symbol, price, timestamp, open_high_close_low, volume) VALUES (8, 'US6556631025', 'NDSN.OQ', '117.81', '2018-12-27', 'CLOSE', 0);
INSERT INTO share_price (provider_query_id, isin, symbol, price, timestamp, open_high_close_low, volume) VALUES (8, 'CA67000B1040', 'NOVT.OQ', '61.57', '2018-12-27', 'CLOSE', 0);
INSERT INTO share_price (provider_query_id, isin, symbol, price, timestamp, open_high_close_low, volume) VALUES (8, 'US67020Y1001', 'NUAN.OQ', '13.12', '2018-12-27', 'CLOSE', 0);
INSERT INTO share_price (provider_query_id, isin, symbol, price, timestamp, open_high_close_low, volume) VALUES (8, 'US67066G1040', 'NVDA.OQ', '131.17', '2018-12-27', 'CLOSE', 0);
INSERT INTO share_price (provider_query_id, isin, symbol, price, timestamp, open_high_close_low, volume) VALUES (8, 'GB00B3MBS747', 'OCDO.L', '7.498', '2018-12-27', 'CLOSE', 0);
INSERT INTO share_price (provider_query_id, isin, symbol, price, timestamp, open_high_close_low, volume) VALUES (8, 'US6752321025', 'OII.N', '11.91', '2018-12-27', 'CLOSE', 0);
INSERT INTO share_price (provider_query_id, isin, symbol, price, timestamp, open_high_close_low, volume) VALUES (8, 'US69370C1009', 'PTC.OQ', '82.85', '2018-12-27', 'CLOSE', 0);
INSERT INTO share_price (provider_query_id, isin, symbol, price, timestamp, open_high_close_low, volume) VALUES (8, 'US7475251036', 'QCOM.OQ', '56.09', '2018-12-27', 'CLOSE', 0);
INSERT INTO share_price (provider_query_id, isin, symbol, price, timestamp, open_high_close_low, volume) VALUES (8, 'NL0012169213', 'QGEN.N', '33.92', '2018-12-27', 'CLOSE', 0);
INSERT INTO share_price (provider_query_id, isin, symbol, price, timestamp, open_high_close_low, volume) VALUES (8, 'US7542121089', 'RAVN.OQ', '36.02', '2018-12-27', 'CLOSE', 0);
INSERT INTO share_price (provider_query_id, isin, symbol, price, timestamp, open_high_close_low, volume) VALUES (8, 'US7739031091', 'ROK.N', '149.79', '2018-12-27', 'CLOSE', 0);
INSERT INTO share_price (provider_query_id, isin, symbol, price, timestamp, open_high_close_low, volume) VALUES (8, 'GB0007323586', 'RSW.L', '40.78', '2018-12-27', 'CLOSE', 0);
INSERT INTO share_price (provider_query_id, isin, symbol, price, timestamp, open_high_close_low, volume) VALUES (8, 'FR0000121972', 'SCHN.PA', '58.22', '2018-12-27', 'CLOSE', 0);
INSERT INTO share_price (provider_query_id, isin, symbol, price, timestamp, open_high_close_low, volume) VALUES (8, 'DE0007236101', 'SIEGn.DE', '95.82', '2018-12-27', 'CLOSE', 0);
INSERT INTO share_price (provider_query_id, isin, symbol, price, timestamp, open_high_close_low, volume) VALUES (8, 'IL0011267213', 'SSYS.OQ', '17.9', '2018-12-27', 'CLOSE', 0);
INSERT INTO share_price (provider_query_id, isin, symbol, price, timestamp, open_high_close_low, volume) VALUES (8, 'US8793601050', 'TDY.N', '202.36', '2018-12-27', 'CLOSE', 0);
INSERT INTO share_price (provider_query_id, isin, symbol, price, timestamp, open_high_close_low, volume) VALUES (8, 'CH0012100191', 'TECN.S', '180', '2018-12-27', 'CLOSE', 0);
INSERT INTO share_price (provider_query_id, isin, symbol, price, timestamp, open_high_close_low, volume) VALUES (8, 'US8807701029', 'TER.OQ', '30.92', '2018-12-27', 'CLOSE', 0);
INSERT INTO share_price (provider_query_id, isin, symbol, price, timestamp, open_high_close_low, volume) VALUES (8, 'US8962391004', 'TRMB.OQ', '32.07', '2018-12-27', 'CLOSE', 0);
INSERT INTO share_price (provider_query_id, isin, symbol, price, timestamp, open_high_close_low, volume) VALUES (8, 'US92220P1057', 'VAR.N', '111.59', '2018-12-27', 'CLOSE', 0);
INSERT INTO share_price (provider_query_id, isin, symbol, price, timestamp, open_high_close_low, volume) VALUES (8, 'US9839191015', 'XLNX.OQ', '84.3', '2018-12-27', 'CLOSE', 0);
INSERT INTO share_price (provider_query_id, isin, symbol, price, timestamp, open_high_close_low, volume) VALUES (8, 'US9892071054', 'ZBRA.OQ', '155.35', '2018-12-27', 'CLOSE', 0);

INSERT INTO share_price (provider_query_id, isin, symbol, price, timestamp, open_high_close_low, volume) VALUES (8, 'KR7098460009', '098460.KQ', '82500', '2018-12-28', 'CLOSE', 0);
INSERT INTO share_price (provider_query_id, isin, symbol, price, timestamp, open_high_close_low, volume) VALUES (8, 'KYG014081064', '1590.TW', '300.5', '2018-12-28', 'CLOSE', 0);
INSERT INTO share_price (provider_query_id, isin, symbol, price, timestamp, open_high_close_low, volume) VALUES (8, 'TW0002049004', '2049.TW', '221', '2018-12-28', 'CLOSE', 0);
INSERT INTO share_price (provider_query_id, isin, symbol, price, timestamp, open_high_close_low, volume) VALUES (8, 'TW0002308004', '2308.TW', '129.5', '2018-12-28', 'CLOSE', 0);
INSERT INTO share_price (provider_query_id, isin, symbol, price, timestamp, open_high_close_low, volume) VALUES (8, 'TW0002395001', '2395.TW', '210.5', '2018-12-28', 'CLOSE', 0);
INSERT INTO share_price (provider_query_id, isin, symbol, price, timestamp, open_high_close_low, volume) VALUES (8, 'TW0003443008', '3443.TW', '206', '2018-12-28', 'CLOSE', 0);
INSERT INTO share_price (provider_query_id, isin, symbol, price, timestamp, open_high_close_low, volume) VALUES (8, 'JP3592600005', '6104.T', '1965', '2018-12-28', 'CLOSE', 0);
INSERT INTO share_price (provider_query_id, isin, symbol, price, timestamp, open_high_close_low, volume) VALUES (8, 'JP3809200003', '6134.T', '1290', '2018-12-28', 'CLOSE', 0);
INSERT INTO share_price (provider_query_id, isin, symbol, price, timestamp, open_high_close_low, volume) VALUES (8, 'JP3651210001', '6268.T', '2396', '2018-12-28', 'CLOSE', 0);
INSERT INTO share_price (provider_query_id, isin, symbol, price, timestamp, open_high_close_low, volume) VALUES (8, 'JP3162600005', '6273.T', '33240', '2018-12-28', 'CLOSE', 0);
INSERT INTO share_price (provider_query_id, isin, symbol, price, timestamp, open_high_close_low, volume) VALUES (8, 'JP3765150002', '6324.T', '3010', '2018-12-28', 'CLOSE', 0);
INSERT INTO share_price (provider_query_id, isin, symbol, price, timestamp, open_high_close_low, volume) VALUES (8, 'JP3497400006', '6383.T', '5020', '2018-12-28', 'CLOSE', 0);
INSERT INTO share_price (provider_query_id, isin, symbol, price, timestamp, open_high_close_low, volume) VALUES (8, 'JP3124400007', '6436.T', '2128', '2018-12-28', 'CLOSE', 0);
INSERT INTO share_price (provider_query_id, isin, symbol, price, timestamp, open_high_close_low, volume) VALUES (8, 'JP3813200007', '6474.T', '3825', '2018-12-28', 'CLOSE', 0);
INSERT INTO share_price (provider_query_id, isin, symbol, price, timestamp, open_high_close_low, volume) VALUES (8, 'JP3539250005', '6481.T', '2062', '2018-12-28', 'CLOSE', 0);
INSERT INTO share_price (provider_query_id, isin, symbol, price, timestamp, open_high_close_low, volume) VALUES (8, 'JP3944500002', '6482.T', '846', '2018-12-28', 'CLOSE', 0);
INSERT INTO share_price (provider_query_id, isin, symbol, price, timestamp, open_high_close_low, volume) VALUES (8, 'JP3902400005', '6503.T', '1216.5', '2018-12-28', 'CLOSE', 0);
INSERT INTO share_price (provider_query_id, isin, symbol, price, timestamp, open_high_close_low, volume) VALUES (8, 'JP3932000007', '6506.T', '2698', '2018-12-28', 'CLOSE', 0);
INSERT INTO share_price (provider_query_id, isin, symbol, price, timestamp, open_high_close_low, volume) VALUES (8, 'JP3497800007', '6622.T', '2211', '2018-12-28', 'CLOSE', 0);
INSERT INTO share_price (provider_query_id, isin, symbol, price, timestamp, open_high_close_low, volume) VALUES (8, 'JP3197800000', '6645.T', '4000', '2018-12-28', 'CLOSE', 0);
INSERT INTO share_price (provider_query_id, isin, symbol, price, timestamp, open_high_close_low, volume) VALUES (8, 'JP3955000009', '6841.T', '1901', '2018-12-28', 'CLOSE', 0);
INSERT INTO share_price (provider_query_id, isin, symbol, price, timestamp, open_high_close_low, volume) VALUES (8, 'JP3236200006', '6861.T', '55680', '2018-12-28', 'CLOSE', 0);
INSERT INTO share_price (provider_query_id, isin, symbol, price, timestamp, open_high_close_low, volume) VALUES (8, 'JP3197700002', '6914.T', '1706', '2018-12-28', 'CLOSE', 0);
INSERT INTO share_price (provider_query_id, isin, symbol, price, timestamp, open_high_close_low, volume) VALUES (8, 'JP3802400006', '6954.T', '16670', '2018-12-28', 'CLOSE', 0);
INSERT INTO share_price (provider_query_id, isin, symbol, price, timestamp, open_high_close_low, volume) VALUES (8, 'JP3630400004', '7732.T', '1463', '2018-12-28', 'CLOSE', 0);
INSERT INTO share_price (provider_query_id, isin, symbol, price, timestamp, open_high_close_low, volume) VALUES (8, 'CH0012221716', 'ABBN.S', '18.695', '2018-12-28', 'CLOSE', 0);
INSERT INTO share_price (provider_query_id, isin, symbol, price, timestamp, open_high_close_low, volume) VALUES (8, 'US0527691069', 'ADSK.OQ', '127.23', '2018-12-28', 'CLOSE', 0);
INSERT INTO share_price (provider_query_id, isin, symbol, price, timestamp, open_high_close_low, volume) VALUES (8, 'DE000A111338', 'AM3D.DE', '9', '2018-12-28', 'CLOSE', 0);
INSERT INTO share_price (provider_query_id, isin, symbol, price, timestamp, open_high_close_low, volume) VALUES (8, 'KYG037AX1015', 'AMBA.OQ', '35.18', '2018-12-28', 'CLOSE', 0);
INSERT INTO share_price (provider_query_id, isin, symbol, price, timestamp, open_high_close_low, volume) VALUES (8, 'JE00B783TY65', 'APTV.N', '61.38', '2018-12-28', 'CLOSE', 0);
INSERT INTO share_price (provider_query_id, isin, symbol, price, timestamp, open_high_close_low, volume) VALUES (8, 'US0043971052', 'ARAY.OQ', '3.45', '2018-12-28', 'CLOSE', 0);
INSERT INTO share_price (provider_query_id, isin, symbol, price, timestamp, open_high_close_low, volume) VALUES (8, 'CA0019401052', 'ATA.TO', '14.47', '2018-12-28', 'CLOSE', 0);
INSERT INTO share_price (provider_query_id, isin, symbol, price, timestamp, open_high_close_low, volume) VALUES (8, 'US0080731088', 'AVAV.OQ', '67.57', '2018-12-28', 'CLOSE', 0);
INSERT INTO share_price (provider_query_id, isin, symbol, price, timestamp, open_high_close_low, volume) VALUES (8, 'US0906721065', 'BEAT.OQ', '57.43', '2018-12-28', 'CLOSE', 0);
INSERT INTO share_price (provider_query_id, isin, symbol, price, timestamp, open_high_close_low, volume) VALUES (8, 'US1143401024', 'BRKS.OQ', '25.93', '2018-12-28', 'CLOSE', 0);
INSERT INTO share_price (provider_query_id, isin, symbol, price, timestamp, open_high_close_low, volume) VALUES (8, 'US1273871087', 'CDNS.OQ', '43.34', '2018-12-28', 'CLOSE', 0);
INSERT INTO share_price (provider_query_id, isin, symbol, price, timestamp, open_high_close_low, volume) VALUES (8, 'FI0009013429', 'CGCBV.HE', '26.72', '2018-12-28', 'CLOSE', 0);
INSERT INTO share_price (provider_query_id, isin, symbol, price, timestamp, open_high_close_low, volume) VALUES (8, 'US1924221039', 'CGNX.OQ', '37.71', '2018-12-28', 'CLOSE', 0);
INSERT INTO share_price (provider_query_id, isin, symbol, price, timestamp, open_high_close_low, volume) VALUES (8, 'FR0000130650', 'DAST.PA', '101.85', '2018-12-28', 'CLOSE', 0);
INSERT INTO share_price (provider_query_id, isin, symbol, price, timestamp, open_high_close_low, volume) VALUES (8, 'US88554D2053', 'DDD.N', '10.1', '2018-12-28', 'CLOSE', 0);
INSERT INTO share_price (provider_query_id, isin, symbol, price, timestamp, open_high_close_low, volume) VALUES (8, 'US2441991054', 'DE.N', '145.28', '2018-12-28', 'CLOSE', 0);
INSERT INTO share_price (provider_query_id, isin, symbol, price, timestamp, open_high_close_low, volume) VALUES (8, 'DE0005565204', 'DUEG.DE', '30.53', '2018-12-28', 'CLOSE', 0);
INSERT INTO share_price (provider_query_id, isin, symbol, price, timestamp, open_high_close_low, volume) VALUES (8, 'SE0000163628', 'EKTAb.ST', '105.35', '2018-12-28', 'CLOSE', 0);
INSERT INTO share_price (provider_query_id, isin, symbol, price, timestamp, open_high_close_low, volume) VALUES (8, 'US3116421021', 'FARO.OQ', '40.07', '2018-12-28', 'CLOSE', 0);
INSERT INTO share_price (provider_query_id, isin, symbol, price, timestamp, open_high_close_low, volume) VALUES (8, 'US3024451011', 'FLIR.OQ', '42.64', '2018-12-28', 'CLOSE', 0);
INSERT INTO share_price (provider_query_id, isin, symbol, price, timestamp, open_high_close_low, volume) VALUES (8, 'DE0006602006', 'G1AG.DE', '22.5', '2018-12-28', 'CLOSE', 0);
INSERT INTO share_price (provider_query_id, isin, symbol, price, timestamp, open_high_close_low, volume) VALUES (8, 'US3795772082', 'GMED.N', '42.95', '2018-12-28', 'CLOSE', 0);
INSERT INTO share_price (provider_query_id, isin, symbol, price, timestamp, open_high_close_low, volume) VALUES (8, 'SE0000103699', 'HEXAb.ST', '408', '2018-12-28', 'CLOSE', 0);
INSERT INTO share_price (provider_query_id, isin, symbol, price, timestamp, open_high_close_low, volume) VALUES (8, 'US42330P1075', 'HLX.N', '5.44', '2018-12-28', 'CLOSE', 0);
INSERT INTO share_price (provider_query_id, isin, symbol, price, timestamp, open_high_close_low, volume) VALUES (8, 'VGG456671053', 'HOLI.OQ', '17.08', '2018-12-28', 'CLOSE', 0);
INSERT INTO share_price (provider_query_id, isin, symbol, price, timestamp, open_high_close_low, volume) VALUES (8, 'US4523271090', 'ILMN.OQ', '298.23', '2018-12-28', 'CLOSE', 0);
INSERT INTO share_price (provider_query_id, isin, symbol, price, timestamp, open_high_close_low, volume) VALUES (8, 'US44980X1090', 'IPGP.OQ', '115', '2018-12-28', 'CLOSE', 0);
INSERT INTO share_price (provider_query_id, isin, symbol, price, timestamp, open_high_close_low, volume) VALUES (8, 'US4627261005', 'IRBT.OQ', '81.32', '2018-12-28', 'CLOSE', 0);
INSERT INTO share_price (provider_query_id, isin, symbol, price, timestamp, open_high_close_low, volume) VALUES (8, 'DE0005488100', 'ISRG.DE', '24.3', '2018-12-28', 'CLOSE', 0);
INSERT INTO share_price (provider_query_id, isin, symbol, price, timestamp, open_high_close_low, volume) VALUES (8, 'US46120E6023', 'ISRG.OQ', '471.2', '2018-12-28', 'CLOSE', 0);
INSERT INTO share_price (provider_query_id, isin, symbol, price, timestamp, open_high_close_low, volume) VALUES (8, 'US4778391049', 'JBT.N', '69.27', '2018-12-28', 'CLOSE', 0);
INSERT INTO share_price (provider_query_id, isin, symbol, price, timestamp, open_high_close_low, volume) VALUES (8, 'DE000A2NB601', 'JENGn.DE', '22.78', '2018-12-28', 'CLOSE', 0);
INSERT INTO share_price (provider_query_id, isin, symbol, price, timestamp, open_high_close_low, volume) VALUES (8, 'CH0100837282', 'KARN.S', '113.4', '2018-12-28', 'CLOSE', 0);
INSERT INTO share_price (provider_query_id, isin, symbol, price, timestamp, open_high_close_low, volume) VALUES (8, 'DE000KGX8881', 'KGX.DE', '44.33', '2018-12-28', 'CLOSE', 0);
INSERT INTO share_price (provider_query_id, isin, symbol, price, timestamp, open_high_close_low, volume) VALUES (8, 'DE0006335003', 'KRNG.DE', '67.5', '2018-12-28', 'CLOSE', 0);
INSERT INTO share_price (provider_query_id, isin, symbol, price, timestamp, open_high_close_low, volume) VALUES (8, 'US5339001068', 'LECO.OQ', '77.33', '2018-12-28', 'CLOSE', 0);
INSERT INTO share_price (provider_query_id, isin, symbol, price, timestamp, open_high_close_low, volume) VALUES (8, 'US5627501092', 'MANH.OQ', '42.08', '2018-12-28', 'CLOSE', 0);
INSERT INTO share_price (provider_query_id, isin, symbol, price, timestamp, open_high_close_low, volume) VALUES (8, 'CA57778L1031', 'MAXR.TO', '16.07', '2018-12-28', 'CLOSE', 0);
INSERT INTO share_price (provider_query_id, isin, symbol, price, timestamp, open_high_close_low, volume) VALUES (8, 'US5950171042', 'MCHP.OQ', '71.64', '2018-12-28', 'CLOSE', 0);
INSERT INTO share_price (provider_query_id, isin, symbol, price, timestamp, open_high_close_low, volume) VALUES (8, 'US57667T1007', 'MTLS.OQ', '20.1', '2018-12-28', 'CLOSE', 0);
INSERT INTO share_price (provider_query_id, isin, symbol, price, timestamp, open_high_close_low, volume) VALUES (8, 'US6365181022', 'NATI.OQ', '44.35', '2018-12-28', 'CLOSE', 0);
INSERT INTO share_price (provider_query_id, isin, symbol, price, timestamp, open_high_close_low, volume) VALUES (8, 'US6556631025', 'NDSN.OQ', '117.6', '2018-12-28', 'CLOSE', 0);
INSERT INTO share_price (provider_query_id, isin, symbol, price, timestamp, open_high_close_low, volume) VALUES (8, 'CA67000B1040', 'NOVT.OQ', '62.11', '2018-12-28', 'CLOSE', 0);
INSERT INTO share_price (provider_query_id, isin, symbol, price, timestamp, open_high_close_low, volume) VALUES (8, 'US67020Y1001', 'NUAN.OQ', '13.07', '2018-12-28', 'CLOSE', 0);
INSERT INTO share_price (provider_query_id, isin, symbol, price, timestamp, open_high_close_low, volume) VALUES (8, 'US67066G1040', 'NVDA.OQ', '133.65', '2018-12-28', 'CLOSE', 0);
INSERT INTO share_price (provider_query_id, isin, symbol, price, timestamp, open_high_close_low, volume) VALUES (8, 'GB00B3MBS747', 'OCDO.L', '7.68', '2018-12-28', 'CLOSE', 0);
INSERT INTO share_price (provider_query_id, isin, symbol, price, timestamp, open_high_close_low, volume) VALUES (8, 'US6752321025', 'OII.N', '12.03', '2018-12-28', 'CLOSE', 0);
INSERT INTO share_price (provider_query_id, isin, symbol, price, timestamp, open_high_close_low, volume) VALUES (8, 'US69370C1009', 'PTC.OQ', '82.34', '2018-12-28', 'CLOSE', 0);
INSERT INTO share_price (provider_query_id, isin, symbol, price, timestamp, open_high_close_low, volume) VALUES (8, 'US7475251036', 'QCOM.OQ', '56.81', '2018-12-28', 'CLOSE', 0);
INSERT INTO share_price (provider_query_id, isin, symbol, price, timestamp, open_high_close_low, volume) VALUES (8, 'NL0012169213', 'QGEN.N', '33.92', '2018-12-28', 'CLOSE', 0);
INSERT INTO share_price (provider_query_id, isin, symbol, price, timestamp, open_high_close_low, volume) VALUES (8, 'US7542121089', 'RAVN.OQ', '36.23', '2018-12-28', 'CLOSE', 0);
INSERT INTO share_price (provider_query_id, isin, symbol, price, timestamp, open_high_close_low, volume) VALUES (8, 'US7739031091', 'ROK.N', '148.92', '2018-12-28', 'CLOSE', 0);
INSERT INTO share_price (provider_query_id, isin, symbol, price, timestamp, open_high_close_low, volume) VALUES (8, 'GB0007323586', 'RSW.L', '42.36', '2018-12-28', 'CLOSE', 0);
INSERT INTO share_price (provider_query_id, isin, symbol, price, timestamp, open_high_close_low, volume) VALUES (8, 'FR0000121972', 'SCHN.PA', '59.32', '2018-12-28', 'CLOSE', 0);
INSERT INTO share_price (provider_query_id, isin, symbol, price, timestamp, open_high_close_low, volume) VALUES (8, 'DE0007236101', 'SIEGn.DE', '97.38', '2018-12-28', 'CLOSE', 0);
INSERT INTO share_price (provider_query_id, isin, symbol, price, timestamp, open_high_close_low, volume) VALUES (8, 'IL0011267213', 'SSYS.OQ', '18.22', '2018-12-28', 'CLOSE', 0);
INSERT INTO share_price (provider_query_id, isin, symbol, price, timestamp, open_high_close_low, volume) VALUES (8, 'US8793601050', 'TDY.N', '202.77', '2018-12-28', 'CLOSE', 0);
INSERT INTO share_price (provider_query_id, isin, symbol, price, timestamp, open_high_close_low, volume) VALUES (8, 'CH0012100191', 'TECN.S', '190.8', '2018-12-28', 'CLOSE', 0);
INSERT INTO share_price (provider_query_id, isin, symbol, price, timestamp, open_high_close_low, volume) VALUES (8, 'US8807701029', 'TER.OQ', '31.19', '2018-12-28', 'CLOSE', 0);
INSERT INTO share_price (provider_query_id, isin, symbol, price, timestamp, open_high_close_low, volume) VALUES (8, 'US8962391004', 'TRMB.OQ', '31.94', '2018-12-28', 'CLOSE', 0);
INSERT INTO share_price (provider_query_id, isin, symbol, price, timestamp, open_high_close_low, volume) VALUES (8, 'US92220P1057', 'VAR.N', '111.99', '2018-12-28', 'CLOSE', 0);
INSERT INTO share_price (provider_query_id, isin, symbol, price, timestamp, open_high_close_low, volume) VALUES (8, 'US9839191015', 'XLNX.OQ', '84.34', '2018-12-28', 'CLOSE', 0);
INSERT INTO share_price (provider_query_id, isin, symbol, price, timestamp, open_high_close_low, volume) VALUES (8, 'US9892071054', 'ZBRA.OQ', '155.97', '2018-12-28', 'CLOSE', 0);

INSERT INTO share_price (provider_query_id, isin, symbol, price, timestamp, open_high_close_low, volume) VALUES (8, 'KR7098460009', '098460.KQ', '82500', '2018-12-31', 'CLOSE', 0);
INSERT INTO share_price (provider_query_id, isin, symbol, price, timestamp, open_high_close_low, volume) VALUES (8, 'KYG014081064', '1590.TW', '300.5', '2018-12-31', 'CLOSE', 0);
INSERT INTO share_price (provider_query_id, isin, symbol, price, timestamp, open_high_close_low, volume) VALUES (8, 'TW0002049004', '2049.TW', '221', '2018-12-31', 'CLOSE', 0);
INSERT INTO share_price (provider_query_id, isin, symbol, price, timestamp, open_high_close_low, volume) VALUES (8, 'TW0002308004', '2308.TW', '129.5', '2018-12-31', 'CLOSE', 0);
INSERT INTO share_price (provider_query_id, isin, symbol, price, timestamp, open_high_close_low, volume) VALUES (8, 'TW0002395001', '2395.TW', '210.5', '2018-12-31', 'CLOSE', 0);
INSERT INTO share_price (provider_query_id, isin, symbol, price, timestamp, open_high_close_low, volume) VALUES (8, 'TW0003443008', '3443.TW', '206', '2018-12-31', 'CLOSE', 0);
INSERT INTO share_price (provider_query_id, isin, symbol, price, timestamp, open_high_close_low, volume) VALUES (8, 'JP3592600005', '6104.T', '1965', '2018-12-31', 'CLOSE', 0);
INSERT INTO share_price (provider_query_id, isin, symbol, price, timestamp, open_high_close_low, volume) VALUES (8, 'JP3809200003', '6134.T', '1290', '2018-12-31', 'CLOSE', 0);
INSERT INTO share_price (provider_query_id, isin, symbol, price, timestamp, open_high_close_low, volume) VALUES (8, 'JP3651210001', '6268.T', '2396', '2018-12-31', 'CLOSE', 0);
INSERT INTO share_price (provider_query_id, isin, symbol, price, timestamp, open_high_close_low, volume) VALUES (8, 'JP3162600005', '6273.T', '33240', '2018-12-31', 'CLOSE', 0);
INSERT INTO share_price (provider_query_id, isin, symbol, price, timestamp, open_high_close_low, volume) VALUES (8, 'JP3765150002', '6324.T', '3010', '2018-12-31', 'CLOSE', 0);
INSERT INTO share_price (provider_query_id, isin, symbol, price, timestamp, open_high_close_low, volume) VALUES (8, 'JP3497400006', '6383.T', '5020', '2018-12-31', 'CLOSE', 0);
INSERT INTO share_price (provider_query_id, isin, symbol, price, timestamp, open_high_close_low, volume) VALUES (8, 'JP3124400007', '6436.T', '2128', '2018-12-31', 'CLOSE', 0);
INSERT INTO share_price (provider_query_id, isin, symbol, price, timestamp, open_high_close_low, volume) VALUES (8, 'JP3813200007', '6474.T', '3825', '2018-12-31', 'CLOSE', 0);
INSERT INTO share_price (provider_query_id, isin, symbol, price, timestamp, open_high_close_low, volume) VALUES (8, 'JP3539250005', '6481.T', '2062', '2018-12-31', 'CLOSE', 0);
INSERT INTO share_price (provider_query_id, isin, symbol, price, timestamp, open_high_close_low, volume) VALUES (8, 'JP3944500002', '6482.T', '846', '2018-12-31', 'CLOSE', 0);
INSERT INTO share_price (provider_query_id, isin, symbol, price, timestamp, open_high_close_low, volume) VALUES (8, 'JP3902400005', '6503.T', '1216.5', '2018-12-31', 'CLOSE', 0);
INSERT INTO share_price (provider_query_id, isin, symbol, price, timestamp, open_high_close_low, volume) VALUES (8, 'JP3932000007', '6506.T', '2698', '2018-12-31', 'CLOSE', 0);
INSERT INTO share_price (provider_query_id, isin, symbol, price, timestamp, open_high_close_low, volume) VALUES (8, 'JP3497800007', '6622.T', '2211', '2018-12-31', 'CLOSE', 0);
INSERT INTO share_price (provider_query_id, isin, symbol, price, timestamp, open_high_close_low, volume) VALUES (8, 'JP3197800000', '6645.T', '4000', '2018-12-31', 'CLOSE', 0);
INSERT INTO share_price (provider_query_id, isin, symbol, price, timestamp, open_high_close_low, volume) VALUES (8, 'JP3955000009', '6841.T', '1901', '2018-12-31', 'CLOSE', 0);
INSERT INTO share_price (provider_query_id, isin, symbol, price, timestamp, open_high_close_low, volume) VALUES (8, 'JP3236200006', '6861.T', '55680', '2018-12-31', 'CLOSE', 0);
INSERT INTO share_price (provider_query_id, isin, symbol, price, timestamp, open_high_close_low, volume) VALUES (8, 'JP3197700002', '6914.T', '1706', '2018-12-31', 'CLOSE', 0);
INSERT INTO share_price (provider_query_id, isin, symbol, price, timestamp, open_high_close_low, volume) VALUES (8, 'JP3802400006', '6954.T', '16670', '2018-12-31', 'CLOSE', 0);
INSERT INTO share_price (provider_query_id, isin, symbol, price, timestamp, open_high_close_low, volume) VALUES (8, 'JP3630400004', '7732.T', '1463', '2018-12-31', 'CLOSE', 0);
INSERT INTO share_price (provider_query_id, isin, symbol, price, timestamp, open_high_close_low, volume) VALUES (8, 'CH0012221716', 'ABBN.S', '18.695', '2018-12-31', 'CLOSE', 0);
INSERT INTO share_price (provider_query_id, isin, symbol, price, timestamp, open_high_close_low, volume) VALUES (8, 'US0527691069', 'ADSK.OQ', '128.61', '2018-12-31', 'CLOSE', 0);
INSERT INTO share_price (provider_query_id, isin, symbol, price, timestamp, open_high_close_low, volume) VALUES (8, 'DE000A111338', 'AM3D.DE', '9', '2018-12-31', 'CLOSE', 0);
INSERT INTO share_price (provider_query_id, isin, symbol, price, timestamp, open_high_close_low, volume) VALUES (8, 'KYG037AX1015', 'AMBA.OQ', '34.98', '2018-12-31', 'CLOSE', 0);
INSERT INTO share_price (provider_query_id, isin, symbol, price, timestamp, open_high_close_low, volume) VALUES (8, 'JE00B783TY65', 'APTV.N', '61.57', '2018-12-31', 'CLOSE', 0);
INSERT INTO share_price (provider_query_id, isin, symbol, price, timestamp, open_high_close_low, volume) VALUES (8, 'US0043971052', 'ARAY.OQ', '3.41', '2018-12-31', 'CLOSE', 0);
INSERT INTO share_price (provider_query_id, isin, symbol, price, timestamp, open_high_close_low, volume) VALUES (8, 'CA0019401052', 'ATA.TO', '14.39', '2018-12-31', 'CLOSE', 0);
INSERT INTO share_price (provider_query_id, isin, symbol, price, timestamp, open_high_close_low, volume) VALUES (8, 'US0080731088', 'AVAV.OQ', '67.95', '2018-12-31', 'CLOSE', 0);
INSERT INTO share_price (provider_query_id, isin, symbol, price, timestamp, open_high_close_low, volume) VALUES (8, 'US0906721065', 'BEAT.OQ', '59.72', '2018-12-31', 'CLOSE', 0);
INSERT INTO share_price (provider_query_id, isin, symbol, price, timestamp, open_high_close_low, volume) VALUES (8, 'US1143401024', 'BRKS.OQ', '26.18', '2018-12-31', 'CLOSE', 0);
INSERT INTO share_price (provider_query_id, isin, symbol, price, timestamp, open_high_close_low, volume) VALUES (8, 'US1273871087', 'CDNS.OQ', '43.48', '2018-12-31', 'CLOSE', 0);
INSERT INTO share_price (provider_query_id, isin, symbol, price, timestamp, open_high_close_low, volume) VALUES (8, 'FI0009013429', 'CGCBV.HE', '26.72', '2018-12-31', 'CLOSE', 0);
INSERT INTO share_price (provider_query_id, isin, symbol, price, timestamp, open_high_close_low, volume) VALUES (8, 'US1924221039', 'CGNX.OQ', '38.67', '2018-12-31', 'CLOSE', 0);
INSERT INTO share_price (provider_query_id, isin, symbol, price, timestamp, open_high_close_low, volume) VALUES (8, 'FR0000130650', 'DAST.PA', '103.7', '2018-12-31', 'CLOSE', 0);
INSERT INTO share_price (provider_query_id, isin, symbol, price, timestamp, open_high_close_low, volume) VALUES (8, 'US88554D2053', 'DDD.N', '10.17', '2018-12-31', 'CLOSE', 0);
INSERT INTO share_price (provider_query_id, isin, symbol, price, timestamp, open_high_close_low, volume) VALUES (8, 'US2441991054', 'DE.N', '149.17', '2018-12-31', 'CLOSE', 0);
INSERT INTO share_price (provider_query_id, isin, symbol, price, timestamp, open_high_close_low, volume) VALUES (8, 'DE0005565204', 'DUEG.DE', '30.53', '2018-12-31', 'CLOSE', 0);
INSERT INTO share_price (provider_query_id, isin, symbol, price, timestamp, open_high_close_low, volume) VALUES (8, 'SE0000163628', 'EKTAb.ST', '105.35', '2018-12-31', 'CLOSE', 0);
INSERT INTO share_price (provider_query_id, isin, symbol, price, timestamp, open_high_close_low, volume) VALUES (8, 'US3116421021', 'FARO.OQ', '40.64', '2018-12-31', 'CLOSE', 0);
INSERT INTO share_price (provider_query_id, isin, symbol, price, timestamp, open_high_close_low, volume) VALUES (8, 'US3024451011', 'FLIR.OQ', '43.54', '2018-12-31', 'CLOSE', 0);
INSERT INTO share_price (provider_query_id, isin, symbol, price, timestamp, open_high_close_low, volume) VALUES (8, 'DE0006602006', 'G1AG.DE', '22.5', '2018-12-31', 'CLOSE', 0);
INSERT INTO share_price (provider_query_id, isin, symbol, price, timestamp, open_high_close_low, volume) VALUES (8, 'US3795772082', 'GMED.N', '43.28', '2018-12-31', 'CLOSE', 0);
INSERT INTO share_price (provider_query_id, isin, symbol, price, timestamp, open_high_close_low, volume) VALUES (8, 'SE0000103699', 'HEXAb.ST', '408', '2018-12-31', 'CLOSE', 0);
INSERT INTO share_price (provider_query_id, isin, symbol, price, timestamp, open_high_close_low, volume) VALUES (8, 'US42330P1075', 'HLX.N', '5.41', '2018-12-31', 'CLOSE', 0);
INSERT INTO share_price (provider_query_id, isin, symbol, price, timestamp, open_high_close_low, volume) VALUES (8, 'VGG456671053', 'HOLI.OQ', '17.51', '2018-12-31', 'CLOSE', 0);
INSERT INTO share_price (provider_query_id, isin, symbol, price, timestamp, open_high_close_low, volume) VALUES (8, 'US4523271090', 'ILMN.OQ', '299.93', '2018-12-31', 'CLOSE', 0);
INSERT INTO share_price (provider_query_id, isin, symbol, price, timestamp, open_high_close_low, volume) VALUES (8, 'US44980X1090', 'IPGP.OQ', '113.29', '2018-12-31', 'CLOSE', 0);
INSERT INTO share_price (provider_query_id, isin, symbol, price, timestamp, open_high_close_low, volume) VALUES (8, 'US4627261005', 'IRBT.OQ', '83.74', '2018-12-31', 'CLOSE', 0);
INSERT INTO share_price (provider_query_id, isin, symbol, price, timestamp, open_high_close_low, volume) VALUES (8, 'DE0005488100', 'ISRG.DE', '24.3', '2018-12-31', 'CLOSE', 0);
INSERT INTO share_price (provider_query_id, isin, symbol, price, timestamp, open_high_close_low, volume) VALUES (8, 'US46120E6023', 'ISRG.OQ', '478.92', '2018-12-31', 'CLOSE', 0);
INSERT INTO share_price (provider_query_id, isin, symbol, price, timestamp, open_high_close_low, volume) VALUES (8, 'US4778391049', 'JBT.N', '71.81', '2018-12-31', 'CLOSE', 0);
INSERT INTO share_price (provider_query_id, isin, symbol, price, timestamp, open_high_close_low, volume) VALUES (8, 'DE000A2NB601', 'JENGn.DE', '22.78', '2018-12-31', 'CLOSE', 0);
INSERT INTO share_price (provider_query_id, isin, symbol, price, timestamp, open_high_close_low, volume) VALUES (8, 'CH0100837282', 'KARN.S', '113.4', '2018-12-31', 'CLOSE', 0);
INSERT INTO share_price (provider_query_id, isin, symbol, price, timestamp, open_high_close_low, volume) VALUES (8, 'DE000KGX8881', 'KGX.DE', '44.33', '2018-12-31', 'CLOSE', 0);
INSERT INTO share_price (provider_query_id, isin, symbol, price, timestamp, open_high_close_low, volume) VALUES (8, 'DE0006335003', 'KRNG.DE', '67.5', '2018-12-31', 'CLOSE', 0);
INSERT INTO share_price (provider_query_id, isin, symbol, price, timestamp, open_high_close_low, volume) VALUES (8, 'US5339001068', 'LECO.OQ', '78.85', '2018-12-31', 'CLOSE', 0);
INSERT INTO share_price (provider_query_id, isin, symbol, price, timestamp, open_high_close_low, volume) VALUES (8, 'US5627501092', 'MANH.OQ', '42.37', '2018-12-31', 'CLOSE', 0);
INSERT INTO share_price (provider_query_id, isin, symbol, price, timestamp, open_high_close_low, volume) VALUES (8, 'CA57778L1031', 'MAXR.TO', '16.31', '2018-12-31', 'CLOSE', 0);
INSERT INTO share_price (provider_query_id, isin, symbol, price, timestamp, open_high_close_low, volume) VALUES (8, 'US5950171042', 'MCHP.OQ', '71.92', '2018-12-31', 'CLOSE', 0);
INSERT INTO share_price (provider_query_id, isin, symbol, price, timestamp, open_high_close_low, volume) VALUES (8, 'US57667T1007', 'MTLS.OQ', '20.03', '2018-12-31', 'CLOSE', 0);
INSERT INTO share_price (provider_query_id, isin, symbol, price, timestamp, open_high_close_low, volume) VALUES (8, 'US6365181022', 'NATI.OQ', '45.38', '2018-12-31', 'CLOSE', 0);
INSERT INTO share_price (provider_query_id, isin, symbol, price, timestamp, open_high_close_low, volume) VALUES (8, 'US6556631025', 'NDSN.OQ', '119.35', '2018-12-31', 'CLOSE', 0);
INSERT INTO share_price (provider_query_id, isin, symbol, price, timestamp, open_high_close_low, volume) VALUES (8, 'CA67000B1040', 'NOVT.OQ', '63', '2018-12-31', 'CLOSE', 0);
INSERT INTO share_price (provider_query_id, isin, symbol, price, timestamp, open_high_close_low, volume) VALUES (8, 'US67020Y1001', 'NUAN.OQ', '13.23', '2018-12-31', 'CLOSE', 0);
INSERT INTO share_price (provider_query_id, isin, symbol, price, timestamp, open_high_close_low, volume) VALUES (8, 'US67066G1040', 'NVDA.OQ', '133.5', '2018-12-31', 'CLOSE', 0);
INSERT INTO share_price (provider_query_id, isin, symbol, price, timestamp, open_high_close_low, volume) VALUES (8, 'GB00B3MBS747', 'OCDO.L', '7.9', '2018-12-31', 'CLOSE', 0);
INSERT INTO share_price (provider_query_id, isin, symbol, price, timestamp, open_high_close_low, volume) VALUES (8, 'US6752321025', 'OII.N', '12.1', '2018-12-31', 'CLOSE', 0);
INSERT INTO share_price (provider_query_id, isin, symbol, price, timestamp, open_high_close_low, volume) VALUES (8, 'US69370C1009', 'PTC.OQ', '82.9', '2018-12-31', 'CLOSE', 0);
INSERT INTO share_price (provider_query_id, isin, symbol, price, timestamp, open_high_close_low, volume) VALUES (8, 'US7475251036', 'QCOM.OQ', '56.91', '2018-12-31', 'CLOSE', 0);
INSERT INTO share_price (provider_query_id, isin, symbol, price, timestamp, open_high_close_low, volume) VALUES (8, 'NL0012169213', 'QGEN.N', '34.45', '2018-12-31', 'CLOSE', 0);
INSERT INTO share_price (provider_query_id, isin, symbol, price, timestamp, open_high_close_low, volume) VALUES (8, 'US7542121089', 'RAVN.OQ', '36.19', '2018-12-31', 'CLOSE', 0);
INSERT INTO share_price (provider_query_id, isin, symbol, price, timestamp, open_high_close_low, volume) VALUES (8, 'US7739031091', 'ROK.N', '150.48', '2018-12-31', 'CLOSE', 0);
INSERT INTO share_price (provider_query_id, isin, symbol, price, timestamp, open_high_close_low, volume) VALUES (8, 'GB0007323586', 'RSW.L', '42.4', '2018-12-31', 'CLOSE', 0);
INSERT INTO share_price (provider_query_id, isin, symbol, price, timestamp, open_high_close_low, volume) VALUES (8, 'FR0000121972', 'SCHN.PA', '59.72', '2018-12-31', 'CLOSE', 0);
INSERT INTO share_price (provider_query_id, isin, symbol, price, timestamp, open_high_close_low, volume) VALUES (8, 'DE0007236101', 'SIEGn.DE', '97.38', '2018-12-31', 'CLOSE', 0);
INSERT INTO share_price (provider_query_id, isin, symbol, price, timestamp, open_high_close_low, volume) VALUES (8, 'IL0011267213', 'SSYS.OQ', '18.01', '2018-12-31', 'CLOSE', 0);
INSERT INTO share_price (provider_query_id, isin, symbol, price, timestamp, open_high_close_low, volume) VALUES (8, 'US8793601050', 'TDY.N', '207.07', '2018-12-31', 'CLOSE', 0);
INSERT INTO share_price (provider_query_id, isin, symbol, price, timestamp, open_high_close_low, volume) VALUES (8, 'CH0012100191', 'TECN.S', '190.8', '2018-12-31', 'CLOSE', 0);
INSERT INTO share_price (provider_query_id, isin, symbol, price, timestamp, open_high_close_low, volume) VALUES (8, 'US8807701029', 'TER.OQ', '31.38', '2018-12-31', 'CLOSE', 0);
INSERT INTO share_price (provider_query_id, isin, symbol, price, timestamp, open_high_close_low, volume) VALUES (8, 'US8962391004', 'TRMB.OQ', '32.91', '2018-12-31', 'CLOSE', 0);
INSERT INTO share_price (provider_query_id, isin, symbol, price, timestamp, open_high_close_low, volume) VALUES (8, 'US92220P1057', 'VAR.N', '113.31', '2018-12-31', 'CLOSE', 0);
INSERT INTO share_price (provider_query_id, isin, symbol, price, timestamp, open_high_close_low, volume) VALUES (8, 'US9839191015', 'XLNX.OQ', '85.17', '2018-12-31', 'CLOSE', 0);
INSERT INTO share_price (provider_query_id, isin, symbol, price, timestamp, open_high_close_low, volume) VALUES (8, 'US9892071054', 'ZBRA.OQ', '159.23', '2018-12-31', 'CLOSE', 0);

INSERT INTO provider_query (provider_id, provider_query_id, share_exchange, name) VALUES (4, 9, 1, 'Reuters Closing Dummy');

INSERT INTO provider_query_exchange_rate (provider_query_id, currency_from, currency_to)
(SELECT 9, ps1.currency, 'USD' FROM provider_symbol ps1 WHERE ps1.provider_id = 4 GROUP BY ps1.currency);

INSERT INTO exchange_rate (currency_to, provider_query_id, currency_from, rate, timestamp) VALUES ('USD', 9, 'KRW', 0.0008921, '2018-11-30');
INSERT INTO exchange_rate (currency_to, provider_query_id, currency_from, rate, timestamp) VALUES ('USD', 9, 'TWD', 0.032465951, '2018-11-30');
INSERT INTO exchange_rate (currency_to, provider_query_id, currency_from, rate, timestamp) VALUES ('USD', 9, 'JPY', 0.008806693, '2018-11-30');
INSERT INTO exchange_rate (currency_to, provider_query_id, currency_from, rate, timestamp) VALUES ('USD', 9, 'SEK', 0.109876828, '2018-11-30');
INSERT INTO exchange_rate (currency_to, provider_query_id, currency_from, rate, timestamp) VALUES ('USD', 9, 'CAD', 0.752388835, '2018-11-30');
INSERT INTO exchange_rate (currency_to, provider_query_id, currency_from, rate, timestamp) VALUES ('USD', 9, 'ILS', 0.268172006, '2018-11-30');
INSERT INTO exchange_rate (currency_to, provider_query_id, currency_from, rate, timestamp) VALUES ('USD', 9, 'GBP', 1.2759, '2018-11-30');
INSERT INTO exchange_rate (currency_to, provider_query_id, currency_from, rate, timestamp) VALUES ('USD', 9, 'EUR', 1.13225, '2018-11-30');
INSERT INTO exchange_rate (currency_to, provider_query_id, currency_from, rate, timestamp) VALUES ('USD', 9, 'CHF', 1.000650423, '2018-11-30');
INSERT INTO exchange_rate (currency_to, provider_query_id, currency_from, rate, timestamp) VALUES ('USD', 9, 'USD', 1, '2018-11-30');

INSERT INTO exchange_rate (currency_to, provider_query_id, currency_from, rate, timestamp) VALUES ('USD', 9, 'KRW', 0.000900374, '2018-12-03');
INSERT INTO exchange_rate (currency_to, provider_query_id, currency_from, rate, timestamp) VALUES ('USD', 9, 'TWD', 0.032534079, '2018-12-03');
INSERT INTO exchange_rate (currency_to, provider_query_id, currency_from, rate, timestamp) VALUES ('USD', 9, 'JPY', 0.008802429, '2018-12-03');
INSERT INTO exchange_rate (currency_to, provider_query_id, currency_from, rate, timestamp) VALUES ('USD', 9, 'SEK', 0.110759757, '2018-12-03');
INSERT INTO exchange_rate (currency_to, provider_query_id, currency_from, rate, timestamp) VALUES ('USD', 9, 'CAD', 0.758063905, '2018-12-03');
INSERT INTO exchange_rate (currency_to, provider_query_id, currency_from, rate, timestamp) VALUES ('USD', 9, 'ILS', 0.268600591, '2018-12-03');
INSERT INTO exchange_rate (currency_to, provider_query_id, currency_from, rate, timestamp) VALUES ('USD', 9, 'GBP', 1.2736, '2018-12-03');
INSERT INTO exchange_rate (currency_to, provider_query_id, currency_from, rate, timestamp) VALUES ('USD', 9, 'EUR', 1.13475, '2018-12-03');
INSERT INTO exchange_rate (currency_to, provider_query_id, currency_from, rate, timestamp) VALUES ('USD', 9, 'CHF', 1.001853429, '2018-12-03');
INSERT INTO exchange_rate (currency_to, provider_query_id, currency_from, rate, timestamp) VALUES ('USD', 9, 'USD', 1, '2018-12-03');

INSERT INTO exchange_rate (currency_to, provider_query_id, currency_from, rate, timestamp) VALUES ('USD', 9, 'KRW', 0.00090465, '2018-12-04');
INSERT INTO exchange_rate (currency_to, provider_query_id, currency_from, rate, timestamp) VALUES ('USD', 9, 'TWD', 0.032578596, '2018-12-04');
INSERT INTO exchange_rate (currency_to, provider_query_id, currency_from, rate, timestamp) VALUES ('USD', 9, 'JPY', 0.008848774, '2018-12-04');
INSERT INTO exchange_rate (currency_to, provider_query_id, currency_from, rate, timestamp) VALUES ('USD', 9, 'SEK', 0.111028457, '2018-12-04');
INSERT INTO exchange_rate (currency_to, provider_query_id, currency_from, rate, timestamp) VALUES ('USD', 9, 'CAD', 0.757202893, '2018-12-04');
INSERT INTO exchange_rate (currency_to, provider_query_id, currency_from, rate, timestamp) VALUES ('USD', 9, 'ILS', 0.267845185, '2018-12-04');
INSERT INTO exchange_rate (currency_to, provider_query_id, currency_from, rate, timestamp) VALUES ('USD', 9, 'GBP', 1.2728, '2018-12-04');
INSERT INTO exchange_rate (currency_to, provider_query_id, currency_from, rate, timestamp) VALUES ('USD', 9, 'EUR', 1.13515, '2018-12-04');
INSERT INTO exchange_rate (currency_to, provider_query_id, currency_from, rate, timestamp) VALUES ('USD', 9, 'CHF', 1.002858146, '2018-12-04');
INSERT INTO exchange_rate (currency_to, provider_query_id, currency_from, rate, timestamp) VALUES ('USD', 9, 'USD', 1, '2018-12-04');

INSERT INTO exchange_rate (currency_to, provider_query_id, currency_from, rate, timestamp) VALUES ('USD', 9, 'KRW', 0.000897666, '2018-12-05');
INSERT INTO exchange_rate (currency_to, provider_query_id, currency_from, rate, timestamp) VALUES ('USD', 9, 'TWD', 0.032462263, '2018-12-05');
INSERT INTO exchange_rate (currency_to, provider_query_id, currency_from, rate, timestamp) VALUES ('USD', 9, 'JPY', 0.008838607, '2018-12-05');
INSERT INTO exchange_rate (currency_to, provider_query_id, currency_from, rate, timestamp) VALUES ('USD', 9, 'SEK', 0.11129227, '2018-12-05');
INSERT INTO exchange_rate (currency_to, provider_query_id, currency_from, rate, timestamp) VALUES ('USD', 9, 'CAD', 0.747467952, '2018-12-05');
INSERT INTO exchange_rate (currency_to, provider_query_id, currency_from, rate, timestamp) VALUES ('USD', 9, 'ILS', 0.268398733, '2018-12-05');
INSERT INTO exchange_rate (currency_to, provider_query_id, currency_from, rate, timestamp) VALUES ('USD', 9, 'GBP', 1.27355, '2018-12-05');
INSERT INTO exchange_rate (currency_to, provider_query_id, currency_from, rate, timestamp) VALUES ('USD', 9, 'EUR', 1.1341, '2018-12-05');
INSERT INTO exchange_rate (currency_to, provider_query_id, currency_from, rate, timestamp) VALUES ('USD', 9, 'CHF', 1.001552406, '2018-12-05');
INSERT INTO exchange_rate (currency_to, provider_query_id, currency_from, rate, timestamp) VALUES ('USD', 9, 'USD', 1, '2018-12-05');

INSERT INTO exchange_rate (currency_to, provider_query_id, currency_from, rate, timestamp) VALUES ('USD', 9, 'KRW', 0.000892658, '2018-12-06');
INSERT INTO exchange_rate (currency_to, provider_query_id, currency_from, rate, timestamp) VALUES ('USD', 9, 'TWD', 0.032409658, '2018-12-06');
INSERT INTO exchange_rate (currency_to, provider_query_id, currency_from, rate, timestamp) VALUES ('USD', 9, 'JPY', 0.008899964, '2018-12-06');
INSERT INTO exchange_rate (currency_to, provider_query_id, currency_from, rate, timestamp) VALUES ('USD', 9, 'SEK', 0.111095064, '2018-12-06');
INSERT INTO exchange_rate (currency_to, provider_query_id, currency_from, rate, timestamp) VALUES ('USD', 9, 'CAD', 0.744878957, '2018-12-06');
INSERT INTO exchange_rate (currency_to, provider_query_id, currency_from, rate, timestamp) VALUES ('USD', 9, 'ILS', 0.267526318, '2018-12-06');
INSERT INTO exchange_rate (currency_to, provider_query_id, currency_from, rate, timestamp) VALUES ('USD', 9, 'GBP', 1.2781, '2018-12-06');
INSERT INTO exchange_rate (currency_to, provider_query_id, currency_from, rate, timestamp) VALUES ('USD', 9, 'EUR', 1.13825, '2018-12-06');
INSERT INTO exchange_rate (currency_to, provider_query_id, currency_from, rate, timestamp) VALUES ('USD', 9, 'CHF', 1.008115328, '2018-12-06');
INSERT INTO exchange_rate (currency_to, provider_query_id, currency_from, rate, timestamp) VALUES ('USD', 9, 'USD', 1, '2018-12-06');

INSERT INTO exchange_rate (currency_to, provider_query_id, currency_from, rate, timestamp) VALUES ('USD', 9, 'KRW', 0.000893017, '2018-12-07');
INSERT INTO exchange_rate (currency_to, provider_query_id, currency_from, rate, timestamp) VALUES ('USD', 9, 'TWD', 0.032425947, '2018-12-07');
INSERT INTO exchange_rate (currency_to, provider_query_id, currency_from, rate, timestamp) VALUES ('USD', 9, 'JPY', 0.008873114, '2018-12-07');
INSERT INTO exchange_rate (currency_to, provider_query_id, currency_from, rate, timestamp) VALUES ('USD', 9, 'SEK', 0.110877652, '2018-12-07');
INSERT INTO exchange_rate (currency_to, provider_query_id, currency_from, rate, timestamp) VALUES ('USD', 9, 'CAD', 0.752303931, '2018-12-07');
INSERT INTO exchange_rate (currency_to, provider_query_id, currency_from, rate, timestamp) VALUES ('USD', 9, 'ILS', 0.26786671, '2018-12-07');
INSERT INTO exchange_rate (currency_to, provider_query_id, currency_from, rate, timestamp) VALUES ('USD', 9, 'GBP', 1.2758, '2018-12-07');
INSERT INTO exchange_rate (currency_to, provider_query_id, currency_from, rate, timestamp) VALUES ('USD', 9, 'EUR', 1.1391, '2018-12-07');
INSERT INTO exchange_rate (currency_to, provider_query_id, currency_from, rate, timestamp) VALUES ('USD', 9, 'CHF', 1.008115328, '2018-12-07');
INSERT INTO exchange_rate (currency_to, provider_query_id, currency_from, rate, timestamp) VALUES ('USD', 9, 'USD', 1, '2018-12-07');

INSERT INTO exchange_rate (currency_to, provider_query_id, currency_from, rate, timestamp) VALUES ('USD', 9, 'KRW', 0.000887666, '2018-12-10');
INSERT INTO exchange_rate (currency_to, provider_query_id, currency_from, rate, timestamp) VALUES ('USD', 9, 'TWD', 0.032390238, '2018-12-10');
INSERT INTO exchange_rate (currency_to, provider_query_id, currency_from, rate, timestamp) VALUES ('USD', 9, 'JPY', 0.008851124, '2018-12-10');
INSERT INTO exchange_rate (currency_to, provider_query_id, currency_from, rate, timestamp) VALUES ('USD', 9, 'SEK', 0.110112149, '2018-12-10');
INSERT INTO exchange_rate (currency_to, provider_query_id, currency_from, rate, timestamp) VALUES ('USD', 9, 'CAD', 0.746547219, '2018-12-10');
INSERT INTO exchange_rate (currency_to, provider_query_id, currency_from, rate, timestamp) VALUES ('USD', 9, 'ILS', 0.267001308, '2018-12-10');
INSERT INTO exchange_rate (currency_to, provider_query_id, currency_from, rate, timestamp) VALUES ('USD', 9, 'GBP', 1.253, '2018-12-10');
INSERT INTO exchange_rate (currency_to, provider_query_id, currency_from, rate, timestamp) VALUES ('USD', 9, 'EUR', 1.13765, '2018-12-10');
INSERT INTO exchange_rate (currency_to, provider_query_id, currency_from, rate, timestamp) VALUES ('USD', 9, 'CHF', 1.010662489, '2018-12-10');
INSERT INTO exchange_rate (currency_to, provider_query_id, currency_from, rate, timestamp) VALUES ('USD', 9, 'USD', 1, '2018-12-10');

INSERT INTO exchange_rate (currency_to, provider_query_id, currency_from, rate, timestamp) VALUES ('USD', 9, 'KRW', 0.000884917, '2018-12-11');
INSERT INTO exchange_rate (currency_to, provider_query_id, currency_from, rate, timestamp) VALUES ('USD', 9, 'TWD', 0.032374508, '2018-12-11');
INSERT INTO exchange_rate (currency_to, provider_query_id, currency_from, rate, timestamp) VALUES ('USD', 9, 'JPY', 0.008822621, '2018-12-11');
INSERT INTO exchange_rate (currency_to, provider_query_id, currency_from, rate, timestamp) VALUES ('USD', 9, 'SEK', 0.109989826, '2018-12-11');
INSERT INTO exchange_rate (currency_to, provider_query_id, currency_from, rate, timestamp) VALUES ('USD', 9, 'CAD', 0.745462, '2018-12-11');
INSERT INTO exchange_rate (currency_to, provider_query_id, currency_from, rate, timestamp) VALUES ('USD', 9, 'ILS', 0.26660979, '2018-12-11');
INSERT INTO exchange_rate (currency_to, provider_query_id, currency_from, rate, timestamp) VALUES ('USD', 9, 'GBP', 1.25245, '2018-12-11');
INSERT INTO exchange_rate (currency_to, provider_query_id, currency_from, rate, timestamp) VALUES ('USD', 9, 'EUR', 1.13245, '2018-12-11');
INSERT INTO exchange_rate (currency_to, provider_query_id, currency_from, rate, timestamp) VALUES ('USD', 9, 'CHF', 1.008064516, '2018-12-11');
INSERT INTO exchange_rate (currency_to, provider_query_id, currency_from, rate, timestamp) VALUES ('USD', 9, 'USD', 1, '2018-12-11');

INSERT INTO exchange_rate (currency_to, provider_query_id, currency_from, rate, timestamp) VALUES ('USD', 9, 'KRW', 0.000886171, '2018-12-12');
INSERT INTO exchange_rate (currency_to, provider_query_id, currency_from, rate, timestamp) VALUES ('USD', 9, 'TWD', 0.032397058, '2018-12-12');
INSERT INTO exchange_rate (currency_to, provider_query_id, currency_from, rate, timestamp) VALUES ('USD', 9, 'JPY', 0.008832752, '2018-12-12');
INSERT INTO exchange_rate (currency_to, provider_query_id, currency_from, rate, timestamp) VALUES ('USD', 9, 'SEK', 0.11000495, '2018-12-12');
INSERT INTO exchange_rate (currency_to, provider_query_id, currency_from, rate, timestamp) VALUES ('USD', 9, 'CAD', 0.750075008, '2018-12-12');
INSERT INTO exchange_rate (currency_to, provider_query_id, currency_from, rate, timestamp) VALUES ('USD', 9, 'ILS', 0.266730682, '2018-12-12');
INSERT INTO exchange_rate (currency_to, provider_query_id, currency_from, rate, timestamp) VALUES ('USD', 9, 'GBP', 1.2661, '2018-12-12');
INSERT INTO exchange_rate (currency_to, provider_query_id, currency_from, rate, timestamp) VALUES ('USD', 9, 'EUR', 1.1366, '2018-12-12');
INSERT INTO exchange_rate (currency_to, provider_query_id, currency_from, rate, timestamp) VALUES ('USD', 9, 'CHF', 1.007962907, '2018-12-12');
INSERT INTO exchange_rate (currency_to, provider_query_id, currency_from, rate, timestamp) VALUES ('USD', 9, 'USD', 1, '2018-12-12');

INSERT INTO exchange_rate (currency_to, provider_query_id, currency_from, rate, timestamp) VALUES ('USD', 9, 'KRW', 0.000890076, '2018-12-13');
INSERT INTO exchange_rate (currency_to, provider_query_id, currency_from, rate, timestamp) VALUES ('USD', 9, 'TWD', 0.03241281, '2018-12-13');
INSERT INTO exchange_rate (currency_to, provider_query_id, currency_from, rate, timestamp) VALUES ('USD', 9, 'JPY', 0.008800106, '2018-12-13');
INSERT INTO exchange_rate (currency_to, provider_query_id, currency_from, rate, timestamp) VALUES ('USD', 9, 'SEK', 0.110417322, '2018-12-13');
INSERT INTO exchange_rate (currency_to, provider_query_id, currency_from, rate, timestamp) VALUES ('USD', 9, 'CAD', 0.748783227, '2018-12-13');
INSERT INTO exchange_rate (currency_to, provider_query_id, currency_from, rate, timestamp) VALUES ('USD', 9, 'ILS', 0.265568982, '2018-12-13');
INSERT INTO exchange_rate (currency_to, provider_query_id, currency_from, rate, timestamp) VALUES ('USD', 9, 'GBP', 1.2618, '2018-12-13');
INSERT INTO exchange_rate (currency_to, provider_query_id, currency_from, rate, timestamp) VALUES ('USD', 9, 'EUR', 1.13475, '2018-12-13');
INSERT INTO exchange_rate (currency_to, provider_query_id, currency_from, rate, timestamp) VALUES ('USD', 9, 'CHF', 1.00639058, '2018-12-13');
INSERT INTO exchange_rate (currency_to, provider_query_id, currency_from, rate, timestamp) VALUES ('USD', 9, 'USD', 1, '2018-12-13');

INSERT INTO exchange_rate (currency_to, provider_query_id, currency_from, rate, timestamp) VALUES ('USD', 9, 'KRW', 0.000884369, '2018-12-14');
INSERT INTO exchange_rate (currency_to, provider_query_id, currency_from, rate, timestamp) VALUES ('USD', 9, 'TWD', 0.032395484, '2018-12-14');
INSERT INTO exchange_rate (currency_to, provider_query_id, currency_from, rate, timestamp) VALUES ('USD', 9, 'JPY', 0.008817176, '2018-12-14');
INSERT INTO exchange_rate (currency_to, provider_query_id, currency_from, rate, timestamp) VALUES ('USD', 9, 'SEK', 0.110292496, '2018-12-14');
INSERT INTO exchange_rate (currency_to, provider_query_id, currency_from, rate, timestamp) VALUES ('USD', 9, 'CAD', 0.747859253, '2018-12-14');
INSERT INTO exchange_rate (currency_to, provider_query_id, currency_from, rate, timestamp) VALUES ('USD', 9, 'ILS', 0.265135948, '2018-12-14');
INSERT INTO exchange_rate (currency_to, provider_query_id, currency_from, rate, timestamp) VALUES ('USD', 9, 'GBP', 1.25595, '2018-12-14');
INSERT INTO exchange_rate (currency_to, provider_query_id, currency_from, rate, timestamp) VALUES ('USD', 9, 'EUR', 1.12975, '2018-12-14');
INSERT INTO exchange_rate (currency_to, provider_query_id, currency_from, rate, timestamp) VALUES ('USD', 9, 'CHF', 1.003461944, '2018-12-14');
INSERT INTO exchange_rate (currency_to, provider_query_id, currency_from, rate, timestamp) VALUES ('USD', 9, 'USD', 1, '2018-12-14');

INSERT INTO exchange_rate (currency_to, provider_query_id, currency_from, rate, timestamp) VALUES ('USD', 9, 'KRW', 0.000883861, '2018-12-17');
INSERT INTO exchange_rate (currency_to, provider_query_id, currency_from, rate, timestamp) VALUES ('USD', 9, 'TWD', 0.032397583, '2018-12-17');
INSERT INTO exchange_rate (currency_to, provider_query_id, currency_from, rate, timestamp) VALUES ('USD', 9, 'JPY', 0.008849558, '2018-12-17');
INSERT INTO exchange_rate (currency_to, provider_query_id, currency_from, rate, timestamp) VALUES ('USD', 9, 'SEK', 0.110598059, '2018-12-17');
INSERT INTO exchange_rate (currency_to, provider_query_id, currency_from, rate, timestamp) VALUES ('USD', 9, 'CAD', 0.747523827, '2018-12-17');
INSERT INTO exchange_rate (currency_to, provider_query_id, currency_from, rate, timestamp) VALUES ('USD', 9, 'ILS', 0.26544914, '2018-12-17');
INSERT INTO exchange_rate (currency_to, provider_query_id, currency_from, rate, timestamp) VALUES ('USD', 9, 'GBP', 1.2611, '2018-12-17');
INSERT INTO exchange_rate (currency_to, provider_query_id, currency_from, rate, timestamp) VALUES ('USD', 9, 'EUR', 1.13365, '2018-12-17');
INSERT INTO exchange_rate (currency_to, provider_query_id, currency_from, rate, timestamp) VALUES ('USD', 9, 'CHF', 1.005783254, '2018-12-17');
INSERT INTO exchange_rate (currency_to, provider_query_id, currency_from, rate, timestamp) VALUES ('USD', 9, 'USD', 1, '2018-12-17');

INSERT INTO exchange_rate (currency_to, provider_query_id, currency_from, rate, timestamp) VALUES ('USD', 9, 'KRW', 0.00088523, '2018-12-18');
INSERT INTO exchange_rate (currency_to, provider_query_id, currency_from, rate, timestamp) VALUES ('USD', 9, 'TWD', 0.032396009, '2018-12-18');
INSERT INTO exchange_rate (currency_to, provider_query_id, currency_from, rate, timestamp) VALUES ('USD', 9, 'JPY', 0.008879418, '2018-12-18');
INSERT INTO exchange_rate (currency_to, provider_query_id, currency_from, rate, timestamp) VALUES ('USD', 9, 'SEK', 0.11033387, '2018-12-18');
INSERT INTO exchange_rate (currency_to, provider_query_id, currency_from, rate, timestamp) VALUES ('USD', 9, 'CAD', 0.743853907, '2018-12-18');
INSERT INTO exchange_rate (currency_to, provider_query_id, currency_from, rate, timestamp) VALUES ('USD', 9, 'ILS', 0.26602466, '2018-12-18');
INSERT INTO exchange_rate (currency_to, provider_query_id, currency_from, rate, timestamp) VALUES ('USD', 9, 'GBP', 1.2631, '2018-12-18');
INSERT INTO exchange_rate (currency_to, provider_query_id, currency_from, rate, timestamp) VALUES ('USD', 9, 'EUR', 1.13635, '2018-12-18');
INSERT INTO exchange_rate (currency_to, provider_query_id, currency_from, rate, timestamp) VALUES ('USD', 9, 'CHF', 1.007201491, '2018-12-18');
INSERT INTO exchange_rate (currency_to, provider_query_id, currency_from, rate, timestamp) VALUES ('USD', 9, 'USD', 1, '2018-12-18');

INSERT INTO exchange_rate (currency_to, provider_query_id, currency_from, rate, timestamp) VALUES ('USD', 9, 'KRW', 0.000890076, '2018-12-19');
INSERT INTO exchange_rate (currency_to, provider_query_id, currency_from, rate, timestamp) VALUES ('USD', 9, 'TWD', 0.032452255, '2018-12-19');
INSERT INTO exchange_rate (currency_to, provider_query_id, currency_from, rate, timestamp) VALUES ('USD', 9, 'JPY', 0.008905909, '2018-12-19');
INSERT INTO exchange_rate (currency_to, provider_query_id, currency_from, rate, timestamp) VALUES ('USD', 9, 'SEK', 0.110232315, '2018-12-19');
INSERT INTO exchange_rate (currency_to, provider_query_id, currency_from, rate, timestamp) VALUES ('USD', 9, 'CAD', 0.745239781, '2018-12-19');
INSERT INTO exchange_rate (currency_to, provider_query_id, currency_from, rate, timestamp) VALUES ('USD', 9, 'ILS', 0.266329316, '2018-12-19');
INSERT INTO exchange_rate (currency_to, provider_query_id, currency_from, rate, timestamp) VALUES ('USD', 9, 'GBP', 1.2643, '2018-12-19');
INSERT INTO exchange_rate (currency_to, provider_query_id, currency_from, rate, timestamp) VALUES ('USD', 9, 'EUR', 1.1422, '2018-12-19');
INSERT INTO exchange_rate (currency_to, provider_query_id, currency_from, rate, timestamp) VALUES ('USD', 9, 'CHF', 1.007353682, '2018-12-19');
INSERT INTO exchange_rate (currency_to, provider_query_id, currency_from, rate, timestamp) VALUES ('USD', 9, 'USD', 1, '2018-12-19');

INSERT INTO exchange_rate (currency_to, provider_query_id, currency_from, rate, timestamp) VALUES ('USD', 9, 'KRW', 0.000886721, '2018-12-20');
INSERT INTO exchange_rate (currency_to, provider_query_id, currency_from, rate, timestamp) VALUES ('USD', 9, 'TWD', 0.032423844, '2018-12-20');
INSERT INTO exchange_rate (currency_to, provider_query_id, currency_from, rate, timestamp) VALUES ('USD', 9, 'JPY', 0.008954957, '2018-12-20');
INSERT INTO exchange_rate (currency_to, provider_query_id, currency_from, rate, timestamp) VALUES ('USD', 9, 'SEK', 0.111335018, '2018-12-20');
INSERT INTO exchange_rate (currency_to, provider_query_id, currency_from, rate, timestamp) VALUES ('USD', 9, 'CAD', 0.741097565, '2018-12-20');
INSERT INTO exchange_rate (currency_to, provider_query_id, currency_from, rate, timestamp) VALUES ('USD', 9, 'GBP', 1.2635, '2018-12-20');
INSERT INTO exchange_rate (currency_to, provider_query_id, currency_from, rate, timestamp) VALUES ('USD', 9, 'EUR', 1.1416, '2018-12-20');
INSERT INTO exchange_rate (currency_to, provider_query_id, currency_from, rate, timestamp) VALUES ('USD', 9, 'CHF', 1.006643849, '2018-12-20');
INSERT INTO exchange_rate (currency_to, provider_query_id, currency_from, rate, timestamp) VALUES ('USD', 9, 'USD', 1, '2018-12-20');

INSERT INTO exchange_rate (currency_to, provider_query_id, currency_from, rate, timestamp) VALUES ('USD', 9, 'KRW', 0.000890988, '2018-12-21');
INSERT INTO exchange_rate (currency_to, provider_query_id, currency_from, rate, timestamp) VALUES ('USD', 9, 'TWD', 0.032469641, '2018-12-21');
INSERT INTO exchange_rate (currency_to, provider_query_id, currency_from, rate, timestamp) VALUES ('USD', 9, 'JPY', 0.008997661, '2018-12-21');
INSERT INTO exchange_rate (currency_to, provider_query_id, currency_from, rate, timestamp) VALUES ('USD', 9, 'SEK', 0.111156191, '2018-12-21');
INSERT INTO exchange_rate (currency_to, provider_query_id, currency_from, rate, timestamp) VALUES ('USD', 9, 'CAD', 0.7378168, '2018-12-21');
INSERT INTO exchange_rate (currency_to, provider_query_id, currency_from, rate, timestamp) VALUES ('USD', 9, 'GBP', 1.2674, '2018-12-21');
INSERT INTO exchange_rate (currency_to, provider_query_id, currency_from, rate, timestamp) VALUES ('USD', 9, 'EUR', 1.14135, '2018-12-21');
INSERT INTO exchange_rate (currency_to, provider_query_id, currency_from, rate, timestamp) VALUES ('USD', 9, 'CHF', 1.009387302, '2018-12-21');
INSERT INTO exchange_rate (currency_to, provider_query_id, currency_from, rate, timestamp) VALUES ('USD', 9, 'USD', 1, '2018-12-21');

INSERT INTO exchange_rate (currency_to, provider_query_id, currency_from, rate, timestamp) VALUES ('USD', 9, 'KRW', 0.000888731, '2018-12-24');
INSERT INTO exchange_rate (currency_to, provider_query_id, currency_from, rate, timestamp) VALUES ('USD', 9, 'TWD', 0.032434361, '2018-12-24');
INSERT INTO exchange_rate (currency_to, provider_query_id, currency_from, rate, timestamp) VALUES ('USD', 9, 'JPY', 0.009048545, '2018-12-24');
INSERT INTO exchange_rate (currency_to, provider_query_id, currency_from, rate, timestamp) VALUES ('USD', 9, 'SEK', 0.11064456, '2018-12-24');
INSERT INTO exchange_rate (currency_to, provider_query_id, currency_from, rate, timestamp) VALUES ('USD', 9, 'CAD', 0.735970561, '2018-12-24');
INSERT INTO exchange_rate (currency_to, provider_query_id, currency_from, rate, timestamp) VALUES ('USD', 9, 'GBP', 1.2718, '2018-12-24');
INSERT INTO exchange_rate (currency_to, provider_query_id, currency_from, rate, timestamp) VALUES ('USD', 9, 'EUR', 1.14135, '2018-12-24');
INSERT INTO exchange_rate (currency_to, provider_query_id, currency_from, rate, timestamp) VALUES ('USD', 9, 'CHF', 1.010969014, '2018-12-24');
INSERT INTO exchange_rate (currency_to, provider_query_id, currency_from, rate, timestamp) VALUES ('USD', 9, 'USD', 1, '2018-12-24');

INSERT INTO exchange_rate (currency_to, provider_query_id, currency_from, rate, timestamp) VALUES ('USD', 9, 'KRW', 0.000888731, '2018-12-25');
INSERT INTO exchange_rate (currency_to, provider_query_id, currency_from, rate, timestamp) VALUES ('USD', 9, 'TWD', 0.032434361, '2018-12-25');
INSERT INTO exchange_rate (currency_to, provider_query_id, currency_from, rate, timestamp) VALUES ('USD', 9, 'JPY', 0.009048545, '2018-12-25');
INSERT INTO exchange_rate (currency_to, provider_query_id, currency_from, rate, timestamp) VALUES ('USD', 9, 'SEK', 0.11064456, '2018-12-25');
INSERT INTO exchange_rate (currency_to, provider_query_id, currency_from, rate, timestamp) VALUES ('USD', 9, 'CAD', 0.735970561, '2018-12-25');
INSERT INTO exchange_rate (currency_to, provider_query_id, currency_from, rate, timestamp) VALUES ('USD', 9, 'GBP', 1.2718, '2018-12-25');
INSERT INTO exchange_rate (currency_to, provider_query_id, currency_from, rate, timestamp) VALUES ('USD', 9, 'EUR', 1.14135, '2018-12-25');
INSERT INTO exchange_rate (currency_to, provider_query_id, currency_from, rate, timestamp) VALUES ('USD', 9, 'CHF', 1.010969014, '2018-12-25');
INSERT INTO exchange_rate (currency_to, provider_query_id, currency_from, rate, timestamp) VALUES ('USD', 9, 'USD', 1, '2018-12-25');

INSERT INTO exchange_rate (currency_to, provider_query_id, currency_from, rate, timestamp) VALUES ('USD', 9, 'KRW', 0.000888652, '2018-12-26');
INSERT INTO exchange_rate (currency_to, provider_query_id, currency_from, rate, timestamp) VALUES ('USD', 9, 'TWD', 0.032455414, '2018-12-26');
INSERT INTO exchange_rate (currency_to, provider_query_id, currency_from, rate, timestamp) VALUES ('USD', 9, 'JPY', 0.009064129, '2018-12-26');
INSERT INTO exchange_rate (currency_to, provider_query_id, currency_from, rate, timestamp) VALUES ('USD', 9, 'SEK', 0.110027342, '2018-12-26');
INSERT INTO exchange_rate (currency_to, provider_query_id, currency_from, rate, timestamp) VALUES ('USD', 9, 'CAD', 0.735050902, '2018-12-26');
INSERT INTO exchange_rate (currency_to, provider_query_id, currency_from, rate, timestamp) VALUES ('USD', 9, 'GBP', 1.2673, '2018-12-26');
INSERT INTO exchange_rate (currency_to, provider_query_id, currency_from, rate, timestamp) VALUES ('USD', 9, 'EUR', 1.14075, '2018-12-26');
INSERT INTO exchange_rate (currency_to, provider_query_id, currency_from, rate, timestamp) VALUES ('USD', 9, 'CHF', 1.01061142, '2018-12-26');
INSERT INTO exchange_rate (currency_to, provider_query_id, currency_from, rate, timestamp) VALUES ('USD', 9, 'USD', 1, '2018-12-26');

INSERT INTO exchange_rate (currency_to, provider_query_id, currency_from, rate, timestamp) VALUES ('USD', 9, 'KRW', 0.000892738, '2018-12-27');
INSERT INTO exchange_rate (currency_to, provider_query_id, currency_from, rate, timestamp) VALUES ('USD', 9, 'TWD', 0.032480187, '2018-12-27');
INSERT INTO exchange_rate (currency_to, provider_query_id, currency_from, rate, timestamp) VALUES ('USD', 9, 'JPY', 0.009029753, '2018-12-27');
INSERT INTO exchange_rate (currency_to, provider_query_id, currency_from, rate, timestamp) VALUES ('USD', 9, 'SEK', 0.11074933, '2018-12-27');
INSERT INTO exchange_rate (currency_to, provider_query_id, currency_from, rate, timestamp) VALUES ('USD', 9, 'CAD', 0.733245344, '2018-12-27');
INSERT INTO exchange_rate (currency_to, provider_query_id, currency_from, rate, timestamp) VALUES ('USD', 9, 'GBP', 1.26345, '2018-12-27');
INSERT INTO exchange_rate (currency_to, provider_query_id, currency_from, rate, timestamp) VALUES ('USD', 9, 'EUR', 1.14025, '2018-12-27');
INSERT INTO exchange_rate (currency_to, provider_query_id, currency_from, rate, timestamp) VALUES ('USD', 9, 'CHF', 1.010458243, '2018-12-27');
INSERT INTO exchange_rate (currency_to, provider_query_id, currency_from, rate, timestamp) VALUES ('USD', 9, 'USD', 1, '2018-12-27');

INSERT INTO exchange_rate (currency_to, provider_query_id, currency_from, rate, timestamp) VALUES ('USD', 9, 'KRW', 0.000896218, '2018-12-28');
INSERT INTO exchange_rate (currency_to, provider_query_id, currency_from, rate, timestamp) VALUES ('USD', 9, 'TWD', 0.032534079, '2018-12-28');
INSERT INTO exchange_rate (currency_to, provider_query_id, currency_from, rate, timestamp) VALUES ('USD', 9, 'JPY', 0.00905633, '2018-12-28');
INSERT INTO exchange_rate (currency_to, provider_query_id, currency_from, rate, timestamp) VALUES ('USD', 9, 'SEK', 0.111325103, '2018-12-28');
INSERT INTO exchange_rate (currency_to, provider_query_id, currency_from, rate, timestamp) VALUES ('USD', 9, 'CAD', 0.733406674, '2018-12-28');
INSERT INTO exchange_rate (currency_to, provider_query_id, currency_from, rate, timestamp) VALUES ('USD', 9, 'GBP', 1.26845, '2018-12-28');
INSERT INTO exchange_rate (currency_to, provider_query_id, currency_from, rate, timestamp) VALUES ('USD', 9, 'EUR', 1.14345, '2018-12-28');
INSERT INTO exchange_rate (currency_to, provider_query_id, currency_from, rate, timestamp) VALUES ('USD', 9, 'CHF', 1.015898816, '2018-12-28');
INSERT INTO exchange_rate (currency_to, provider_query_id, currency_from, rate, timestamp) VALUES ('USD', 9, 'USD', 1, '2018-12-28');

INSERT INTO exchange_rate (currency_to, provider_query_id, currency_from, rate, timestamp) VALUES ('USD', 9, 'KRW', 0.000896218, '2018-12-31');
INSERT INTO exchange_rate (currency_to, provider_query_id, currency_from, rate, timestamp) VALUES ('USD', 9, 'TWD', 0.032534079, '2018-12-31');
INSERT INTO exchange_rate (currency_to, provider_query_id, currency_from, rate, timestamp) VALUES ('USD', 9, 'JPY', 0.009114524, '2018-12-31');
INSERT INTO exchange_rate (currency_to, provider_query_id, currency_from, rate, timestamp) VALUES ('USD', 9, 'SEK', 0.112792344, '2018-12-31');
INSERT INTO exchange_rate (currency_to, provider_query_id, currency_from, rate, timestamp) VALUES ('USD', 9, 'CAD', 0.732171621, '2018-12-31');
INSERT INTO exchange_rate (currency_to, provider_query_id, currency_from, rate, timestamp) VALUES ('USD', 9, 'GBP', 1.2736, '2018-12-31');
INSERT INTO exchange_rate (currency_to, provider_query_id, currency_from, rate, timestamp) VALUES ('USD', 9, 'EUR', 1.14315, '2018-12-31');
INSERT INTO exchange_rate (currency_to, provider_query_id, currency_from, rate, timestamp) VALUES ('USD', 9, 'CHF', 1.014404545, '2018-12-31');
INSERT INTO exchange_rate (currency_to, provider_query_id, currency_from, rate, timestamp) VALUES ('USD', 9, 'USD', 1, '2018-12-31');
